quarter,topic,count,total,share
2011Q2,0,5,157,0.03184713375796178
2011Q2,2,5,157,0.03184713375796178
2011Q2,3,8,157,0.050955414012738856
2011Q2,4,5,157,0.03184713375796178
2011Q2,5,4,157,0.025477707006369428
2011Q2,6,1,157,0.006369426751592357
2011Q2,7,4,157,0.025477707006369428
2011Q2,8,1,157,0.006369426751592357
2011Q2,9,10,157,0.06369426751592357
2011Q2,10,2,157,0.012738853503184714
2011Q2,11,6,157,0.03821656050955414
2011Q2,12,3,157,0.01910828025477707
2011Q2,13,10,157,0.06369426751592357
2011Q2,14,1,157,0.006369426751592357
2011Q2,15,5,157,0.03184713375796178
2011Q2,16,2,157,0.012738853503184714
2011Q2,18,1,157,0.006369426751592357
2011Q2,19,6,157,0.03821656050955414
2011Q2,20,1,157,0.006369426751592357
2011Q2,21,3,157,0.01910828025477707
2011Q2,22,3,157,0.01910828025477707
2011Q2,23,2,157,0.012738853503184714
2011Q2,24,1,157,0.006369426751592357
2011Q2,25,1,157,0.006369426751592357
2011Q2,26,2,157,0.012738853503184714
2011Q2,30,4,157,0.025477707006369428
2011Q2,31,7,157,0.044585987261146494
2011Q2,32,2,157,0.012738853503184714
2011Q2,34,4,157,0.025477707006369428
2011Q2,37,1,157,0.006369426751592357
2011Q2,39,3,157,0.01910828025477707
2011Q2,40,2,157,0.012738853503184714
2011Q2,41,6,157,0.03821656050955414
2011Q2,44,3,157,0.01910828025477707
2011Q2,48,5,157,0.03184713375796178
2011Q2,49,2,157,0.012738853503184714
2011Q2,50,3,157,0.01910828025477707
2011Q2,51,3,157,0.01910828025477707
2011Q2,52,1,157,0.006369426751592357
2011Q2,55,1,157,0.006369426751592357
2011Q2,56,4,157,0.025477707006369428
2011Q2,58,1,157,0.006369426751592357
2011Q2,59,2,157,0.012738853503184714
2011Q2,61,4,157,0.025477707006369428
2011Q2,62,1,157,0.006369426751592357
2011Q2,63,2,157,0.012738853503184714
2011Q2,68,3,157,0.01910828025477707
2011Q2,69,1,157,0.006369426751592357
2011Q3,0,8,177,0.04519774011299435
2011Q3,1,1,177,0.005649717514124294
2011Q3,2,3,177,0.01694915254237288
2011Q3,3,2,177,0.011299435028248588
2011Q3,4,4,177,0.022598870056497175
2011Q3,5,3,177,0.01694915254237288
2011Q3,6,5,177,0.02824858757062147
2011Q3,7,3,177,0.01694915254237288
2011Q3,8,3,177,0.01694915254237288
2011Q3,9,1,177,0.005649717514124294
2011Q3,10,14,177,0.07909604519774012
2011Q3,11,5,177,0.02824858757062147
2011Q3,12,1,177,0.005649717514124294
2011Q3,13,7,177,0.03954802259887006
2011Q3,14,6,177,0.03389830508474576
2011Q3,15,2,177,0.011299435028248588
2011Q3,16,2,177,0.011299435028248588
2011Q3,18,4,177,0.022598870056497175
2011Q3,19,3,177,0.01694915254237288
2011Q3,20,1,177,0.005649717514124294
2011Q3,21,1,177,0.005649717514124294
2011Q3,22,5,177,0.02824858757062147
2011Q3,23,2,177,0.011299435028248588
2011Q3,24,1,177,0.005649717514124294
2011Q3,25,3,177,0.01694915254237288
2011Q3,27,4,177,0.022598870056497175
2011Q3,28,3,177,0.01694915254237288
2011Q3,29,7,177,0.03954802259887006
2011Q3,30,1,177,0.005649717514124294
2011Q3,31,9,177,0.05084745762711865
2011Q3,33,2,177,0.011299435028248588
2011Q3,34,2,177,0.011299435028248588
2011Q3,35,3,177,0.01694915254237288
2011Q3,36,4,177,0.022598870056497175
2011Q3,37,4,177,0.022598870056497175
2011Q3,38,1,177,0.005649717514124294
2011Q3,39,2,177,0.011299435028248588
2011Q3,40,5,177,0.02824858757062147
2011Q3,41,5,177,0.02824858757062147
2011Q3,42,2,177,0.011299435028248588
2011Q3,44,2,177,0.011299435028248588
2011Q3,45,2,177,0.011299435028248588
2011Q3,46,1,177,0.005649717514124294
2011Q3,48,5,177,0.02824858757062147
2011Q3,50,1,177,0.005649717514124294
2011Q3,51,2,177,0.011299435028248588
2011Q3,52,3,177,0.01694915254237288
2011Q3,53,1,177,0.005649717514124294
2011Q3,55,2,177,0.011299435028248588
2011Q3,57,1,177,0.005649717514124294
2011Q3,60,2,177,0.011299435028248588
2011Q3,61,1,177,0.005649717514124294
2011Q3,62,1,177,0.005649717514124294
2011Q3,64,2,177,0.011299435028248588
2011Q3,66,1,177,0.005649717514124294
2011Q3,68,5,177,0.02824858757062147
2011Q3,70,1,177,0.005649717514124294
2011Q4,0,2,132,0.015151515151515152
2011Q4,1,6,132,0.045454545454545456
2011Q4,2,5,132,0.03787878787878788
2011Q4,3,1,132,0.007575757575757576
2011Q4,4,6,132,0.045454545454545456
2011Q4,5,7,132,0.05303030303030303
2011Q4,6,2,132,0.015151515151515152
2011Q4,7,3,132,0.022727272727272728
2011Q4,8,6,132,0.045454545454545456
2011Q4,10,3,132,0.022727272727272728
2011Q4,11,2,132,0.015151515151515152
2011Q4,13,2,132,0.015151515151515152
2011Q4,14,1,132,0.007575757575757576
2011Q4,15,7,132,0.05303030303030303
2011Q4,16,1,132,0.007575757575757576
2011Q4,18,3,132,0.022727272727272728
2011Q4,19,1,132,0.007575757575757576
2011Q4,20,2,132,0.015151515151515152
2011Q4,21,5,132,0.03787878787878788
2011Q4,22,2,132,0.015151515151515152
2011Q4,23,2,132,0.015151515151515152
2011Q4,25,7,132,0.05303030303030303
2011Q4,27,1,132,0.007575757575757576
2011Q4,28,1,132,0.007575757575757576
2011Q4,29,2,132,0.015151515151515152
2011Q4,30,9,132,0.06818181818181818
2011Q4,31,4,132,0.030303030303030304
2011Q4,34,1,132,0.007575757575757576
2011Q4,36,2,132,0.015151515151515152
2011Q4,37,2,132,0.015151515151515152
2011Q4,38,1,132,0.007575757575757576
2011Q4,39,2,132,0.015151515151515152
2011Q4,43,2,132,0.015151515151515152
2011Q4,45,2,132,0.015151515151515152
2011Q4,46,2,132,0.015151515151515152
2011Q4,48,1,132,0.007575757575757576
2011Q4,50,3,132,0.022727272727272728
2011Q4,51,3,132,0.022727272727272728
2011Q4,54,5,132,0.03787878787878788
2011Q4,55,1,132,0.007575757575757576
2011Q4,57,3,132,0.022727272727272728
2011Q4,59,3,132,0.022727272727272728
2011Q4,61,1,132,0.007575757575757576
2011Q4,62,2,132,0.015151515151515152
2011Q4,64,2,132,0.015151515151515152
2011Q4,69,1,132,0.007575757575757576
2012Q1,0,7,139,0.050359712230215826
2012Q1,1,4,139,0.02877697841726619
2012Q1,2,8,139,0.05755395683453238
2012Q1,3,5,139,0.03597122302158273
2012Q1,5,8,139,0.05755395683453238
2012Q1,6,3,139,0.02158273381294964
2012Q1,7,1,139,0.007194244604316547
2012Q1,8,14,139,0.10071942446043165
2012Q1,10,1,139,0.007194244604316547
2012Q1,11,8,139,0.05755395683453238
2012Q1,12,1,139,0.007194244604316547
2012Q1,13,4,139,0.02877697841726619
2012Q1,15,1,139,0.007194244604316547
2012Q1,16,2,139,0.014388489208633094
2012Q1,17,1,139,0.007194244604316547
2012Q1,19,2,139,0.014388489208633094
2012Q1,22,3,139,0.02158273381294964
2012Q1,23,6,139,0.04316546762589928
2012Q1,24,2,139,0.014388489208633094
2012Q1,25,4,139,0.02877697841726619
2012Q1,28,3,139,0.02158273381294964
2012Q1,29,1,139,0.007194244604316547
2012Q1,30,1,139,0.007194244604316547
2012Q1,31,12,139,0.08633093525179857
2012Q1,32,1,139,0.007194244604316547
2012Q1,33,1,139,0.007194244604316547
2012Q1,34,1,139,0.007194244604316547
2012Q1,35,1,139,0.007194244604316547
2012Q1,36,1,139,0.007194244604316547
2012Q1,37,1,139,0.007194244604316547
2012Q1,38,3,139,0.02158273381294964
2012Q1,39,1,139,0.007194244604316547
2012Q1,40,1,139,0.007194244604316547
2012Q1,41,2,139,0.014388489208633094
2012Q1,42,1,139,0.007194244604316547
2012Q1,43,1,139,0.007194244604316547
2012Q1,48,1,139,0.007194244604316547
2012Q1,50,1,139,0.007194244604316547
2012Q1,51,1,139,0.007194244604316547
2012Q1,54,7,139,0.050359712230215826
2012Q1,56,3,139,0.02158273381294964
2012Q1,59,1,139,0.007194244604316547
2012Q1,60,1,139,0.007194244604316547
2012Q1,61,2,139,0.014388489208633094
2012Q1,65,2,139,0.014388489208633094
2012Q1,66,2,139,0.014388489208633094
2012Q1,70,1,139,0.007194244604316547
2012Q2,0,4,178,0.02247191011235955
2012Q2,1,4,178,0.02247191011235955
2012Q2,2,4,178,0.02247191011235955
2012Q2,3,4,178,0.02247191011235955
2012Q2,4,7,178,0.03932584269662921
2012Q2,5,5,178,0.028089887640449437
2012Q2,6,5,178,0.028089887640449437
2012Q2,7,2,178,0.011235955056179775
2012Q2,8,4,178,0.02247191011235955
2012Q2,9,6,178,0.033707865168539325
2012Q2,10,5,178,0.028089887640449437
2012Q2,11,5,178,0.028089887640449437
2012Q2,12,2,178,0.011235955056179775
2012Q2,13,10,178,0.056179775280898875
2012Q2,14,3,178,0.016853932584269662
2012Q2,15,8,178,0.0449438202247191
2012Q2,16,5,178,0.028089887640449437
2012Q2,17,1,178,0.0056179775280898875
2012Q2,18,2,178,0.011235955056179775
2012Q2,19,11,178,0.06179775280898876
2012Q2,20,2,178,0.011235955056179775
2012Q2,21,1,178,0.0056179775280898875
2012Q2,22,1,178,0.0056179775280898875
2012Q2,23,13,178,0.07303370786516854
2012Q2,24,2,178,0.011235955056179775
2012Q2,25,2,178,0.011235955056179775
2012Q2,26,3,178,0.016853932584269662
2012Q2,27,1,178,0.0056179775280898875
2012Q2,28,1,178,0.0056179775280898875
2012Q2,29,7,178,0.03932584269662921
2012Q2,30,2,178,0.011235955056179775
2012Q2,34,2,178,0.011235955056179775
2012Q2,35,1,178,0.0056179775280898875
2012Q2,36,1,178,0.0056179775280898875
2012Q2,38,2,178,0.011235955056179775
2012Q2,40,4,178,0.02247191011235955
2012Q2,41,6,178,0.033707865168539325
2012Q2,42,1,178,0.0056179775280898875
2012Q2,45,2,178,0.011235955056179775
2012Q2,48,2,178,0.011235955056179775
2012Q2,49,1,178,0.0056179775280898875
2012Q2,55,2,178,0.011235955056179775
2012Q2,56,7,178,0.03932584269662921
2012Q2,57,1,178,0.0056179775280898875
2012Q2,58,4,178,0.02247191011235955
2012Q2,59,2,178,0.011235955056179775
2012Q2,60,1,178,0.0056179775280898875
2012Q2,61,1,178,0.0056179775280898875
2012Q2,63,3,178,0.016853932584269662
2012Q2,64,3,178,0.016853932584269662
2012Q3,0,7,161,0.043478260869565216
2012Q3,1,5,161,0.031055900621118012
2012Q3,2,4,161,0.024844720496894408
2012Q3,3,2,161,0.012422360248447204
2012Q3,4,6,161,0.037267080745341616
2012Q3,5,7,161,0.043478260869565216
2012Q3,6,4,161,0.024844720496894408
2012Q3,7,1,161,0.006211180124223602
2012Q3,8,6,161,0.037267080745341616
2012Q3,9,3,161,0.018633540372670808
2012Q3,10,5,161,0.031055900621118012
2012Q3,11,4,161,0.024844720496894408
2012Q3,12,2,161,0.012422360248447204
2012Q3,13,3,161,0.018633540372670808
2012Q3,14,1,161,0.006211180124223602
2012Q3,15,7,161,0.043478260869565216
2012Q3,16,1,161,0.006211180124223602
2012Q3,18,6,161,0.037267080745341616
2012Q3,19,2,161,0.012422360248447204
2012Q3,20,1,161,0.006211180124223602
2012Q3,21,4,161,0.024844720496894408
2012Q3,22,2,161,0.012422360248447204
2012Q3,23,2,161,0.012422360248447204
2012Q3,24,1,161,0.006211180124223602
2012Q3,25,4,161,0.024844720496894408
2012Q3,26,2,161,0.012422360248447204
2012Q3,27,6,161,0.037267080745341616
2012Q3,29,2,161,0.012422360248447204
2012Q3,31,5,161,0.031055900621118012
2012Q3,34,7,161,0.043478260869565216
2012Q3,35,1,161,0.006211180124223602
2012Q3,37,2,161,0.012422360248447204
2012Q3,38,5,161,0.031055900621118012
2012Q3,39,2,161,0.012422360248447204
2012Q3,40,3,161,0.018633540372670808
2012Q3,41,2,161,0.012422360248447204
2012Q3,42,1,161,0.006211180124223602
2012Q3,45,3,161,0.018633540372670808
2012Q3,48,1,161,0.006211180124223602
2012Q3,49,1,161,0.006211180124223602
2012Q3,50,2,161,0.012422360248447204
2012Q3,51,2,161,0.012422360248447204
2012Q3,53,2,161,0.012422360248447204
2012Q3,54,1,161,0.006211180124223602
2012Q3,55,1,161,0.006211180124223602
2012Q3,56,2,161,0.012422360248447204
2012Q3,57,1,161,0.006211180124223602
2012Q3,58,2,161,0.012422360248447204
2012Q3,59,1,161,0.006211180124223602
2012Q3,60,1,161,0.006211180124223602
2012Q3,61,3,161,0.018633540372670808
2012Q3,62,3,161,0.018633540372670808
2012Q3,63,1,161,0.006211180124223602
2012Q3,64,1,161,0.006211180124223602
2012Q3,66,1,161,0.006211180124223602
2012Q3,67,4,161,0.024844720496894408
2012Q4,0,5,187,0.026737967914438502
2012Q4,1,11,187,0.058823529411764705
2012Q4,2,4,187,0.0213903743315508
2012Q4,3,3,187,0.016042780748663103
2012Q4,4,3,187,0.016042780748663103
2012Q4,5,4,187,0.0213903743315508
2012Q4,6,4,187,0.0213903743315508
2012Q4,8,7,187,0.0374331550802139
2012Q4,10,4,187,0.0213903743315508
2012Q4,11,1,187,0.0053475935828877
2012Q4,12,5,187,0.026737967914438502
2012Q4,13,4,187,0.0213903743315508
2012Q4,14,1,187,0.0053475935828877
2012Q4,15,1,187,0.0053475935828877
2012Q4,16,3,187,0.016042780748663103
2012Q4,17,1,187,0.0053475935828877
2012Q4,18,6,187,0.03208556149732621
2012Q4,19,2,187,0.0106951871657754
2012Q4,20,3,187,0.016042780748663103
2012Q4,21,8,187,0.0427807486631016
2012Q4,22,4,187,0.0213903743315508
2012Q4,23,3,187,0.016042780748663103
2012Q4,24,1,187,0.0053475935828877
2012Q4,25,4,187,0.0213903743315508
2012Q4,26,3,187,0.016042780748663103
2012Q4,27,4,187,0.0213903743315508
2012Q4,28,3,187,0.016042780748663103
2012Q4,29,2,187,0.0106951871657754
2012Q4,30,2,187,0.0106951871657754
2012Q4,31,11,187,0.058823529411764705
2012Q4,32,4,187,0.0213903743315508
2012Q4,33,1,187,0.0053475935828877
2012Q4,34,1,187,0.0053475935828877
2012Q4,35,5,187,0.026737967914438502
2012Q4,36,2,187,0.0106951871657754
2012Q4,38,2,187,0.0106951871657754
2012Q4,39,2,187,0.0106951871657754
2012Q4,40,3,187,0.016042780748663103
2012Q4,41,3,187,0.016042780748663103
2012Q4,42,3,187,0.016042780748663103
2012Q4,43,2,187,0.0106951871657754
2012Q4,44,1,187,0.0053475935828877
2012Q4,45,1,187,0.0053475935828877
2012Q4,46,2,187,0.0106951871657754
2012Q4,47,5,187,0.026737967914438502
2012Q4,48,2,187,0.0106951871657754
2012Q4,49,6,187,0.03208556149732621
2012Q4,50,2,187,0.0106951871657754
2012Q4,53,1,187,0.0053475935828877
2012Q4,55,2,187,0.0106951871657754
2012Q4,56,3,187,0.016042780748663103
2012Q4,57,2,187,0.0106951871657754
2012Q4,58,2,187,0.0106951871657754
2012Q4,60,2,187,0.0106951871657754
2012Q4,62,1,187,0.0053475935828877
2012Q4,65,3,187,0.016042780748663103
2012Q4,66,1,187,0.0053475935828877
2012Q4,67,1,187,0.0053475935828877
2012Q4,68,2,187,0.0106951871657754
2012Q4,70,3,187,0.016042780748663103
2013Q1,0,9,206,0.043689320388349516
2013Q1,1,6,206,0.02912621359223301
2013Q1,2,3,206,0.014563106796116505
2013Q1,3,3,206,0.014563106796116505
2013Q1,4,10,206,0.04854368932038835
2013Q1,5,2,206,0.009708737864077669
2013Q1,6,4,206,0.019417475728155338
2013Q1,7,3,206,0.014563106796116505
2013Q1,8,2,206,0.009708737864077669
2013Q1,9,12,206,0.05825242718446602
2013Q1,10,8,206,0.038834951456310676
2013Q1,12,6,206,0.02912621359223301
2013Q1,13,3,206,0.014563106796116505
2013Q1,14,2,206,0.009708737864077669
2013Q1,15,6,206,0.02912621359223301
2013Q1,20,2,206,0.009708737864077669
2013Q1,21,4,206,0.019417475728155338
2013Q1,22,9,206,0.043689320388349516
2013Q1,23,4,206,0.019417475728155338
2013Q1,24,8,206,0.038834951456310676
2013Q1,25,2,206,0.009708737864077669
2013Q1,26,4,206,0.019417475728155338
2013Q1,27,1,206,0.0048543689320388345
2013Q1,28,3,206,0.014563106796116505
2013Q1,29,2,206,0.009708737864077669
2013Q1,30,5,206,0.024271844660194174
2013Q1,31,7,206,0.03398058252427184
2013Q1,32,5,206,0.024271844660194174
2013Q1,33,4,206,0.019417475728155338
2013Q1,34,2,206,0.009708737864077669
2013Q1,35,9,206,0.043689320388349516
2013Q1,36,4,206,0.019417475728155338
2013Q1,37,2,206,0.009708737864077669
2013Q1,38,1,206,0.0048543689320388345
2013Q1,39,4,206,0.019417475728155338
2013Q1,40,1,206,0.0048543689320388345
2013Q1,41,5,206,0.024271844660194174
2013Q1,43,4,206,0.019417475728155338
2013Q1,44,3,206,0.014563106796116505
2013Q1,45,3,206,0.014563106796116505
2013Q1,47,1,206,0.0048543689320388345
2013Q1,48,1,206,0.0048543689320388345
2013Q1,49,1,206,0.0048543689320388345
2013Q1,50,3,206,0.014563106796116505
2013Q1,51,2,206,0.009708737864077669
2013Q1,52,4,206,0.019417475728155338
2013Q1,53,1,206,0.0048543689320388345
2013Q1,54,1,206,0.0048543689320388345
2013Q1,55,1,206,0.0048543689320388345
2013Q1,56,1,206,0.0048543689320388345
2013Q1,58,1,206,0.0048543689320388345
2013Q1,60,2,206,0.009708737864077669
2013Q1,62,1,206,0.0048543689320388345
2013Q1,63,1,206,0.0048543689320388345
2013Q1,67,2,206,0.009708737864077669
2013Q1,68,2,206,0.009708737864077669
2013Q1,70,4,206,0.019417475728155338
2013Q2,0,3,234,0.01282051282051282
2013Q2,1,9,234,0.038461538461538464
2013Q2,2,6,234,0.02564102564102564
2013Q2,3,6,234,0.02564102564102564
2013Q2,4,7,234,0.029914529914529916
2013Q2,5,12,234,0.05128205128205128
2013Q2,6,4,234,0.017094017094017096
2013Q2,7,4,234,0.017094017094017096
2013Q2,8,7,234,0.029914529914529916
2013Q2,9,9,234,0.038461538461538464
2013Q2,10,4,234,0.017094017094017096
2013Q2,11,6,234,0.02564102564102564
2013Q2,12,4,234,0.017094017094017096
2013Q2,13,7,234,0.029914529914529916
2013Q2,14,8,234,0.03418803418803419
2013Q2,15,4,234,0.017094017094017096
2013Q2,16,8,234,0.03418803418803419
2013Q2,18,3,234,0.01282051282051282
2013Q2,19,3,234,0.01282051282051282
2013Q2,20,3,234,0.01282051282051282
2013Q2,21,1,234,0.004273504273504274
2013Q2,22,2,234,0.008547008547008548
2013Q2,24,4,234,0.017094017094017096
2013Q2,25,1,234,0.004273504273504274
2013Q2,26,2,234,0.008547008547008548
2013Q2,27,1,234,0.004273504273504274
2013Q2,28,3,234,0.01282051282051282
2013Q2,29,4,234,0.017094017094017096
2013Q2,30,6,234,0.02564102564102564
2013Q2,31,9,234,0.038461538461538464
2013Q2,32,5,234,0.021367521367521368
2013Q2,33,2,234,0.008547008547008548
2013Q2,34,7,234,0.029914529914529916
2013Q2,35,1,234,0.004273504273504274
2013Q2,36,5,234,0.021367521367521368
2013Q2,37,3,234,0.01282051282051282
2013Q2,38,6,234,0.02564102564102564
2013Q2,39,6,234,0.02564102564102564
2013Q2,40,8,234,0.03418803418803419
2013Q2,42,1,234,0.004273504273504274
2013Q2,43,1,234,0.004273504273504274
2013Q2,45,5,234,0.021367521367521368
2013Q2,46,4,234,0.017094017094017096
2013Q2,47,1,234,0.004273504273504274
2013Q2,50,3,234,0.01282051282051282
2013Q2,51,3,234,0.01282051282051282
2013Q2,52,2,234,0.008547008547008548
2013Q2,53,1,234,0.004273504273504274
2013Q2,55,1,234,0.004273504273504274
2013Q2,57,1,234,0.004273504273504274
2013Q2,58,3,234,0.01282051282051282
2013Q2,59,2,234,0.008547008547008548
2013Q2,60,2,234,0.008547008547008548
2013Q2,62,4,234,0.017094017094017096
2013Q2,66,3,234,0.01282051282051282
2013Q2,68,2,234,0.008547008547008548
2013Q2,69,1,234,0.004273504273504274
2013Q2,70,1,234,0.004273504273504274
2013Q3,0,6,210,0.02857142857142857
2013Q3,1,7,210,0.03333333333333333
2013Q3,2,5,210,0.023809523809523808
2013Q3,3,3,210,0.014285714285714285
2013Q3,4,4,210,0.01904761904761905
2013Q3,5,6,210,0.02857142857142857
2013Q3,6,4,210,0.01904761904761905
2013Q3,7,8,210,0.0380952380952381
2013Q3,8,2,210,0.009523809523809525
2013Q3,9,12,210,0.05714285714285714
2013Q3,10,11,210,0.05238095238095238
2013Q3,11,4,210,0.01904761904761905
2013Q3,12,7,210,0.03333333333333333
2013Q3,14,1,210,0.004761904761904762
2013Q3,16,1,210,0.004761904761904762
2013Q3,17,2,210,0.009523809523809525
2013Q3,20,4,210,0.01904761904761905
2013Q3,21,3,210,0.014285714285714285
2013Q3,22,6,210,0.02857142857142857
2013Q3,23,1,210,0.004761904761904762
2013Q3,24,11,210,0.05238095238095238
2013Q3,25,2,210,0.009523809523809525
2013Q3,26,1,210,0.004761904761904762
2013Q3,27,3,210,0.014285714285714285
2013Q3,29,5,210,0.023809523809523808
2013Q3,30,4,210,0.01904761904761905
2013Q3,31,3,210,0.014285714285714285
2013Q3,32,1,210,0.004761904761904762
2013Q3,33,2,210,0.009523809523809525
2013Q3,34,2,210,0.009523809523809525
2013Q3,36,4,210,0.01904761904761905
2013Q3,37,1,210,0.004761904761904762
2013Q3,38,5,210,0.023809523809523808
2013Q3,39,3,210,0.014285714285714285
2013Q3,41,1,210,0.004761904761904762
2013Q3,42,6,210,0.02857142857142857
2013Q3,43,10,210,0.047619047619047616
2013Q3,44,2,210,0.009523809523809525
2013Q3,45,1,210,0.004761904761904762
2013Q3,46,1,210,0.004761904761904762
2013Q3,47,1,210,0.004761904761904762
2013Q3,48,2,210,0.009523809523809525
2013Q3,49,1,210,0.004761904761904762
2013Q3,50,3,210,0.014285714285714285
2013Q3,51,1,210,0.004761904761904762
2013Q3,52,3,210,0.014285714285714285
2013Q3,53,2,210,0.009523809523809525
2013Q3,54,3,210,0.014285714285714285
2013Q3,55,1,210,0.004761904761904762
2013Q3,56,1,210,0.004761904761904762
2013Q3,57,1,210,0.004761904761904762
2013Q3,58,2,210,0.009523809523809525
2013Q3,59,2,210,0.009523809523809525
2013Q3,60,1,210,0.004761904761904762
2013Q3,62,3,210,0.014285714285714285
2013Q3,63,7,210,0.03333333333333333
2013Q3,64,1,210,0.004761904761904762
2013Q3,65,3,210,0.014285714285714285
2013Q3,66,3,210,0.014285714285714285
2013Q3,68,2,210,0.009523809523809525
2013Q3,69,1,210,0.004761904761904762
2013Q3,70,1,210,0.004761904761904762
2013Q4,0,11,245,0.044897959183673466
2013Q4,1,3,245,0.012244897959183673
2013Q4,2,12,245,0.04897959183673469
2013Q4,3,5,245,0.02040816326530612
2013Q4,4,14,245,0.05714285714285714
2013Q4,5,7,245,0.02857142857142857
2013Q4,6,2,245,0.00816326530612245
2013Q4,7,8,245,0.0326530612244898
2013Q4,8,6,245,0.024489795918367346
2013Q4,9,13,245,0.053061224489795916
2013Q4,10,5,245,0.02040816326530612
2013Q4,12,6,245,0.024489795918367346
2013Q4,13,10,245,0.04081632653061224
2013Q4,14,11,245,0.044897959183673466
2013Q4,15,4,245,0.0163265306122449
2013Q4,16,8,245,0.0326530612244898
2013Q4,17,3,245,0.012244897959183673
2013Q4,18,1,245,0.004081632653061225
2013Q4,19,4,245,0.0163265306122449
2013Q4,20,2,245,0.00816326530612245
2013Q4,22,5,245,0.02040816326530612
2013Q4,23,3,245,0.012244897959183673
2013Q4,24,4,245,0.0163265306122449
2013Q4,25,6,245,0.024489795918367346
2013Q4,26,5,245,0.02040816326530612
2013Q4,27,8,245,0.0326530612244898
2013Q4,28,1,245,0.004081632653061225
2013Q4,29,2,245,0.00816326530612245
2013Q4,30,3,245,0.012244897959183673
2013Q4,31,6,245,0.024489795918367346
2013Q4,32,1,245,0.004081632653061225
2013Q4,34,2,245,0.00816326530612245
2013Q4,35,1,245,0.004081632653061225
2013Q4,36,2,245,0.00816326530612245
2013Q4,37,3,245,0.012244897959183673
2013Q4,39,5,245,0.02040816326530612
2013Q4,40,7,245,0.02857142857142857
2013Q4,41,3,245,0.012244897959183673
2013Q4,42,1,245,0.004081632653061225
2013Q4,43,5,245,0.02040816326530612
2013Q4,45,1,245,0.004081632653061225
2013Q4,46,3,245,0.012244897959183673
2013Q4,47,1,245,0.004081632653061225
2013Q4,48,2,245,0.00816326530612245
2013Q4,49,2,245,0.00816326530612245
2013Q4,52,3,245,0.012244897959183673
2013Q4,53,3,245,0.012244897959183673
2013Q4,54,1,245,0.004081632653061225
2013Q4,55,3,245,0.012244897959183673
2013Q4,57,2,245,0.00816326530612245
2013Q4,58,1,245,0.004081632653061225
2013Q4,59,1,245,0.004081632653061225
2013Q4,60,1,245,0.004081632653061225
2013Q4,62,5,245,0.02040816326530612
2013Q4,63,1,245,0.004081632653061225
2013Q4,64,3,245,0.012244897959183673
2013Q4,66,1,245,0.004081632653061225
2013Q4,68,2,245,0.00816326530612245
2013Q4,69,1,245,0.004081632653061225
2014Q1,0,11,355,0.030985915492957747
2014Q1,1,21,355,0.059154929577464786
2014Q1,2,13,355,0.036619718309859155
2014Q1,3,3,355,0.008450704225352112
2014Q1,4,11,355,0.030985915492957747
2014Q1,5,25,355,0.07042253521126761
2014Q1,6,5,355,0.014084507042253521
2014Q1,7,1,355,0.0028169014084507044
2014Q1,8,7,355,0.01971830985915493
2014Q1,9,8,355,0.022535211267605635
2014Q1,10,6,355,0.016901408450704224
2014Q1,11,13,355,0.036619718309859155
2014Q1,12,5,355,0.014084507042253521
2014Q1,13,12,355,0.03380281690140845
2014Q1,14,11,355,0.030985915492957747
2014Q1,15,8,355,0.022535211267605635
2014Q1,16,6,355,0.016901408450704224
2014Q1,17,4,355,0.011267605633802818
2014Q1,18,3,355,0.008450704225352112
2014Q1,19,8,355,0.022535211267605635
2014Q1,20,12,355,0.03380281690140845
2014Q1,21,5,355,0.014084507042253521
2014Q1,22,3,355,0.008450704225352112
2014Q1,23,7,355,0.01971830985915493
2014Q1,24,9,355,0.02535211267605634
2014Q1,25,2,355,0.005633802816901409
2014Q1,26,5,355,0.014084507042253521
2014Q1,27,4,355,0.011267605633802818
2014Q1,28,3,355,0.008450704225352112
2014Q1,29,2,355,0.005633802816901409
2014Q1,30,5,355,0.014084507042253521
2014Q1,31,6,355,0.016901408450704224
2014Q1,32,4,355,0.011267605633802818
2014Q1,33,5,355,0.014084507042253521
2014Q1,34,5,355,0.014084507042253521
2014Q1,35,3,355,0.008450704225352112
2014Q1,36,4,355,0.011267605633802818
2014Q1,37,5,355,0.014084507042253521
2014Q1,38,6,355,0.016901408450704224
2014Q1,39,2,355,0.005633802816901409
2014Q1,40,2,355,0.005633802816901409
2014Q1,41,2,355,0.005633802816901409
2014Q1,42,4,355,0.011267605633802818
2014Q1,43,5,355,0.014084507042253521
2014Q1,46,6,355,0.016901408450704224
2014Q1,47,5,355,0.014084507042253521
2014Q1,48,5,355,0.014084507042253521
2014Q1,49,3,355,0.008450704225352112
2014Q1,50,1,355,0.0028169014084507044
2014Q1,53,1,355,0.0028169014084507044
2014Q1,55,8,355,0.022535211267605635
2014Q1,56,1,355,0.0028169014084507044
2014Q1,58,3,355,0.008450704225352112
2014Q1,59,1,355,0.0028169014084507044
2014Q1,60,2,355,0.005633802816901409
2014Q1,61,2,355,0.005633802816901409
2014Q1,62,6,355,0.016901408450704224
2014Q1,63,1,355,0.0028169014084507044
2014Q1,64,4,355,0.011267605633802818
2014Q1,66,3,355,0.008450704225352112
2014Q1,67,8,355,0.022535211267605635
2014Q1,68,1,355,0.0028169014084507044
2014Q1,69,2,355,0.005633802816901409
2014Q1,70,1,355,0.0028169014084507044
2014Q2,0,16,343,0.04664723032069971
2014Q2,1,21,343,0.061224489795918366
2014Q2,2,5,343,0.014577259475218658
2014Q2,3,1,343,0.0029154518950437317
2014Q2,4,7,343,0.02040816326530612
2014Q2,5,3,343,0.008746355685131196
2014Q2,6,2,343,0.0058309037900874635
2014Q2,7,7,343,0.02040816326530612
2014Q2,8,6,343,0.01749271137026239
2014Q2,9,2,343,0.0058309037900874635
2014Q2,10,10,343,0.029154518950437316
2014Q2,11,10,343,0.029154518950437316
2014Q2,12,4,343,0.011661807580174927
2014Q2,13,4,343,0.011661807580174927
2014Q2,14,12,343,0.03498542274052478
2014Q2,15,7,343,0.02040816326530612
2014Q2,16,14,343,0.04081632653061224
2014Q2,18,2,343,0.0058309037900874635
2014Q2,19,6,343,0.01749271137026239
2014Q2,20,8,343,0.023323615160349854
2014Q2,21,13,343,0.037900874635568516
2014Q2,22,1,343,0.0029154518950437317
2014Q2,24,12,343,0.03498542274052478
2014Q2,25,8,343,0.023323615160349854
2014Q2,26,8,343,0.023323615160349854
2014Q2,27,8,343,0.023323615160349854
2014Q2,29,3,343,0.008746355685131196
2014Q2,30,4,343,0.011661807580174927
2014Q2,31,7,343,0.02040816326530612
2014Q2,32,7,343,0.02040816326530612
2014Q2,33,2,343,0.0058309037900874635
2014Q2,34,7,343,0.02040816326530612
2014Q2,35,8,343,0.023323615160349854
2014Q2,36,5,343,0.014577259475218658
2014Q2,37,5,343,0.014577259475218658
2014Q2,38,5,343,0.014577259475218658
2014Q2,39,1,343,0.0029154518950437317
2014Q2,40,5,343,0.014577259475218658
2014Q2,41,8,343,0.023323615160349854
2014Q2,42,2,343,0.0058309037900874635
2014Q2,44,3,343,0.008746355685131196
2014Q2,45,5,343,0.014577259475218658
2014Q2,46,1,343,0.0029154518950437317
2014Q2,47,1,343,0.0029154518950437317
2014Q2,48,2,343,0.0058309037900874635
2014Q2,49,1,343,0.0029154518950437317
2014Q2,50,3,343,0.008746355685131196
2014Q2,51,5,343,0.014577259475218658
2014Q2,52,2,343,0.0058309037900874635
2014Q2,53,3,343,0.008746355685131196
2014Q2,54,4,343,0.011661807580174927
2014Q2,55,6,343,0.01749271137026239
2014Q2,56,3,343,0.008746355685131196
2014Q2,57,2,343,0.0058309037900874635
2014Q2,58,7,343,0.02040816326530612
2014Q2,59,1,343,0.0029154518950437317
2014Q2,61,7,343,0.02040816326530612
2014Q2,62,2,343,0.0058309037900874635
2014Q2,63,4,343,0.011661807580174927
2014Q2,64,2,343,0.0058309037900874635
2014Q2,65,4,343,0.011661807580174927
2014Q2,67,2,343,0.0058309037900874635
2014Q2,69,2,343,0.0058309037900874635
2014Q2,70,5,343,0.014577259475218658
2014Q3,0,22,370,0.05945945945945946
2014Q3,1,10,370,0.02702702702702703
2014Q3,2,19,370,0.051351351351351354
2014Q3,3,3,370,0.008108108108108109
2014Q3,4,10,370,0.02702702702702703
2014Q3,5,5,370,0.013513513513513514
2014Q3,6,10,370,0.02702702702702703
2014Q3,7,16,370,0.043243243243243246
2014Q3,8,12,370,0.032432432432432434
2014Q3,9,6,370,0.016216216216216217
2014Q3,10,9,370,0.024324324324324326
2014Q3,11,7,370,0.01891891891891892
2014Q3,12,1,370,0.002702702702702703
2014Q3,13,10,370,0.02702702702702703
2014Q3,14,7,370,0.01891891891891892
2014Q3,15,6,370,0.016216216216216217
2014Q3,16,12,370,0.032432432432432434
2014Q3,17,2,370,0.005405405405405406
2014Q3,18,4,370,0.010810810810810811
2014Q3,19,7,370,0.01891891891891892
2014Q3,20,5,370,0.013513513513513514
2014Q3,21,10,370,0.02702702702702703
2014Q3,22,5,370,0.013513513513513514
2014Q3,23,4,370,0.010810810810810811
2014Q3,24,13,370,0.03513513513513514
2014Q3,25,11,370,0.02972972972972973
2014Q3,26,6,370,0.016216216216216217
2014Q3,27,11,370,0.02972972972972973
2014Q3,28,2,370,0.005405405405405406
2014Q3,29,10,370,0.02702702702702703
2014Q3,30,5,370,0.013513513513513514
2014Q3,31,1,370,0.002702702702702703
2014Q3,32,9,370,0.024324324324324326
2014Q3,34,4,370,0.010810810810810811
2014Q3,35,3,370,0.008108108108108109
2014Q3,36,1,370,0.002702702702702703
2014Q3,37,2,370,0.005405405405405406
2014Q3,38,11,370,0.02972972972972973
2014Q3,39,2,370,0.005405405405405406
2014Q3,40,3,370,0.008108108108108109
2014Q3,41,3,370,0.008108108108108109
2014Q3,42,5,370,0.013513513513513514
2014Q3,44,3,370,0.008108108108108109
2014Q3,45,4,370,0.010810810810810811
2014Q3,46,3,370,0.008108108108108109
2014Q3,48,2,370,0.005405405405405406
2014Q3,49,1,370,0.002702702702702703
2014Q3,50,5,370,0.013513513513513514
2014Q3,51,9,370,0.024324324324324326
2014Q3,52,2,370,0.005405405405405406
2014Q3,53,1,370,0.002702702702702703
2014Q3,54,2,370,0.005405405405405406
2014Q3,55,2,370,0.005405405405405406
2014Q3,56,1,370,0.002702702702702703
2014Q3,57,2,370,0.005405405405405406
2014Q3,58,2,370,0.005405405405405406
2014Q3,59,3,370,0.008108108108108109
2014Q3,60,2,370,0.005405405405405406
2014Q3,61,1,370,0.002702702702702703
2014Q3,62,4,370,0.010810810810810811
2014Q3,65,2,370,0.005405405405405406
2014Q3,66,10,370,0.02702702702702703
2014Q3,68,1,370,0.002702702702702703
2014Q3,69,2,370,0.005405405405405406
2014Q3,70,2,370,0.005405405405405406
2014Q4,0,20,365,0.0547945205479452
2014Q4,1,24,365,0.06575342465753424
2014Q4,2,11,365,0.030136986301369864
2014Q4,3,6,365,0.01643835616438356
2014Q4,4,12,365,0.03287671232876712
2014Q4,5,8,365,0.021917808219178082
2014Q4,6,19,365,0.052054794520547946
2014Q4,7,8,365,0.021917808219178082
2014Q4,8,7,365,0.019178082191780823
2014Q4,9,6,365,0.01643835616438356
2014Q4,10,7,365,0.019178082191780823
2014Q4,11,11,365,0.030136986301369864
2014Q4,12,12,365,0.03287671232876712
2014Q4,13,12,365,0.03287671232876712
2014Q4,14,6,365,0.01643835616438356
2014Q4,15,11,365,0.030136986301369864
2014Q4,16,1,365,0.0027397260273972603
2014Q4,17,14,365,0.038356164383561646
2014Q4,18,6,365,0.01643835616438356
2014Q4,19,3,365,0.00821917808219178
2014Q4,20,6,365,0.01643835616438356
2014Q4,21,11,365,0.030136986301369864
2014Q4,22,2,365,0.005479452054794521
2014Q4,23,2,365,0.005479452054794521
2014Q4,24,3,365,0.00821917808219178
2014Q4,25,4,365,0.010958904109589041
2014Q4,26,2,365,0.005479452054794521
2014Q4,27,1,365,0.0027397260273972603
2014Q4,28,4,365,0.010958904109589041
2014Q4,29,7,365,0.019178082191780823
2014Q4,30,4,365,0.010958904109589041
2014Q4,31,9,365,0.024657534246575342
2014Q4,32,7,365,0.019178082191780823
2014Q4,33,10,365,0.0273972602739726
2014Q4,34,7,365,0.019178082191780823
2014Q4,35,1,365,0.0027397260273972603
2014Q4,36,3,365,0.00821917808219178
2014Q4,37,3,365,0.00821917808219178
2014Q4,38,2,365,0.005479452054794521
2014Q4,40,3,365,0.00821917808219178
2014Q4,41,2,365,0.005479452054794521
2014Q4,42,4,365,0.010958904109589041
2014Q4,43,5,365,0.0136986301369863
2014Q4,44,4,365,0.010958904109589041
2014Q4,45,2,365,0.005479452054794521
2014Q4,46,3,365,0.00821917808219178
2014Q4,47,4,365,0.010958904109589041
2014Q4,48,2,365,0.005479452054794521
2014Q4,49,4,365,0.010958904109589041
2014Q4,50,3,365,0.00821917808219178
2014Q4,51,4,365,0.010958904109589041
2014Q4,52,2,365,0.005479452054794521
2014Q4,53,2,365,0.005479452054794521
2014Q4,54,1,365,0.0027397260273972603
2014Q4,56,1,365,0.0027397260273972603
2014Q4,59,2,365,0.005479452054794521
2014Q4,60,2,365,0.005479452054794521
2014Q4,61,3,365,0.00821917808219178
2014Q4,62,1,365,0.0027397260273972603
2014Q4,63,3,365,0.00821917808219178
2014Q4,65,1,365,0.0027397260273972603
2014Q4,66,2,365,0.005479452054794521
2014Q4,67,7,365,0.019178082191780823
2014Q4,68,1,365,0.0027397260273972603
2014Q4,69,1,365,0.0027397260273972603
2014Q4,70,4,365,0.010958904109589041
2015Q1,0,30,385,0.07792207792207792
2015Q1,1,19,385,0.04935064935064935
2015Q1,2,13,385,0.033766233766233764
2015Q1,3,6,385,0.015584415584415584
2015Q1,4,13,385,0.033766233766233764
2015Q1,5,9,385,0.023376623376623377
2015Q1,6,11,385,0.02857142857142857
2015Q1,7,9,385,0.023376623376623377
2015Q1,8,5,385,0.012987012987012988
2015Q1,9,8,385,0.02077922077922078
2015Q1,10,2,385,0.005194805194805195
2015Q1,12,10,385,0.025974025974025976
2015Q1,13,3,385,0.007792207792207792
2015Q1,14,5,385,0.012987012987012988
2015Q1,15,8,385,0.02077922077922078
2015Q1,16,10,385,0.025974025974025976
2015Q1,17,14,385,0.03636363636363636
2015Q1,18,6,385,0.015584415584415584
2015Q1,19,4,385,0.01038961038961039
2015Q1,20,8,385,0.02077922077922078
2015Q1,21,4,385,0.01038961038961039
2015Q1,22,14,385,0.03636363636363636
2015Q1,23,2,385,0.005194805194805195
2015Q1,24,7,385,0.01818181818181818
2015Q1,25,1,385,0.0025974025974025974
2015Q1,26,3,385,0.007792207792207792
2015Q1,27,10,385,0.025974025974025976
2015Q1,28,3,385,0.007792207792207792
2015Q1,29,5,385,0.012987012987012988
2015Q1,30,8,385,0.02077922077922078
2015Q1,31,7,385,0.01818181818181818
2015Q1,32,7,385,0.01818181818181818
2015Q1,33,12,385,0.03116883116883117
2015Q1,34,8,385,0.02077922077922078
2015Q1,35,5,385,0.012987012987012988
2015Q1,36,4,385,0.01038961038961039
2015Q1,37,6,385,0.015584415584415584
2015Q1,39,6,385,0.015584415584415584
2015Q1,40,7,385,0.01818181818181818
2015Q1,41,4,385,0.01038961038961039
2015Q1,42,6,385,0.015584415584415584
2015Q1,43,7,385,0.01818181818181818
2015Q1,44,3,385,0.007792207792207792
2015Q1,45,5,385,0.012987012987012988
2015Q1,46,2,385,0.005194805194805195
2015Q1,47,1,385,0.0025974025974025974
2015Q1,49,3,385,0.007792207792207792
2015Q1,50,2,385,0.005194805194805195
2015Q1,52,3,385,0.007792207792207792
2015Q1,53,2,385,0.005194805194805195
2015Q1,54,1,385,0.0025974025974025974
2015Q1,56,2,385,0.005194805194805195
2015Q1,57,4,385,0.01038961038961039
2015Q1,58,3,385,0.007792207792207792
2015Q1,60,2,385,0.005194805194805195
2015Q1,61,1,385,0.0025974025974025974
2015Q1,62,2,385,0.005194805194805195
2015Q1,64,2,385,0.005194805194805195
2015Q1,65,3,385,0.007792207792207792
2015Q1,67,1,385,0.0025974025974025974
2015Q1,68,4,385,0.01038961038961039
2015Q1,69,2,385,0.005194805194805195
2015Q1,70,8,385,0.02077922077922078
2015Q2,0,16,395,0.04050632911392405
2015Q2,1,9,395,0.02278481012658228
2015Q2,2,6,395,0.015189873417721518
2015Q2,3,4,395,0.010126582278481013
2015Q2,4,8,395,0.020253164556962026
2015Q2,5,7,395,0.017721518987341773
2015Q2,6,4,395,0.010126582278481013
2015Q2,7,15,395,0.0379746835443038
2015Q2,8,10,395,0.02531645569620253
2015Q2,9,4,395,0.010126582278481013
2015Q2,10,5,395,0.012658227848101266
2015Q2,11,14,395,0.035443037974683546
2015Q2,12,15,395,0.0379746835443038
2015Q2,13,7,395,0.017721518987341773
2015Q2,14,8,395,0.020253164556962026
2015Q2,15,6,395,0.015189873417721518
2015Q2,16,14,395,0.035443037974683546
2015Q2,17,1,395,0.002531645569620253
2015Q2,18,8,395,0.020253164556962026
2015Q2,19,8,395,0.020253164556962026
2015Q2,20,6,395,0.015189873417721518
2015Q2,21,8,395,0.020253164556962026
2015Q2,22,6,395,0.015189873417721518
2015Q2,23,11,395,0.027848101265822784
2015Q2,24,7,395,0.017721518987341773
2015Q2,25,4,395,0.010126582278481013
2015Q2,26,7,395,0.017721518987341773
2015Q2,28,2,395,0.005063291139240506
2015Q2,29,4,395,0.010126582278481013
2015Q2,30,4,395,0.010126582278481013
2015Q2,31,15,395,0.0379746835443038
2015Q2,32,9,395,0.02278481012658228
2015Q2,33,15,395,0.0379746835443038
2015Q2,34,2,395,0.005063291139240506
2015Q2,35,1,395,0.002531645569620253
2015Q2,36,4,395,0.010126582278481013
2015Q2,37,5,395,0.012658227848101266
2015Q2,38,2,395,0.005063291139240506
2015Q2,39,19,395,0.04810126582278481
2015Q2,40,3,395,0.007594936708860759
2015Q2,41,4,395,0.010126582278481013
2015Q2,43,9,395,0.02278481012658228
2015Q2,44,2,395,0.005063291139240506
2015Q2,45,4,395,0.010126582278481013
2015Q2,46,2,395,0.005063291139240506
2015Q2,47,4,395,0.010126582278481013
2015Q2,48,2,395,0.005063291139240506
2015Q2,49,3,395,0.007594936708860759
2015Q2,50,8,395,0.020253164556962026
2015Q2,51,7,395,0.017721518987341773
2015Q2,52,5,395,0.012658227848101266
2015Q2,53,3,395,0.007594936708860759
2015Q2,54,1,395,0.002531645569620253
2015Q2,55,4,395,0.010126582278481013
2015Q2,56,2,395,0.005063291139240506
2015Q2,57,2,395,0.005063291139240506
2015Q2,58,3,395,0.007594936708860759
2015Q2,59,6,395,0.015189873417721518
2015Q2,60,2,395,0.005063291139240506
2015Q2,61,1,395,0.002531645569620253
2015Q2,62,1,395,0.002531645569620253
2015Q2,63,2,395,0.005063291139240506
2015Q2,66,2,395,0.005063291139240506
2015Q2,67,7,395,0.017721518987341773
2015Q2,68,4,395,0.010126582278481013
2015Q2,69,1,395,0.002531645569620253
2015Q2,70,1,395,0.002531645569620253
2015Q3,0,20,365,0.0547945205479452
2015Q3,1,26,365,0.07123287671232877
2015Q3,2,14,365,0.038356164383561646
2015Q3,3,5,365,0.0136986301369863
2015Q3,4,13,365,0.03561643835616438
2015Q3,5,7,365,0.019178082191780823
2015Q3,6,6,365,0.01643835616438356
2015Q3,7,6,365,0.01643835616438356
2015Q3,8,10,365,0.0273972602739726
2015Q3,9,10,365,0.0273972602739726
2015Q3,10,5,365,0.0136986301369863
2015Q3,11,7,365,0.019178082191780823
2015Q3,12,11,365,0.030136986301369864
2015Q3,13,2,365,0.005479452054794521
2015Q3,14,8,365,0.021917808219178082
2015Q3,15,4,365,0.010958904109589041
2015Q3,16,8,365,0.021917808219178082
2015Q3,17,8,365,0.021917808219178082
2015Q3,18,5,365,0.0136986301369863
2015Q3,19,7,365,0.019178082191780823
2015Q3,20,8,365,0.021917808219178082
2015Q3,21,5,365,0.0136986301369863
2015Q3,22,6,365,0.01643835616438356
2015Q3,23,8,365,0.021917808219178082
2015Q3,24,9,365,0.024657534246575342
2015Q3,25,4,365,0.010958904109589041
2015Q3,26,8,365,0.021917808219178082
2015Q3,27,9,365,0.024657534246575342
2015Q3,28,5,365,0.0136986301369863
2015Q3,29,4,365,0.010958904109589041
2015Q3,31,8,365,0.021917808219178082
2015Q3,32,5,365,0.0136986301369863
2015Q3,33,7,365,0.019178082191780823
2015Q3,34,3,365,0.00821917808219178
2015Q3,35,4,365,0.010958904109589041
2015Q3,36,3,365,0.00821917808219178
2015Q3,37,3,365,0.00821917808219178
2015Q3,38,1,365,0.0027397260273972603
2015Q3,39,6,365,0.01643835616438356
2015Q3,40,2,365,0.005479452054794521
2015Q3,42,4,365,0.010958904109589041
2015Q3,43,3,365,0.00821917808219178
2015Q3,44,1,365,0.0027397260273972603
2015Q3,45,1,365,0.0027397260273972603
2015Q3,46,1,365,0.0027397260273972603
2015Q3,47,7,365,0.019178082191780823
2015Q3,48,4,365,0.010958904109589041
2015Q3,49,2,365,0.005479452054794521
2015Q3,51,2,365,0.005479452054794521
2015Q3,53,5,365,0.0136986301369863
2015Q3,55,1,365,0.0027397260273972603
2015Q3,56,4,365,0.010958904109589041
2015Q3,57,9,365,0.024657534246575342
2015Q3,58,2,365,0.005479452054794521
2015Q3,60,1,365,0.0027397260273972603
2015Q3,61,7,365,0.019178082191780823
2015Q3,62,3,365,0.00821917808219178
2015Q3,63,6,365,0.01643835616438356
2015Q3,64,2,365,0.005479452054794521
2015Q3,66,1,365,0.0027397260273972603
2015Q3,67,6,365,0.01643835616438356
2015Q3,68,1,365,0.0027397260273972603
2015Q3,70,2,365,0.005479452054794521
2015Q4,0,29,360,0.08055555555555556
2015Q4,1,14,360,0.03888888888888889
2015Q4,2,5,360,0.013888888888888888
2015Q4,3,21,360,0.058333333333333334
2015Q4,4,1,360,0.002777777777777778
2015Q4,5,7,360,0.019444444444444445
2015Q4,6,7,360,0.019444444444444445
2015Q4,7,8,360,0.022222222222222223
2015Q4,8,13,360,0.03611111111111111
2015Q4,9,9,360,0.025
2015Q4,10,2,360,0.005555555555555556
2015Q4,11,14,360,0.03888888888888889
2015Q4,12,13,360,0.03611111111111111
2015Q4,13,6,360,0.016666666666666666
2015Q4,14,8,360,0.022222222222222223
2015Q4,15,16,360,0.044444444444444446
2015Q4,16,8,360,0.022222222222222223
2015Q4,17,2,360,0.005555555555555556
2015Q4,18,6,360,0.016666666666666666
2015Q4,19,8,360,0.022222222222222223
2015Q4,20,6,360,0.016666666666666666
2015Q4,21,6,360,0.016666666666666666
2015Q4,22,6,360,0.016666666666666666
2015Q4,23,6,360,0.016666666666666666
2015Q4,24,3,360,0.008333333333333333
2015Q4,25,4,360,0.011111111111111112
2015Q4,27,5,360,0.013888888888888888
2015Q4,28,4,360,0.011111111111111112
2015Q4,29,3,360,0.008333333333333333
2015Q4,30,2,360,0.005555555555555556
2015Q4,31,6,360,0.016666666666666666
2015Q4,32,6,360,0.016666666666666666
2015Q4,33,7,360,0.019444444444444445
2015Q4,34,10,360,0.027777777777777776
2015Q4,35,5,360,0.013888888888888888
2015Q4,36,3,360,0.008333333333333333
2015Q4,37,2,360,0.005555555555555556
2015Q4,38,2,360,0.005555555555555556
2015Q4,39,4,360,0.011111111111111112
2015Q4,40,3,360,0.008333333333333333
2015Q4,41,5,360,0.013888888888888888
2015Q4,42,5,360,0.013888888888888888
2015Q4,43,3,360,0.008333333333333333
2015Q4,44,1,360,0.002777777777777778
2015Q4,45,5,360,0.013888888888888888
2015Q4,46,1,360,0.002777777777777778
2015Q4,47,3,360,0.008333333333333333
2015Q4,49,6,360,0.016666666666666666
2015Q4,50,3,360,0.008333333333333333
2015Q4,51,2,360,0.005555555555555556
2015Q4,53,3,360,0.008333333333333333
2015Q4,54,6,360,0.016666666666666666
2015Q4,56,1,360,0.002777777777777778
2015Q4,57,1,360,0.002777777777777778
2015Q4,58,3,360,0.008333333333333333
2015Q4,59,1,360,0.002777777777777778
2015Q4,60,2,360,0.005555555555555556
2015Q4,61,4,360,0.011111111111111112
2015Q4,62,1,360,0.002777777777777778
2015Q4,63,3,360,0.008333333333333333
2015Q4,65,1,360,0.002777777777777778
2015Q4,66,1,360,0.002777777777777778
2015Q4,67,2,360,0.005555555555555556
2015Q4,68,2,360,0.005555555555555556
2015Q4,69,3,360,0.008333333333333333
2015Q4,70,2,360,0.005555555555555556
2016Q1,0,21,363,0.05785123966942149
2016Q1,1,11,363,0.030303030303030304
2016Q1,2,12,363,0.03305785123966942
2016Q1,3,4,363,0.011019283746556474
2016Q1,4,7,363,0.01928374655647383
2016Q1,5,6,363,0.01652892561983471
2016Q1,6,9,363,0.024793388429752067
2016Q1,7,17,363,0.046831955922865015
2016Q1,8,8,363,0.02203856749311295
2016Q1,9,2,363,0.005509641873278237
2016Q1,10,2,363,0.005509641873278237
2016Q1,11,3,363,0.008264462809917356
2016Q1,12,24,363,0.06611570247933884
2016Q1,13,7,363,0.01928374655647383
2016Q1,14,4,363,0.011019283746556474
2016Q1,15,5,363,0.013774104683195593
2016Q1,17,6,363,0.01652892561983471
2016Q1,18,15,363,0.04132231404958678
2016Q1,19,13,363,0.03581267217630854
2016Q1,20,12,363,0.03305785123966942
2016Q1,21,8,363,0.02203856749311295
2016Q1,22,4,363,0.011019283746556474
2016Q1,23,7,363,0.01928374655647383
2016Q1,24,2,363,0.005509641873278237
2016Q1,25,10,363,0.027548209366391185
2016Q1,26,3,363,0.008264462809917356
2016Q1,27,7,363,0.01928374655647383
2016Q1,28,7,363,0.01928374655647383
2016Q1,29,1,363,0.0027548209366391185
2016Q1,30,4,363,0.011019283746556474
2016Q1,31,5,363,0.013774104683195593
2016Q1,32,5,363,0.013774104683195593
2016Q1,33,5,363,0.013774104683195593
2016Q1,34,7,363,0.01928374655647383
2016Q1,35,5,363,0.013774104683195593
2016Q1,36,2,363,0.005509641873278237
2016Q1,37,3,363,0.008264462809917356
2016Q1,38,3,363,0.008264462809917356
2016Q1,39,2,363,0.005509641873278237
2016Q1,40,4,363,0.011019283746556474
2016Q1,41,2,363,0.005509641873278237
2016Q1,42,6,363,0.01652892561983471
2016Q1,43,1,363,0.0027548209366391185
2016Q1,44,2,363,0.005509641873278237
2016Q1,46,1,363,0.0027548209366391185
2016Q1,47,10,363,0.027548209366391185
2016Q1,49,4,363,0.011019283746556474
2016Q1,50,1,363,0.0027548209366391185
2016Q1,51,2,363,0.005509641873278237
2016Q1,52,5,363,0.013774104683195593
2016Q1,53,5,363,0.013774104683195593
2016Q1,54,1,363,0.0027548209366391185
2016Q1,55,1,363,0.0027548209366391185
2016Q1,56,5,363,0.013774104683195593
2016Q1,57,5,363,0.013774104683195593
2016Q1,58,1,363,0.0027548209366391185
2016Q1,59,1,363,0.0027548209366391185
2016Q1,60,5,363,0.013774104683195593
2016Q1,61,2,363,0.005509641873278237
2016Q1,62,3,363,0.008264462809917356
2016Q1,63,3,363,0.008264462809917356
2016Q1,64,2,363,0.005509641873278237
2016Q1,66,3,363,0.008264462809917356
2016Q1,68,3,363,0.008264462809917356
2016Q1,69,3,363,0.008264462809917356
2016Q1,70,4,363,0.011019283746556474
2016Q2,0,33,373,0.08847184986595175
2016Q2,1,27,373,0.07238605898123325
2016Q2,2,4,373,0.010723860589812333
2016Q2,3,5,373,0.013404825737265416
2016Q2,4,4,373,0.010723860589812333
2016Q2,5,5,373,0.013404825737265416
2016Q2,6,5,373,0.013404825737265416
2016Q2,7,12,373,0.032171581769437
2016Q2,8,8,373,0.021447721179624665
2016Q2,9,13,373,0.03485254691689008
2016Q2,10,10,373,0.02680965147453083
2016Q2,11,9,373,0.024128686327077747
2016Q2,12,12,373,0.032171581769437
2016Q2,13,3,373,0.00804289544235925
2016Q2,14,6,373,0.0160857908847185
2016Q2,15,4,373,0.010723860589812333
2016Q2,16,9,373,0.024128686327077747
2016Q2,17,5,373,0.013404825737265416
2016Q2,18,5,373,0.013404825737265416
2016Q2,19,10,373,0.02680965147453083
2016Q2,20,8,373,0.021447721179624665
2016Q2,21,8,373,0.021447721179624665
2016Q2,22,6,373,0.0160857908847185
2016Q2,23,7,373,0.01876675603217158
2016Q2,24,3,373,0.00804289544235925
2016Q2,25,3,373,0.00804289544235925
2016Q2,26,9,373,0.024128686327077747
2016Q2,27,4,373,0.010723860589812333
2016Q2,28,2,373,0.005361930294906166
2016Q2,29,5,373,0.013404825737265416
2016Q2,30,6,373,0.0160857908847185
2016Q2,31,1,373,0.002680965147453083
2016Q2,32,5,373,0.013404825737265416
2016Q2,33,5,373,0.013404825737265416
2016Q2,34,6,373,0.0160857908847185
2016Q2,35,7,373,0.01876675603217158
2016Q2,36,15,373,0.040214477211796246
2016Q2,37,3,373,0.00804289544235925
2016Q2,38,10,373,0.02680965147453083
2016Q2,39,2,373,0.005361930294906166
2016Q2,40,1,373,0.002680965147453083
2016Q2,41,1,373,0.002680965147453083
2016Q2,42,1,373,0.002680965147453083
2016Q2,43,3,373,0.00804289544235925
2016Q2,44,4,373,0.010723860589812333
2016Q2,45,6,373,0.0160857908847185
2016Q2,46,1,373,0.002680965147453083
2016Q2,47,3,373,0.00804289544235925
2016Q2,49,1,373,0.002680965147453083
2016Q2,50,11,373,0.029490616621983913
2016Q2,51,2,373,0.005361930294906166
2016Q2,52,2,373,0.005361930294906166
2016Q2,53,3,373,0.00804289544235925
2016Q2,54,7,373,0.01876675603217158
2016Q2,55,1,373,0.002680965147453083
2016Q2,56,1,373,0.002680965147453083
2016Q2,58,1,373,0.002680965147453083
2016Q2,59,2,373,0.005361930294906166
2016Q2,60,1,373,0.002680965147453083
2016Q2,61,1,373,0.002680965147453083
2016Q2,63,1,373,0.002680965147453083
2016Q2,64,1,373,0.002680965147453083
2016Q2,65,5,373,0.013404825737265416
2016Q2,66,2,373,0.005361930294906166
2016Q2,67,2,373,0.005361930294906166
2016Q2,68,4,373,0.010723860589812333
2016Q2,70,1,373,0.002680965147453083
2016Q3,0,25,387,0.06459948320413436
2016Q3,1,16,387,0.041343669250646
2016Q3,2,10,387,0.025839793281653745
2016Q3,4,5,387,0.012919896640826873
2016Q3,5,28,387,0.07235142118863049
2016Q3,6,12,387,0.031007751937984496
2016Q3,7,19,387,0.04909560723514212
2016Q3,8,15,387,0.03875968992248062
2016Q3,9,12,387,0.031007751937984496
2016Q3,10,9,387,0.023255813953488372
2016Q3,11,8,387,0.020671834625323
2016Q3,12,2,387,0.00516795865633075
2016Q3,13,15,387,0.03875968992248062
2016Q3,14,4,387,0.0103359173126615
2016Q3,15,10,387,0.025839793281653745
2016Q3,16,7,387,0.01808785529715762
2016Q3,17,3,387,0.007751937984496124
2016Q3,18,8,387,0.020671834625323
2016Q3,19,4,387,0.0103359173126615
2016Q3,20,11,387,0.028423772609819122
2016Q3,21,13,387,0.03359173126614987
2016Q3,22,3,387,0.007751937984496124
2016Q3,23,4,387,0.0103359173126615
2016Q3,24,2,387,0.00516795865633075
2016Q3,25,3,387,0.007751937984496124
2016Q3,26,9,387,0.023255813953488372
2016Q3,27,3,387,0.007751937984496124
2016Q3,28,4,387,0.0103359173126615
2016Q3,29,4,387,0.0103359173126615
2016Q3,30,1,387,0.002583979328165375
2016Q3,31,6,387,0.015503875968992248
2016Q3,32,2,387,0.00516795865633075
2016Q3,33,4,387,0.0103359173126615
2016Q3,34,14,387,0.03617571059431524
2016Q3,36,5,387,0.012919896640826873
2016Q3,37,3,387,0.007751937984496124
2016Q3,38,1,387,0.002583979328165375
2016Q3,39,4,387,0.0103359173126615
2016Q3,41,3,387,0.007751937984496124
2016Q3,42,5,387,0.012919896640826873
2016Q3,43,3,387,0.007751937984496124
2016Q3,44,1,387,0.002583979328165375
2016Q3,45,4,387,0.0103359173126615
2016Q3,46,9,387,0.023255813953488372
2016Q3,47,2,387,0.00516795865633075
2016Q3,48,2,387,0.00516795865633075
2016Q3,50,2,387,0.00516795865633075
2016Q3,51,3,387,0.007751937984496124
2016Q3,52,1,387,0.002583979328165375
2016Q3,53,1,387,0.002583979328165375
2016Q3,56,1,387,0.002583979328165375
2016Q3,57,2,387,0.00516795865633075
2016Q3,58,7,387,0.01808785529715762
2016Q3,59,3,387,0.007751937984496124
2016Q3,60,1,387,0.002583979328165375
2016Q3,61,6,387,0.015503875968992248
2016Q3,62,3,387,0.007751937984496124
2016Q3,63,3,387,0.007751937984496124
2016Q3,65,1,387,0.002583979328165375
2016Q3,66,2,387,0.00516795865633075
2016Q3,67,5,387,0.012919896640826873
2016Q3,68,3,387,0.007751937984496124
2016Q3,69,4,387,0.0103359173126615
2016Q3,70,2,387,0.00516795865633075
2016Q4,0,37,403,0.09181141439205956
2016Q4,1,7,403,0.017369727047146403
2016Q4,2,2,403,0.004962779156327543
2016Q4,3,5,403,0.01240694789081886
2016Q4,4,8,403,0.019851116625310174
2016Q4,5,9,403,0.022332506203473945
2016Q4,6,12,403,0.02977667493796526
2016Q4,7,10,403,0.02481389578163772
2016Q4,8,10,403,0.02481389578163772
2016Q4,9,14,403,0.034739454094292806
2016Q4,10,11,403,0.02729528535980149
2016Q4,11,11,403,0.02729528535980149
2016Q4,12,6,403,0.01488833746898263
2016Q4,13,10,403,0.02481389578163772
2016Q4,14,3,403,0.007444168734491315
2016Q4,15,8,403,0.019851116625310174
2016Q4,16,6,403,0.01488833746898263
2016Q4,17,16,403,0.03970223325062035
2016Q4,18,3,403,0.007444168734491315
2016Q4,19,4,403,0.009925558312655087
2016Q4,20,9,403,0.022332506203473945
2016Q4,21,6,403,0.01488833746898263
2016Q4,22,7,403,0.017369727047146403
2016Q4,23,7,403,0.017369727047146403
2016Q4,24,1,403,0.0024813895781637717
2016Q4,25,5,403,0.01240694789081886
2016Q4,26,6,403,0.01488833746898263
2016Q4,27,1,403,0.0024813895781637717
2016Q4,28,2,403,0.004962779156327543
2016Q4,29,5,403,0.01240694789081886
2016Q4,30,2,403,0.004962779156327543
2016Q4,31,6,403,0.01488833746898263
2016Q4,32,1,403,0.0024813895781637717
2016Q4,33,4,403,0.009925558312655087
2016Q4,34,11,403,0.02729528535980149
2016Q4,35,14,403,0.034739454094292806
2016Q4,36,1,403,0.0024813895781637717
2016Q4,37,6,403,0.01488833746898263
2016Q4,38,8,403,0.019851116625310174
2016Q4,39,11,403,0.02729528535980149
2016Q4,40,2,403,0.004962779156327543
2016Q4,41,6,403,0.01488833746898263
2016Q4,42,5,403,0.01240694789081886
2016Q4,43,4,403,0.009925558312655087
2016Q4,44,1,403,0.0024813895781637717
2016Q4,45,5,403,0.01240694789081886
2016Q4,46,4,403,0.009925558312655087
2016Q4,47,6,403,0.01488833746898263
2016Q4,48,6,403,0.01488833746898263
2016Q4,49,4,403,0.009925558312655087
2016Q4,50,5,403,0.01240694789081886
2016Q4,51,2,403,0.004962779156327543
2016Q4,52,3,403,0.007444168734491315
2016Q4,53,2,403,0.004962779156327543
2016Q4,54,3,403,0.007444168734491315
2016Q4,55,2,403,0.004962779156327543
2016Q4,57,2,403,0.004962779156327543
2016Q4,58,2,403,0.004962779156327543
2016Q4,59,8,403,0.019851116625310174
2016Q4,60,2,403,0.004962779156327543
2016Q4,61,2,403,0.004962779156327543
2016Q4,62,1,403,0.0024813895781637717
2016Q4,63,2,403,0.004962779156327543
2016Q4,64,1,403,0.0024813895781637717
2016Q4,65,6,403,0.01488833746898263
2016Q4,66,4,403,0.009925558312655087
2016Q4,67,2,403,0.004962779156327543
2016Q4,69,3,403,0.007444168734491315
2016Q4,70,3,403,0.007444168734491315
2017Q1,0,21,381,0.05511811023622047
2017Q1,1,12,381,0.031496062992125984
2017Q1,2,11,381,0.028871391076115485
2017Q1,4,9,381,0.023622047244094488
2017Q1,5,9,381,0.023622047244094488
2017Q1,6,8,381,0.02099737532808399
2017Q1,7,18,381,0.047244094488188976
2017Q1,8,6,381,0.015748031496062992
2017Q1,9,6,381,0.015748031496062992
2017Q1,10,6,381,0.015748031496062992
2017Q1,11,15,381,0.03937007874015748
2017Q1,12,7,381,0.01837270341207349
2017Q1,13,9,381,0.023622047244094488
2017Q1,14,6,381,0.015748031496062992
2017Q1,15,7,381,0.01837270341207349
2017Q1,16,1,381,0.0026246719160104987
2017Q1,17,4,381,0.010498687664041995
2017Q1,18,7,381,0.01837270341207349
2017Q1,19,11,381,0.028871391076115485
2017Q1,20,8,381,0.02099737532808399
2017Q1,21,8,381,0.02099737532808399
2017Q1,22,6,381,0.015748031496062992
2017Q1,23,12,381,0.031496062992125984
2017Q1,24,7,381,0.01837270341207349
2017Q1,25,4,381,0.010498687664041995
2017Q1,26,6,381,0.015748031496062992
2017Q1,27,7,381,0.01837270341207349
2017Q1,28,2,381,0.005249343832020997
2017Q1,29,7,381,0.01837270341207349
2017Q1,30,3,381,0.007874015748031496
2017Q1,31,9,381,0.023622047244094488
2017Q1,33,6,381,0.015748031496062992
2017Q1,34,6,381,0.015748031496062992
2017Q1,35,7,381,0.01837270341207349
2017Q1,36,3,381,0.007874015748031496
2017Q1,37,1,381,0.0026246719160104987
2017Q1,38,4,381,0.010498687664041995
2017Q1,39,6,381,0.015748031496062992
2017Q1,40,4,381,0.010498687664041995
2017Q1,41,1,381,0.0026246719160104987
2017Q1,42,6,381,0.015748031496062992
2017Q1,43,2,381,0.005249343832020997
2017Q1,44,3,381,0.007874015748031496
2017Q1,45,8,381,0.02099737532808399
2017Q1,47,6,381,0.015748031496062992
2017Q1,48,2,381,0.005249343832020997
2017Q1,49,1,381,0.0026246719160104987
2017Q1,50,5,381,0.013123359580052493
2017Q1,51,6,381,0.015748031496062992
2017Q1,52,8,381,0.02099737532808399
2017Q1,53,7,381,0.01837270341207349
2017Q1,54,3,381,0.007874015748031496
2017Q1,56,4,381,0.010498687664041995
2017Q1,57,3,381,0.007874015748031496
2017Q1,58,2,381,0.005249343832020997
2017Q1,59,4,381,0.010498687664041995
2017Q1,60,1,381,0.0026246719160104987
2017Q1,62,4,381,0.010498687664041995
2017Q1,64,1,381,0.0026246719160104987
2017Q1,65,6,381,0.015748031496062992
2017Q1,66,1,381,0.0026246719160104987
2017Q1,68,2,381,0.005249343832020997
2017Q1,69,1,381,0.0026246719160104987
2017Q1,70,5,381,0.013123359580052493
2017Q2,0,46,382,0.12041884816753927
2017Q2,1,16,382,0.041884816753926704
2017Q2,2,8,382,0.020942408376963352
2017Q2,3,6,382,0.015706806282722512
2017Q2,4,5,382,0.013089005235602094
2017Q2,5,11,382,0.028795811518324606
2017Q2,6,3,382,0.007853403141361256
2017Q2,7,7,382,0.01832460732984293
2017Q2,8,11,382,0.028795811518324606
2017Q2,9,10,382,0.02617801047120419
2017Q2,10,9,382,0.02356020942408377
2017Q2,11,6,382,0.015706806282722512
2017Q2,12,7,382,0.01832460732984293
2017Q2,13,5,382,0.013089005235602094
2017Q2,14,7,382,0.01832460732984293
2017Q2,15,7,382,0.01832460732984293
2017Q2,16,1,382,0.002617801047120419
2017Q2,17,7,382,0.01832460732984293
2017Q2,18,4,382,0.010471204188481676
2017Q2,19,9,382,0.02356020942408377
2017Q2,20,3,382,0.007853403141361256
2017Q2,21,2,382,0.005235602094240838
2017Q2,22,8,382,0.020942408376963352
2017Q2,23,9,382,0.02356020942408377
2017Q2,24,4,382,0.010471204188481676
2017Q2,25,11,382,0.028795811518324606
2017Q2,26,4,382,0.010471204188481676
2017Q2,27,5,382,0.013089005235602094
2017Q2,28,3,382,0.007853403141361256
2017Q2,30,2,382,0.005235602094240838
2017Q2,31,7,382,0.01832460732984293
2017Q2,32,10,382,0.02617801047120419
2017Q2,33,7,382,0.01832460732984293
2017Q2,34,8,382,0.020942408376963352
2017Q2,35,8,382,0.020942408376963352
2017Q2,36,6,382,0.015706806282722512
2017Q2,37,4,382,0.010471204188481676
2017Q2,38,4,382,0.010471204188481676
2017Q2,39,10,382,0.02617801047120419
2017Q2,40,2,382,0.005235602094240838
2017Q2,41,1,382,0.002617801047120419
2017Q2,42,9,382,0.02356020942408377
2017Q2,43,5,382,0.013089005235602094
2017Q2,44,1,382,0.002617801047120419
2017Q2,45,1,382,0.002617801047120419
2017Q2,46,7,382,0.01832460732984293
2017Q2,47,1,382,0.002617801047120419
2017Q2,48,4,382,0.010471204188481676
2017Q2,51,1,382,0.002617801047120419
2017Q2,52,4,382,0.010471204188481676
2017Q2,53,3,382,0.007853403141361256
2017Q2,54,2,382,0.005235602094240838
2017Q2,55,1,382,0.002617801047120419
2017Q2,56,7,382,0.01832460732984293
2017Q2,57,3,382,0.007853403141361256
2017Q2,58,5,382,0.013089005235602094
2017Q2,59,2,382,0.005235602094240838
2017Q2,60,3,382,0.007853403141361256
2017Q2,61,3,382,0.007853403141361256
2017Q2,63,6,382,0.015706806282722512
2017Q2,64,3,382,0.007853403141361256
2017Q2,65,3,382,0.007853403141361256
2017Q2,69,2,382,0.005235602094240838
2017Q2,70,3,382,0.007853403141361256
2017Q3,0,31,386,0.08031088082901554
2017Q3,1,17,386,0.04404145077720207
2017Q3,2,7,386,0.018134715025906734
2017Q3,3,11,386,0.02849740932642487
2017Q3,4,7,386,0.018134715025906734
2017Q3,5,12,386,0.031088082901554404
2017Q3,6,10,386,0.025906735751295335
2017Q3,7,7,386,0.018134715025906734
2017Q3,8,23,386,0.05958549222797927
2017Q3,9,9,386,0.023316062176165803
2017Q3,10,6,386,0.015544041450777202
2017Q3,11,1,386,0.0025906735751295338
2017Q3,12,6,386,0.015544041450777202
2017Q3,13,6,386,0.015544041450777202
2017Q3,14,5,386,0.012953367875647668
2017Q3,15,10,386,0.025906735751295335
2017Q3,16,3,386,0.007772020725388601
2017Q3,17,2,386,0.0051813471502590676
2017Q3,18,4,386,0.010362694300518135
2017Q3,19,14,386,0.03626943005181347
2017Q3,20,5,386,0.012953367875647668
2017Q3,21,3,386,0.007772020725388601
2017Q3,22,7,386,0.018134715025906734
2017Q3,23,13,386,0.03367875647668394
2017Q3,24,6,386,0.015544041450777202
2017Q3,25,2,386,0.0051813471502590676
2017Q3,26,2,386,0.0051813471502590676
2017Q3,27,14,386,0.03626943005181347
2017Q3,28,6,386,0.015544041450777202
2017Q3,29,6,386,0.015544041450777202
2017Q3,30,8,386,0.02072538860103627
2017Q3,31,3,386,0.007772020725388601
2017Q3,32,7,386,0.018134715025906734
2017Q3,33,1,386,0.0025906735751295338
2017Q3,34,10,386,0.025906735751295335
2017Q3,35,3,386,0.007772020725388601
2017Q3,36,5,386,0.012953367875647668
2017Q3,37,4,386,0.010362694300518135
2017Q3,38,6,386,0.015544041450777202
2017Q3,39,3,386,0.007772020725388601
2017Q3,40,2,386,0.0051813471502590676
2017Q3,41,4,386,0.010362694300518135
2017Q3,42,10,386,0.025906735751295335
2017Q3,43,4,386,0.010362694300518135
2017Q3,45,1,386,0.0025906735751295338
2017Q3,46,4,386,0.010362694300518135
2017Q3,48,3,386,0.007772020725388601
2017Q3,49,1,386,0.0025906735751295338
2017Q3,50,4,386,0.010362694300518135
2017Q3,51,3,386,0.007772020725388601
2017Q3,52,1,386,0.0025906735751295338
2017Q3,53,2,386,0.0051813471502590676
2017Q3,55,3,386,0.007772020725388601
2017Q3,56,2,386,0.0051813471502590676
2017Q3,57,2,386,0.0051813471502590676
2017Q3,58,1,386,0.0025906735751295338
2017Q3,59,1,386,0.0025906735751295338
2017Q3,61,3,386,0.007772020725388601
2017Q3,62,3,386,0.007772020725388601
2017Q3,64,5,386,0.012953367875647668
2017Q3,65,1,386,0.0025906735751295338
2017Q3,66,1,386,0.0025906735751295338
2017Q3,67,4,386,0.010362694300518135
2017Q3,68,8,386,0.02072538860103627
2017Q3,69,5,386,0.012953367875647668
2017Q3,70,3,386,0.007772020725388601
2017Q4,0,21,348,0.0603448275862069
2017Q4,1,15,348,0.04310344827586207
2017Q4,2,21,348,0.0603448275862069
2017Q4,3,5,348,0.014367816091954023
2017Q4,4,5,348,0.014367816091954023
2017Q4,5,7,348,0.020114942528735632
2017Q4,6,6,348,0.017241379310344827
2017Q4,7,15,348,0.04310344827586207
2017Q4,8,3,348,0.008620689655172414
2017Q4,9,1,348,0.0028735632183908046
2017Q4,10,7,348,0.020114942528735632
2017Q4,11,7,348,0.020114942528735632
2017Q4,12,4,348,0.011494252873563218
2017Q4,13,7,348,0.020114942528735632
2017Q4,14,7,348,0.020114942528735632
2017Q4,15,6,348,0.017241379310344827
2017Q4,16,9,348,0.02586206896551724
2017Q4,17,6,348,0.017241379310344827
2017Q4,18,6,348,0.017241379310344827
2017Q4,19,2,348,0.005747126436781609
2017Q4,20,7,348,0.020114942528735632
2017Q4,21,6,348,0.017241379310344827
2017Q4,22,10,348,0.028735632183908046
2017Q4,23,3,348,0.008620689655172414
2017Q4,24,7,348,0.020114942528735632
2017Q4,25,7,348,0.020114942528735632
2017Q4,26,4,348,0.011494252873563218
2017Q4,27,8,348,0.022988505747126436
2017Q4,28,2,348,0.005747126436781609
2017Q4,29,8,348,0.022988505747126436
2017Q4,30,5,348,0.014367816091954023
2017Q4,31,3,348,0.008620689655172414
2017Q4,32,3,348,0.008620689655172414
2017Q4,33,5,348,0.014367816091954023
2017Q4,34,4,348,0.011494252873563218
2017Q4,35,9,348,0.02586206896551724
2017Q4,37,3,348,0.008620689655172414
2017Q4,38,5,348,0.014367816091954023
2017Q4,39,5,348,0.014367816091954023
2017Q4,40,2,348,0.005747126436781609
2017Q4,41,3,348,0.008620689655172414
2017Q4,42,2,348,0.005747126436781609
2017Q4,43,3,348,0.008620689655172414
2017Q4,44,1,348,0.0028735632183908046
2017Q4,45,4,348,0.011494252873563218
2017Q4,46,8,348,0.022988505747126436
2017Q4,47,3,348,0.008620689655172414
2017Q4,48,3,348,0.008620689655172414
2017Q4,49,5,348,0.014367816091954023
2017Q4,50,4,348,0.011494252873563218
2017Q4,51,3,348,0.008620689655172414
2017Q4,52,2,348,0.005747126436781609
2017Q4,53,4,348,0.011494252873563218
2017Q4,55,1,348,0.0028735632183908046
2017Q4,56,6,348,0.017241379310344827
2017Q4,57,4,348,0.011494252873563218
2017Q4,58,1,348,0.0028735632183908046
2017Q4,59,3,348,0.008620689655172414
2017Q4,60,1,348,0.0028735632183908046
2017Q4,61,3,348,0.008620689655172414
2017Q4,62,1,348,0.0028735632183908046
2017Q4,63,1,348,0.0028735632183908046
2017Q4,64,1,348,0.0028735632183908046
2017Q4,65,8,348,0.022988505747126436
2017Q4,67,2,348,0.005747126436781609
2017Q4,68,2,348,0.005747126436781609
2017Q4,69,2,348,0.005747126436781609
2017Q4,70,1,348,0.0028735632183908046
2018Q1,0,14,341,0.04105571847507331
2018Q1,1,17,341,0.04985337243401759
2018Q1,2,19,341,0.05571847507331378
2018Q1,3,10,341,0.02932551319648094
2018Q1,4,7,341,0.020527859237536656
2018Q1,5,10,341,0.02932551319648094
2018Q1,6,6,341,0.017595307917888565
2018Q1,7,8,341,0.02346041055718475
2018Q1,8,11,341,0.03225806451612903
2018Q1,9,1,341,0.002932551319648094
2018Q1,10,4,341,0.011730205278592375
2018Q1,11,8,341,0.02346041055718475
2018Q1,12,3,341,0.008797653958944282
2018Q1,13,8,341,0.02346041055718475
2018Q1,14,6,341,0.017595307917888565
2018Q1,15,5,341,0.01466275659824047
2018Q1,16,3,341,0.008797653958944282
2018Q1,17,4,341,0.011730205278592375
2018Q1,18,5,341,0.01466275659824047
2018Q1,19,6,341,0.017595307917888565
2018Q1,20,6,341,0.017595307917888565
2018Q1,21,5,341,0.01466275659824047
2018Q1,22,6,341,0.017595307917888565
2018Q1,23,4,341,0.011730205278592375
2018Q1,24,1,341,0.002932551319648094
2018Q1,25,3,341,0.008797653958944282
2018Q1,26,6,341,0.017595307917888565
2018Q1,27,8,341,0.02346041055718475
2018Q1,28,6,341,0.017595307917888565
2018Q1,29,17,341,0.04985337243401759
2018Q1,30,7,341,0.020527859237536656
2018Q1,31,2,341,0.005865102639296188
2018Q1,32,6,341,0.017595307917888565
2018Q1,33,3,341,0.008797653958944282
2018Q1,34,4,341,0.011730205278592375
2018Q1,35,4,341,0.011730205278592375
2018Q1,36,5,341,0.01466275659824047
2018Q1,37,5,341,0.01466275659824047
2018Q1,38,3,341,0.008797653958944282
2018Q1,40,9,341,0.026392961876832845
2018Q1,42,3,341,0.008797653958944282
2018Q1,43,9,341,0.026392961876832845
2018Q1,44,9,341,0.026392961876832845
2018Q1,45,2,341,0.005865102639296188
2018Q1,46,5,341,0.01466275659824047
2018Q1,47,4,341,0.011730205278592375
2018Q1,48,3,341,0.008797653958944282
2018Q1,49,1,341,0.002932551319648094
2018Q1,50,2,341,0.005865102639296188
2018Q1,51,4,341,0.011730205278592375
2018Q1,52,1,341,0.002932551319648094
2018Q1,53,2,341,0.005865102639296188
2018Q1,54,2,341,0.005865102639296188
2018Q1,55,1,341,0.002932551319648094
2018Q1,56,6,341,0.017595307917888565
2018Q1,57,1,341,0.002932551319648094
2018Q1,58,2,341,0.005865102639296188
2018Q1,59,1,341,0.002932551319648094
2018Q1,60,1,341,0.002932551319648094
2018Q1,61,1,341,0.002932551319648094
2018Q1,62,3,341,0.008797653958944282
2018Q1,63,1,341,0.002932551319648094
2018Q1,64,2,341,0.005865102639296188
2018Q1,65,1,341,0.002932551319648094
2018Q1,66,1,341,0.002932551319648094
2018Q1,68,7,341,0.020527859237536656
2018Q1,70,1,341,0.002932551319648094
2018Q2,0,27,376,0.07180851063829788
2018Q2,1,14,376,0.03723404255319149
2018Q2,2,9,376,0.023936170212765957
2018Q2,3,8,376,0.02127659574468085
2018Q2,4,9,376,0.023936170212765957
2018Q2,5,10,376,0.026595744680851064
2018Q2,6,9,376,0.023936170212765957
2018Q2,7,8,376,0.02127659574468085
2018Q2,8,9,376,0.023936170212765957
2018Q2,9,9,376,0.023936170212765957
2018Q2,10,5,376,0.013297872340425532
2018Q2,11,6,376,0.015957446808510637
2018Q2,12,2,376,0.005319148936170213
2018Q2,13,9,376,0.023936170212765957
2018Q2,14,6,376,0.015957446808510637
2018Q2,15,20,376,0.05319148936170213
2018Q2,16,6,376,0.015957446808510637
2018Q2,17,6,376,0.015957446808510637
2018Q2,18,3,376,0.007978723404255319
2018Q2,19,8,376,0.02127659574468085
2018Q2,20,7,376,0.018617021276595744
2018Q2,21,1,376,0.0026595744680851063
2018Q2,22,13,376,0.034574468085106384
2018Q2,23,1,376,0.0026595744680851063
2018Q2,24,2,376,0.005319148936170213
2018Q2,25,9,376,0.023936170212765957
2018Q2,26,3,376,0.007978723404255319
2018Q2,27,6,376,0.015957446808510637
2018Q2,28,11,376,0.02925531914893617
2018Q2,29,8,376,0.02127659574468085
2018Q2,30,8,376,0.02127659574468085
2018Q2,31,6,376,0.015957446808510637
2018Q2,32,7,376,0.018617021276595744
2018Q2,33,3,376,0.007978723404255319
2018Q2,34,1,376,0.0026595744680851063
2018Q2,35,10,376,0.026595744680851064
2018Q2,36,1,376,0.0026595744680851063
2018Q2,37,7,376,0.018617021276595744
2018Q2,38,2,376,0.005319148936170213
2018Q2,39,4,376,0.010638297872340425
2018Q2,40,3,376,0.007978723404255319
2018Q2,41,10,376,0.026595744680851064
2018Q2,42,5,376,0.013297872340425532
2018Q2,43,6,376,0.015957446808510637
2018Q2,44,2,376,0.005319148936170213
2018Q2,45,4,376,0.010638297872340425
2018Q2,46,1,376,0.0026595744680851063
2018Q2,47,4,376,0.010638297872340425
2018Q2,48,3,376,0.007978723404255319
2018Q2,49,2,376,0.005319148936170213
2018Q2,50,3,376,0.007978723404255319
2018Q2,51,5,376,0.013297872340425532
2018Q2,52,2,376,0.005319148936170213
2018Q2,53,1,376,0.0026595744680851063
2018Q2,54,3,376,0.007978723404255319
2018Q2,55,3,376,0.007978723404255319
2018Q2,56,1,376,0.0026595744680851063
2018Q2,57,1,376,0.0026595744680851063
2018Q2,58,2,376,0.005319148936170213
2018Q2,59,1,376,0.0026595744680851063
2018Q2,60,6,376,0.015957446808510637
2018Q2,61,2,376,0.005319148936170213
2018Q2,62,4,376,0.010638297872340425
2018Q2,65,2,376,0.005319148936170213
2018Q2,66,2,376,0.005319148936170213
2018Q2,67,1,376,0.0026595744680851063
2018Q2,68,1,376,0.0026595744680851063
2018Q2,69,3,376,0.007978723404255319
2018Q3,0,32,398,0.08040201005025126
2018Q3,1,20,398,0.05025125628140704
2018Q3,2,23,398,0.05778894472361809
2018Q3,3,11,398,0.02763819095477387
2018Q3,4,5,398,0.01256281407035176
2018Q3,5,8,398,0.020100502512562814
2018Q3,6,9,398,0.022613065326633167
2018Q3,7,17,398,0.04271356783919598
2018Q3,8,10,398,0.02512562814070352
2018Q3,9,7,398,0.017587939698492462
2018Q3,10,10,398,0.02512562814070352
2018Q3,11,3,398,0.007537688442211055
2018Q3,12,4,398,0.010050251256281407
2018Q3,13,9,398,0.022613065326633167
2018Q3,14,1,398,0.002512562814070352
2018Q3,15,7,398,0.017587939698492462
2018Q3,16,4,398,0.010050251256281407
2018Q3,17,25,398,0.06281407035175879
2018Q3,18,8,398,0.020100502512562814
2018Q3,19,2,398,0.005025125628140704
2018Q3,20,10,398,0.02512562814070352
2018Q3,21,8,398,0.020100502512562814
2018Q3,22,1,398,0.002512562814070352
2018Q3,23,2,398,0.005025125628140704
2018Q3,24,3,398,0.007537688442211055
2018Q3,25,8,398,0.020100502512562814
2018Q3,26,2,398,0.005025125628140704
2018Q3,27,5,398,0.01256281407035176
2018Q3,28,10,398,0.02512562814070352
2018Q3,29,9,398,0.022613065326633167
2018Q3,30,2,398,0.005025125628140704
2018Q3,31,2,398,0.005025125628140704
2018Q3,32,10,398,0.02512562814070352
2018Q3,33,16,398,0.04020100502512563
2018Q3,34,6,398,0.01507537688442211
2018Q3,35,7,398,0.017587939698492462
2018Q3,36,4,398,0.010050251256281407
2018Q3,37,4,398,0.010050251256281407
2018Q3,38,7,398,0.017587939698492462
2018Q3,39,3,398,0.007537688442211055
2018Q3,41,2,398,0.005025125628140704
2018Q3,42,6,398,0.01507537688442211
2018Q3,43,2,398,0.005025125628140704
2018Q3,44,2,398,0.005025125628140704
2018Q3,45,7,398,0.017587939698492462
2018Q3,46,2,398,0.005025125628140704
2018Q3,47,2,398,0.005025125628140704
2018Q3,48,3,398,0.007537688442211055
2018Q3,50,2,398,0.005025125628140704
2018Q3,51,1,398,0.002512562814070352
2018Q3,53,3,398,0.007537688442211055
2018Q3,54,1,398,0.002512562814070352
2018Q3,55,3,398,0.007537688442211055
2018Q3,56,1,398,0.002512562814070352
2018Q3,57,3,398,0.007537688442211055
2018Q3,58,1,398,0.002512562814070352
2018Q3,59,2,398,0.005025125628140704
2018Q3,61,3,398,0.007537688442211055
2018Q3,62,2,398,0.005025125628140704
2018Q3,63,2,398,0.005025125628140704
2018Q3,64,1,398,0.002512562814070352
2018Q3,65,7,398,0.017587939698492462
2018Q3,66,2,398,0.005025125628140704
2018Q3,68,1,398,0.002512562814070352
2018Q3,69,2,398,0.005025125628140704
2018Q3,70,1,398,0.002512562814070352
2018Q4,0,25,403,0.062034739454094295
2018Q4,1,28,403,0.06947890818858561
2018Q4,2,13,403,0.03225806451612903
2018Q4,3,2,403,0.004962779156327543
2018Q4,4,8,403,0.019851116625310174
2018Q4,5,15,403,0.03722084367245657
2018Q4,6,8,403,0.019851116625310174
2018Q4,7,10,403,0.02481389578163772
2018Q4,8,7,403,0.017369727047146403
2018Q4,9,4,403,0.009925558312655087
2018Q4,10,5,403,0.01240694789081886
2018Q4,11,5,403,0.01240694789081886
2018Q4,12,4,403,0.009925558312655087
2018Q4,13,13,403,0.03225806451612903
2018Q4,14,13,403,0.03225806451612903
2018Q4,15,4,403,0.009925558312655087
2018Q4,16,3,403,0.007444168734491315
2018Q4,17,34,403,0.08436724565756824
2018Q4,18,3,403,0.007444168734491315
2018Q4,19,2,403,0.004962779156327543
2018Q4,20,8,403,0.019851116625310174
2018Q4,21,3,403,0.007444168734491315
2018Q4,22,4,403,0.009925558312655087
2018Q4,23,7,403,0.017369727047146403
2018Q4,24,18,403,0.04466501240694789
2018Q4,25,3,403,0.007444168734491315
2018Q4,26,2,403,0.004962779156327543
2018Q4,27,1,403,0.0024813895781637717
2018Q4,28,4,403,0.009925558312655087
2018Q4,29,13,403,0.03225806451612903
2018Q4,30,7,403,0.017369727047146403
2018Q4,31,5,403,0.01240694789081886
2018Q4,32,9,403,0.022332506203473945
2018Q4,33,7,403,0.017369727047146403
2018Q4,34,5,403,0.01240694789081886
2018Q4,35,7,403,0.017369727047146403
2018Q4,36,3,403,0.007444168734491315
2018Q4,37,6,403,0.01488833746898263
2018Q4,38,5,403,0.01240694789081886
2018Q4,39,1,403,0.0024813895781637717
2018Q4,40,2,403,0.004962779156327543
2018Q4,41,10,403,0.02481389578163772
2018Q4,42,3,403,0.007444168734491315
2018Q4,43,2,403,0.004962779156327543
2018Q4,44,4,403,0.009925558312655087
2018Q4,45,1,403,0.0024813895781637717
2018Q4,46,1,403,0.0024813895781637717
2018Q4,47,3,403,0.007444168734491315
2018Q4,48,2,403,0.004962779156327543
2018Q4,49,2,403,0.004962779156327543
2018Q4,50,1,403,0.0024813895781637717
2018Q4,51,3,403,0.007444168734491315
2018Q4,52,1,403,0.0024813895781637717
2018Q4,53,1,403,0.0024813895781637717
2018Q4,55,3,403,0.007444168734491315
2018Q4,56,8,403,0.019851116625310174
2018Q4,57,5,403,0.01240694789081886
2018Q4,58,3,403,0.007444168734491315
2018Q4,60,2,403,0.004962779156327543
2018Q4,61,3,403,0.007444168734491315
2018Q4,62,2,403,0.004962779156327543
2018Q4,63,1,403,0.0024813895781637717
2018Q4,64,6,403,0.01488833746898263
2018Q4,66,2,403,0.004962779156327543
2018Q4,68,2,403,0.004962779156327543
2018Q4,69,2,403,0.004962779156327543
2018Q4,70,4,403,0.009925558312655087
2019Q1,0,36,379,0.09498680738786279
2019Q1,1,16,379,0.04221635883905013
2019Q1,2,11,379,0.029023746701846966
2019Q1,3,4,379,0.010554089709762533
2019Q1,4,7,379,0.018469656992084433
2019Q1,5,8,379,0.021108179419525065
2019Q1,6,9,379,0.023746701846965697
2019Q1,7,5,379,0.013192612137203167
2019Q1,8,9,379,0.023746701846965697
2019Q1,9,3,379,0.0079155672823219
2019Q1,10,3,379,0.0079155672823219
2019Q1,11,6,379,0.0158311345646438
2019Q1,12,2,379,0.005277044854881266
2019Q1,13,6,379,0.0158311345646438
2019Q1,14,5,379,0.013192612137203167
2019Q1,15,6,379,0.0158311345646438
2019Q1,16,7,379,0.018469656992084433
2019Q1,17,7,379,0.018469656992084433
2019Q1,18,6,379,0.0158311345646438
2019Q1,19,13,379,0.03430079155672823
2019Q1,20,1,379,0.002638522427440633
2019Q1,21,13,379,0.03430079155672823
2019Q1,22,8,379,0.021108179419525065
2019Q1,23,7,379,0.018469656992084433
2019Q1,24,7,379,0.018469656992084433
2019Q1,25,6,379,0.0158311345646438
2019Q1,26,6,379,0.0158311345646438
2019Q1,27,5,379,0.013192612137203167
2019Q1,28,3,379,0.0079155672823219
2019Q1,29,12,379,0.0316622691292876
2019Q1,30,18,379,0.047493403693931395
2019Q1,31,1,379,0.002638522427440633
2019Q1,32,6,379,0.0158311345646438
2019Q1,33,6,379,0.0158311345646438
2019Q1,34,5,379,0.013192612137203167
2019Q1,35,2,379,0.005277044854881266
2019Q1,36,4,379,0.010554089709762533
2019Q1,37,2,379,0.005277044854881266
2019Q1,38,12,379,0.0316622691292876
2019Q1,39,3,379,0.0079155672823219
2019Q1,40,1,379,0.002638522427440633
2019Q1,41,3,379,0.0079155672823219
2019Q1,42,1,379,0.002638522427440633
2019Q1,44,2,379,0.005277044854881266
2019Q1,45,4,379,0.010554089709762533
2019Q1,46,1,379,0.002638522427440633
2019Q1,47,2,379,0.005277044854881266
2019Q1,48,6,379,0.0158311345646438
2019Q1,49,1,379,0.002638522427440633
2019Q1,50,3,379,0.0079155672823219
2019Q1,51,2,379,0.005277044854881266
2019Q1,52,4,379,0.010554089709762533
2019Q1,55,4,379,0.010554089709762533
2019Q1,56,2,379,0.005277044854881266
2019Q1,58,4,379,0.010554089709762533
2019Q1,59,9,379,0.023746701846965697
2019Q1,60,9,379,0.023746701846965697
2019Q1,61,4,379,0.010554089709762533
2019Q1,62,4,379,0.010554089709762533
2019Q1,63,1,379,0.002638522427440633
2019Q1,64,2,379,0.005277044854881266
2019Q1,65,6,379,0.0158311345646438
2019Q1,66,1,379,0.002638522427440633
2019Q1,67,1,379,0.002638522427440633
2019Q1,68,2,379,0.005277044854881266
2019Q1,69,4,379,0.010554089709762533
2019Q2,0,34,392,0.08673469387755102
2019Q2,1,12,392,0.030612244897959183
2019Q2,2,14,392,0.03571428571428571
2019Q2,3,5,392,0.012755102040816327
2019Q2,4,3,392,0.007653061224489796
2019Q2,5,11,392,0.02806122448979592
2019Q2,6,5,392,0.012755102040816327
2019Q2,7,6,392,0.015306122448979591
2019Q2,8,7,392,0.017857142857142856
2019Q2,9,13,392,0.03316326530612245
2019Q2,10,8,392,0.02040816326530612
2019Q2,11,2,392,0.00510204081632653
2019Q2,12,9,392,0.02295918367346939
2019Q2,13,15,392,0.03826530612244898
2019Q2,14,7,392,0.017857142857142856
2019Q2,15,10,392,0.025510204081632654
2019Q2,16,6,392,0.015306122448979591
2019Q2,17,42,392,0.10714285714285714
2019Q2,18,1,392,0.002551020408163265
2019Q2,19,2,392,0.00510204081632653
2019Q2,20,5,392,0.012755102040816327
2019Q2,21,16,392,0.04081632653061224
2019Q2,22,5,392,0.012755102040816327
2019Q2,23,4,392,0.01020408163265306
2019Q2,24,5,392,0.012755102040816327
2019Q2,25,6,392,0.015306122448979591
2019Q2,26,7,392,0.017857142857142856
2019Q2,27,1,392,0.002551020408163265
2019Q2,28,4,392,0.01020408163265306
2019Q2,29,4,392,0.01020408163265306
2019Q2,30,5,392,0.012755102040816327
2019Q2,31,2,392,0.00510204081632653
2019Q2,32,5,392,0.012755102040816327
2019Q2,33,9,392,0.02295918367346939
2019Q2,34,6,392,0.015306122448979591
2019Q2,35,3,392,0.007653061224489796
2019Q2,36,7,392,0.017857142857142856
2019Q2,37,4,392,0.01020408163265306
2019Q2,38,3,392,0.007653061224489796
2019Q2,39,3,392,0.007653061224489796
2019Q2,40,3,392,0.007653061224489796
2019Q2,41,3,392,0.007653061224489796
2019Q2,42,1,392,0.002551020408163265
2019Q2,43,1,392,0.002551020408163265
2019Q2,44,2,392,0.00510204081632653
2019Q2,45,5,392,0.012755102040816327
2019Q2,47,5,392,0.012755102040816327
2019Q2,48,2,392,0.00510204081632653
2019Q2,49,4,392,0.01020408163265306
2019Q2,50,2,392,0.00510204081632653
2019Q2,52,5,392,0.012755102040816327
2019Q2,53,2,392,0.00510204081632653
2019Q2,54,2,392,0.00510204081632653
2019Q2,56,6,392,0.015306122448979591
2019Q2,58,3,392,0.007653061224489796
2019Q2,59,2,392,0.00510204081632653
2019Q2,60,8,392,0.02040816326530612
2019Q2,61,3,392,0.007653061224489796
2019Q2,62,1,392,0.002551020408163265
2019Q2,63,2,392,0.00510204081632653
2019Q2,64,3,392,0.007653061224489796
2019Q2,65,2,392,0.00510204081632653
2019Q2,67,6,392,0.015306122448979591
2019Q2,68,2,392,0.00510204081632653
2019Q2,69,1,392,0.002551020408163265
2019Q3,0,22,354,0.062146892655367235
2019Q3,1,11,354,0.031073446327683617
2019Q3,2,11,354,0.031073446327683617
2019Q3,3,3,354,0.00847457627118644
2019Q3,4,14,354,0.03954802259887006
2019Q3,5,9,354,0.025423728813559324
2019Q3,6,5,354,0.014124293785310734
2019Q3,7,9,354,0.025423728813559324
2019Q3,8,9,354,0.025423728813559324
2019Q3,9,8,354,0.022598870056497175
2019Q3,10,3,354,0.00847457627118644
2019Q3,11,4,354,0.011299435028248588
2019Q3,12,3,354,0.00847457627118644
2019Q3,13,4,354,0.011299435028248588
2019Q3,14,4,354,0.011299435028248588
2019Q3,15,4,354,0.011299435028248588
2019Q3,16,4,354,0.011299435028248588
2019Q3,17,15,354,0.0423728813559322
2019Q3,18,2,354,0.005649717514124294
2019Q3,19,3,354,0.00847457627118644
2019Q3,20,3,354,0.00847457627118644
2019Q3,21,6,354,0.01694915254237288
2019Q3,22,1,354,0.002824858757062147
2019Q3,23,11,354,0.031073446327683617
2019Q3,24,7,354,0.01977401129943503
2019Q3,25,8,354,0.022598870056497175
2019Q3,26,8,354,0.022598870056497175
2019Q3,27,8,354,0.022598870056497175
2019Q3,28,7,354,0.01977401129943503
2019Q3,29,3,354,0.00847457627118644
2019Q3,30,4,354,0.011299435028248588
2019Q3,31,2,354,0.005649717514124294
2019Q3,32,5,354,0.014124293785310734
2019Q3,33,17,354,0.0480225988700565
2019Q3,34,3,354,0.00847457627118644
2019Q3,35,8,354,0.022598870056497175
2019Q3,36,3,354,0.00847457627118644
2019Q3,37,5,354,0.014124293785310734
2019Q3,38,1,354,0.002824858757062147
2019Q3,39,4,354,0.011299435028248588
2019Q3,40,8,354,0.022598870056497175
2019Q3,41,3,354,0.00847457627118644
2019Q3,42,4,354,0.011299435028248588
2019Q3,43,2,354,0.005649717514124294
2019Q3,44,9,354,0.025423728813559324
2019Q3,45,1,354,0.002824858757062147
2019Q3,47,4,354,0.011299435028248588
2019Q3,49,10,354,0.02824858757062147
2019Q3,50,3,354,0.00847457627118644
2019Q3,51,1,354,0.002824858757062147
2019Q3,52,2,354,0.005649717514124294
2019Q3,53,4,354,0.011299435028248588
2019Q3,54,2,354,0.005649717514124294
2019Q3,55,6,354,0.01694915254237288
2019Q3,56,2,354,0.005649717514124294
2019Q3,57,6,354,0.01694915254237288
2019Q3,60,3,354,0.00847457627118644
2019Q3,61,2,354,0.005649717514124294
2019Q3,62,2,354,0.005649717514124294
2019Q3,64,3,354,0.00847457627118644
2019Q3,65,6,354,0.01694915254237288
2019Q3,66,3,354,0.00847457627118644
2019Q3,67,2,354,0.005649717514124294
2019Q3,69,4,354,0.011299435028248588
2019Q3,70,1,354,0.002824858757062147
2019Q4,0,39,331,0.11782477341389729
2019Q4,1,11,331,0.03323262839879154
2019Q4,2,7,331,0.021148036253776436
2019Q4,3,6,331,0.01812688821752266
2019Q4,4,7,331,0.021148036253776436
2019Q4,5,7,331,0.021148036253776436
2019Q4,6,9,331,0.027190332326283987
2019Q4,7,5,331,0.015105740181268883
2019Q4,8,7,331,0.021148036253776436
2019Q4,9,6,331,0.01812688821752266
2019Q4,10,4,331,0.012084592145015106
2019Q4,11,6,331,0.01812688821752266
2019Q4,12,3,331,0.00906344410876133
2019Q4,13,5,331,0.015105740181268883
2019Q4,14,3,331,0.00906344410876133
2019Q4,15,9,331,0.027190332326283987
2019Q4,16,3,331,0.00906344410876133
2019Q4,17,21,331,0.0634441087613293
2019Q4,18,5,331,0.015105740181268883
2019Q4,19,10,331,0.030211480362537766
2019Q4,20,6,331,0.01812688821752266
2019Q4,21,4,331,0.012084592145015106
2019Q4,22,4,331,0.012084592145015106
2019Q4,23,11,331,0.03323262839879154
2019Q4,24,2,331,0.006042296072507553
2019Q4,25,7,331,0.021148036253776436
2019Q4,26,4,331,0.012084592145015106
2019Q4,27,12,331,0.03625377643504532
2019Q4,28,3,331,0.00906344410876133
2019Q4,29,1,331,0.0030211480362537764
2019Q4,30,4,331,0.012084592145015106
2019Q4,31,3,331,0.00906344410876133
2019Q4,32,2,331,0.006042296072507553
2019Q4,33,5,331,0.015105740181268883
2019Q4,34,3,331,0.00906344410876133
2019Q4,35,3,331,0.00906344410876133
2019Q4,36,7,331,0.021148036253776436
2019Q4,37,4,331,0.012084592145015106
2019Q4,38,3,331,0.00906344410876133
2019Q4,39,5,331,0.015105740181268883
2019Q4,40,2,331,0.006042296072507553
2019Q4,41,1,331,0.0030211480362537764
2019Q4,42,4,331,0.012084592145015106
2019Q4,43,4,331,0.012084592145015106
2019Q4,45,1,331,0.0030211480362537764
2019Q4,46,2,331,0.006042296072507553
2019Q4,47,7,331,0.021148036253776436
2019Q4,48,3,331,0.00906344410876133
2019Q4,49,1,331,0.0030211480362537764
2019Q4,50,5,331,0.015105740181268883
2019Q4,51,5,331,0.015105740181268883
2019Q4,52,6,331,0.01812688821752266
2019Q4,54,2,331,0.006042296072507553
2019Q4,55,1,331,0.0030211480362537764
2019Q4,58,1,331,0.0030211480362537764
2019Q4,59,2,331,0.006042296072507553
2019Q4,60,4,331,0.012084592145015106
2019Q4,61,1,331,0.0030211480362537764
2019Q4,62,4,331,0.012084592145015106
2019Q4,65,1,331,0.0030211480362537764
2019Q4,66,2,331,0.006042296072507553
2019Q4,67,2,331,0.006042296072507553
2019Q4,68,1,331,0.0030211480362537764
2019Q4,69,1,331,0.0030211480362537764
2019Q4,70,2,331,0.006042296072507553
2020Q1,0,26,371,0.07008086253369272
2020Q1,1,21,371,0.05660377358490566
2020Q1,2,14,371,0.03773584905660377
2020Q1,3,8,371,0.0215633423180593
2020Q1,4,11,371,0.029649595687331536
2020Q1,5,5,371,0.013477088948787063
2020Q1,6,17,371,0.04582210242587601
2020Q1,7,2,371,0.005390835579514825
2020Q1,8,10,371,0.026954177897574125
2020Q1,9,8,371,0.0215633423180593
2020Q1,10,10,371,0.026954177897574125
2020Q1,11,5,371,0.013477088948787063
2020Q1,12,4,371,0.01078167115902965
2020Q1,13,2,371,0.005390835579514825
2020Q1,14,5,371,0.013477088948787063
2020Q1,15,3,371,0.008086253369272238
2020Q1,16,9,371,0.02425876010781671
2020Q1,17,6,371,0.016172506738544475
2020Q1,18,6,371,0.016172506738544475
2020Q1,19,2,371,0.005390835579514825
2020Q1,20,6,371,0.016172506738544475
2020Q1,21,19,371,0.05121293800539083
2020Q1,22,6,371,0.016172506738544475
2020Q1,23,11,371,0.029649595687331536
2020Q1,24,6,371,0.016172506738544475
2020Q1,25,11,371,0.029649595687331536
2020Q1,26,5,371,0.013477088948787063
2020Q1,27,4,371,0.01078167115902965
2020Q1,28,4,371,0.01078167115902965
2020Q1,29,8,371,0.0215633423180593
2020Q1,30,5,371,0.013477088948787063
2020Q1,31,4,371,0.01078167115902965
2020Q1,32,8,371,0.0215633423180593
2020Q1,33,1,371,0.0026954177897574125
2020Q1,34,10,371,0.026954177897574125
2020Q1,35,5,371,0.013477088948787063
2020Q1,36,2,371,0.005390835579514825
2020Q1,37,4,371,0.01078167115902965
2020Q1,38,8,371,0.0215633423180593
2020Q1,39,5,371,0.013477088948787063
2020Q1,40,2,371,0.005390835579514825
2020Q1,41,7,371,0.018867924528301886
2020Q1,43,3,371,0.008086253369272238
2020Q1,44,3,371,0.008086253369272238
2020Q1,45,3,371,0.008086253369272238
2020Q1,46,4,371,0.01078167115902965
2020Q1,47,1,371,0.0026954177897574125
2020Q1,48,1,371,0.0026954177897574125
2020Q1,49,6,371,0.016172506738544475
2020Q1,50,3,371,0.008086253369272238
2020Q1,51,3,371,0.008086253369272238
2020Q1,52,4,371,0.01078167115902965
2020Q1,53,1,371,0.0026954177897574125
2020Q1,55,1,371,0.0026954177897574125
2020Q1,56,4,371,0.01078167115902965
2020Q1,57,1,371,0.0026954177897574125
2020Q1,58,1,371,0.0026954177897574125
2020Q1,60,1,371,0.0026954177897574125
2020Q1,61,2,371,0.005390835579514825
2020Q1,62,1,371,0.0026954177897574125
2020Q1,63,2,371,0.005390835579514825
2020Q1,65,1,371,0.0026954177897574125
2020Q1,68,3,371,0.008086253369272238
2020Q1,69,3,371,0.008086253369272238
2020Q1,70,4,371,0.01078167115902965
2020Q2,0,25,381,0.06561679790026247
2020Q2,1,7,381,0.01837270341207349
2020Q2,2,13,381,0.03412073490813648
2020Q2,3,8,381,0.02099737532808399
2020Q2,4,12,381,0.031496062992125984
2020Q2,5,14,381,0.03674540682414698
2020Q2,6,10,381,0.026246719160104987
2020Q2,7,15,381,0.03937007874015748
2020Q2,8,10,381,0.026246719160104987
2020Q2,9,5,381,0.013123359580052493
2020Q2,10,2,381,0.005249343832020997
2020Q2,11,1,381,0.0026246719160104987
2020Q2,12,12,381,0.031496062992125984
2020Q2,13,7,381,0.01837270341207349
2020Q2,14,3,381,0.007874015748031496
2020Q2,15,1,381,0.0026246719160104987
2020Q2,16,7,381,0.01837270341207349
2020Q2,17,22,381,0.05774278215223097
2020Q2,18,12,381,0.031496062992125984
2020Q2,19,7,381,0.01837270341207349
2020Q2,20,6,381,0.015748031496062992
2020Q2,21,7,381,0.01837270341207349
2020Q2,23,7,381,0.01837270341207349
2020Q2,24,8,381,0.02099737532808399
2020Q2,25,4,381,0.010498687664041995
2020Q2,26,3,381,0.007874015748031496
2020Q2,27,6,381,0.015748031496062992
2020Q2,28,5,381,0.013123359580052493
2020Q2,29,7,381,0.01837270341207349
2020Q2,30,1,381,0.0026246719160104987
2020Q2,31,9,381,0.023622047244094488
2020Q2,32,4,381,0.010498687664041995
2020Q2,33,7,381,0.01837270341207349
2020Q2,34,7,381,0.01837270341207349
2020Q2,35,6,381,0.015748031496062992
2020Q2,36,4,381,0.010498687664041995
2020Q2,37,3,381,0.007874015748031496
2020Q2,38,1,381,0.0026246719160104987
2020Q2,39,5,381,0.013123359580052493
2020Q2,40,8,381,0.02099737532808399
2020Q2,41,2,381,0.005249343832020997
2020Q2,42,5,381,0.013123359580052493
2020Q2,43,6,381,0.015748031496062992
2020Q2,44,3,381,0.007874015748031496
2020Q2,45,4,381,0.010498687664041995
2020Q2,46,5,381,0.013123359580052493
2020Q2,47,4,381,0.010498687664041995
2020Q2,48,1,381,0.0026246719160104987
2020Q2,49,6,381,0.015748031496062992
2020Q2,50,1,381,0.0026246719160104987
2020Q2,51,2,381,0.005249343832020997
2020Q2,52,4,381,0.010498687664041995
2020Q2,53,1,381,0.0026246719160104987
2020Q2,55,2,381,0.005249343832020997
2020Q2,56,2,381,0.005249343832020997
2020Q2,57,7,381,0.01837270341207349
2020Q2,60,1,381,0.0026246719160104987
2020Q2,61,3,381,0.007874015748031496
2020Q2,62,7,381,0.01837270341207349
2020Q2,63,4,381,0.010498687664041995
2020Q2,64,3,381,0.007874015748031496
2020Q2,65,1,381,0.0026246719160104987
2020Q2,66,2,381,0.005249343832020997
2020Q2,67,3,381,0.007874015748031496
2020Q2,69,1,381,0.0026246719160104987
2020Q3,0,20,419,0.0477326968973747
2020Q3,1,24,419,0.057279236276849645
2020Q3,2,10,419,0.02386634844868735
2020Q3,3,13,419,0.031026252983293555
2020Q3,4,10,419,0.02386634844868735
2020Q3,5,7,419,0.016706443914081145
2020Q3,6,9,419,0.021479713603818614
2020Q3,7,7,419,0.016706443914081145
2020Q3,8,11,419,0.026252983293556086
2020Q3,9,7,419,0.016706443914081145
2020Q3,10,9,419,0.021479713603818614
2020Q3,11,5,419,0.011933174224343675
2020Q3,12,7,419,0.016706443914081145
2020Q3,13,9,419,0.021479713603818614
2020Q3,14,1,419,0.002386634844868735
2020Q3,15,15,419,0.03579952267303103
2020Q3,16,1,419,0.002386634844868735
2020Q3,17,11,419,0.026252983293556086
2020Q3,18,9,419,0.021479713603818614
2020Q3,19,4,419,0.00954653937947494
2020Q3,20,6,419,0.014319809069212411
2020Q3,21,14,419,0.03341288782816229
2020Q3,22,4,419,0.00954653937947494
2020Q3,23,4,419,0.00954653937947494
2020Q3,24,8,419,0.01909307875894988
2020Q3,25,3,419,0.007159904534606206
2020Q3,26,16,419,0.03818615751789976
2020Q3,27,2,419,0.00477326968973747
2020Q3,28,5,419,0.011933174224343675
2020Q3,29,9,419,0.021479713603818614
2020Q3,30,2,419,0.00477326968973747
2020Q3,31,3,419,0.007159904534606206
2020Q3,32,13,419,0.031026252983293555
2020Q3,33,12,419,0.028639618138424822
2020Q3,34,7,419,0.016706443914081145
2020Q3,35,1,419,0.002386634844868735
2020Q3,36,10,419,0.02386634844868735
2020Q3,37,2,419,0.00477326968973747
2020Q3,38,4,419,0.00954653937947494
2020Q3,39,3,419,0.007159904534606206
2020Q3,40,2,419,0.00477326968973747
2020Q3,41,6,419,0.014319809069212411
2020Q3,42,4,419,0.00954653937947494
2020Q3,43,3,419,0.007159904534606206
2020Q3,44,8,419,0.01909307875894988
2020Q3,45,1,419,0.002386634844868735
2020Q3,47,4,419,0.00954653937947494
2020Q3,48,7,419,0.016706443914081145
2020Q3,49,3,419,0.007159904534606206
2020Q3,50,2,419,0.00477326968973747
2020Q3,51,6,419,0.014319809069212411
2020Q3,52,2,419,0.00477326968973747
2020Q3,53,3,419,0.007159904534606206
2020Q3,56,4,419,0.00954653937947494
2020Q3,57,5,419,0.011933174224343675
2020Q3,58,2,419,0.00477326968973747
2020Q3,59,3,419,0.007159904534606206
2020Q3,60,12,419,0.028639618138424822
2020Q3,61,4,419,0.00954653937947494
2020Q3,62,1,419,0.002386634844868735
2020Q3,63,4,419,0.00954653937947494
2020Q3,64,1,419,0.002386634844868735
2020Q3,65,5,419,0.011933174224343675
2020Q3,66,5,419,0.011933174224343675
2020Q3,67,1,419,0.002386634844868735
2020Q3,68,1,419,0.002386634844868735
2020Q3,70,3,419,0.007159904534606206
2020Q4,0,18,348,0.05172413793103448
2020Q4,1,8,348,0.022988505747126436
2020Q4,2,6,348,0.017241379310344827
2020Q4,3,9,348,0.02586206896551724
2020Q4,4,11,348,0.031609195402298854
2020Q4,5,7,348,0.020114942528735632
2020Q4,6,13,348,0.03735632183908046
2020Q4,7,16,348,0.04597701149425287
2020Q4,8,14,348,0.040229885057471264
2020Q4,9,6,348,0.017241379310344827
2020Q4,10,8,348,0.022988505747126436
2020Q4,11,3,348,0.008620689655172414
2020Q4,12,7,348,0.020114942528735632
2020Q4,13,4,348,0.011494252873563218
2020Q4,14,7,348,0.020114942528735632
2020Q4,15,4,348,0.011494252873563218
2020Q4,16,12,348,0.034482758620689655
2020Q4,17,8,348,0.022988505747126436
2020Q4,18,2,348,0.005747126436781609
2020Q4,19,6,348,0.017241379310344827
2020Q4,20,2,348,0.005747126436781609
2020Q4,21,5,348,0.014367816091954023
2020Q4,22,3,348,0.008620689655172414
2020Q4,23,1,348,0.0028735632183908046
2020Q4,24,5,348,0.014367816091954023
2020Q4,25,8,348,0.022988505747126436
2020Q4,26,3,348,0.008620689655172414
2020Q4,27,6,348,0.017241379310344827
2020Q4,28,14,348,0.040229885057471264
2020Q4,29,2,348,0.005747126436781609
2020Q4,30,17,348,0.04885057471264368
2020Q4,32,1,348,0.0028735632183908046
2020Q4,33,6,348,0.017241379310344827
2020Q4,34,4,348,0.011494252873563218
2020Q4,35,4,348,0.011494252873563218
2020Q4,36,7,348,0.020114942528735632
2020Q4,37,1,348,0.0028735632183908046
2020Q4,38,4,348,0.011494252873563218
2020Q4,39,7,348,0.020114942528735632
2020Q4,40,2,348,0.005747126436781609
2020Q4,41,1,348,0.0028735632183908046
2020Q4,42,3,348,0.008620689655172414
2020Q4,43,3,348,0.008620689655172414
2020Q4,44,3,348,0.008620689655172414
2020Q4,46,2,348,0.005747126436781609
2020Q4,47,2,348,0.005747126436781609
2020Q4,49,2,348,0.005747126436781609
2020Q4,50,2,348,0.005747126436781609
2020Q4,51,2,348,0.005747126436781609
2020Q4,52,1,348,0.0028735632183908046
2020Q4,53,6,348,0.017241379310344827
2020Q4,54,5,348,0.014367816091954023
2020Q4,55,8,348,0.022988505747126436
2020Q4,56,2,348,0.005747126436781609
2020Q4,57,4,348,0.011494252873563218
2020Q4,58,5,348,0.014367816091954023
2020Q4,59,4,348,0.011494252873563218
2020Q4,61,1,348,0.0028735632183908046
2020Q4,63,3,348,0.008620689655172414
2020Q4,64,2,348,0.005747126436781609
2020Q4,65,2,348,0.005747126436781609
2020Q4,66,1,348,0.0028735632183908046
2020Q4,67,3,348,0.008620689655172414
2020Q4,68,2,348,0.005747126436781609
2020Q4,69,3,348,0.008620689655172414
2020Q4,70,5,348,0.014367816091954023
2021Q1,0,14,366,0.03825136612021858
2021Q1,1,24,366,0.06557377049180328
2021Q1,2,27,366,0.07377049180327869
2021Q1,3,12,366,0.03278688524590164
2021Q1,4,7,366,0.01912568306010929
2021Q1,5,10,366,0.0273224043715847
2021Q1,6,9,366,0.02459016393442623
2021Q1,7,11,366,0.030054644808743168
2021Q1,8,12,366,0.03278688524590164
2021Q1,9,6,366,0.01639344262295082
2021Q1,10,13,366,0.03551912568306011
2021Q1,11,7,366,0.01912568306010929
2021Q1,12,5,366,0.01366120218579235
2021Q1,13,3,366,0.00819672131147541
2021Q1,14,7,366,0.01912568306010929
2021Q1,15,3,366,0.00819672131147541
2021Q1,16,2,366,0.00546448087431694
2021Q1,17,10,366,0.0273224043715847
2021Q1,18,17,366,0.04644808743169399
2021Q1,19,7,366,0.01912568306010929
2021Q1,20,4,366,0.01092896174863388
2021Q1,21,9,366,0.02459016393442623
2021Q1,22,2,366,0.00546448087431694
2021Q1,23,7,366,0.01912568306010929
2021Q1,24,7,366,0.01912568306010929
2021Q1,25,4,366,0.01092896174863388
2021Q1,26,14,366,0.03825136612021858
2021Q1,27,7,366,0.01912568306010929
2021Q1,28,15,366,0.040983606557377046
2021Q1,29,1,366,0.00273224043715847
2021Q1,31,1,366,0.00273224043715847
2021Q1,33,1,366,0.00273224043715847
2021Q1,34,6,366,0.01639344262295082
2021Q1,35,2,366,0.00546448087431694
2021Q1,37,3,366,0.00819672131147541
2021Q1,38,1,366,0.00273224043715847
2021Q1,41,3,366,0.00819672131147541
2021Q1,42,4,366,0.01092896174863388
2021Q1,43,2,366,0.00546448087431694
2021Q1,44,10,366,0.0273224043715847
2021Q1,45,2,366,0.00546448087431694
2021Q1,46,2,366,0.00546448087431694
2021Q1,48,4,366,0.01092896174863388
2021Q1,49,3,366,0.00819672131147541
2021Q1,51,3,366,0.00819672131147541
2021Q1,52,3,366,0.00819672131147541
2021Q1,53,5,366,0.01366120218579235
2021Q1,54,2,366,0.00546448087431694
2021Q1,55,3,366,0.00819672131147541
2021Q1,58,4,366,0.01092896174863388
2021Q1,59,1,366,0.00273224043715847
2021Q1,60,5,366,0.01366120218579235
2021Q1,62,3,366,0.00819672131147541
2021Q1,63,1,366,0.00273224043715847
2021Q1,65,3,366,0.00819672131147541
2021Q1,66,3,366,0.00819672131147541
2021Q1,67,4,366,0.01092896174863388
2021Q1,69,1,366,0.00273224043715847
2021Q1,70,5,366,0.01366120218579235
2021Q2,0,31,360,0.08611111111111111
2021Q2,1,22,360,0.06111111111111111
2021Q2,2,14,360,0.03888888888888889
2021Q2,3,6,360,0.016666666666666666
2021Q2,4,5,360,0.013888888888888888
2021Q2,5,7,360,0.019444444444444445
2021Q2,6,3,360,0.008333333333333333
2021Q2,7,16,360,0.044444444444444446
2021Q2,8,19,360,0.05277777777777778
2021Q2,9,9,360,0.025
2021Q2,10,2,360,0.005555555555555556
2021Q2,11,4,360,0.011111111111111112
2021Q2,12,7,360,0.019444444444444445
2021Q2,13,5,360,0.013888888888888888
2021Q2,14,12,360,0.03333333333333333
2021Q2,15,3,360,0.008333333333333333
2021Q2,16,6,360,0.016666666666666666
2021Q2,17,7,360,0.019444444444444445
2021Q2,18,7,360,0.019444444444444445
2021Q2,20,3,360,0.008333333333333333
2021Q2,21,6,360,0.016666666666666666
2021Q2,22,5,360,0.013888888888888888
2021Q2,23,3,360,0.008333333333333333
2021Q2,24,10,360,0.027777777777777776
2021Q2,25,10,360,0.027777777777777776
2021Q2,26,11,360,0.030555555555555555
2021Q2,27,2,360,0.005555555555555556
2021Q2,28,3,360,0.008333333333333333
2021Q2,29,4,360,0.011111111111111112
2021Q2,30,2,360,0.005555555555555556
2021Q2,31,5,360,0.013888888888888888
2021Q2,32,5,360,0.013888888888888888
2021Q2,33,8,360,0.022222222222222223
2021Q2,34,1,360,0.002777777777777778
2021Q2,35,7,360,0.019444444444444445
2021Q2,36,5,360,0.013888888888888888
2021Q2,37,1,360,0.002777777777777778
2021Q2,38,3,360,0.008333333333333333
2021Q2,39,2,360,0.005555555555555556
2021Q2,40,2,360,0.005555555555555556
2021Q2,41,2,360,0.005555555555555556
2021Q2,42,1,360,0.002777777777777778
2021Q2,43,6,360,0.016666666666666666
2021Q2,44,7,360,0.019444444444444445
2021Q2,45,4,360,0.011111111111111112
2021Q2,46,1,360,0.002777777777777778
2021Q2,47,3,360,0.008333333333333333
2021Q2,48,2,360,0.005555555555555556
2021Q2,49,9,360,0.025
2021Q2,50,2,360,0.005555555555555556
2021Q2,51,2,360,0.005555555555555556
2021Q2,52,5,360,0.013888888888888888
2021Q2,53,1,360,0.002777777777777778
2021Q2,54,2,360,0.005555555555555556
2021Q2,55,3,360,0.008333333333333333
2021Q2,56,3,360,0.008333333333333333
2021Q2,57,2,360,0.005555555555555556
2021Q2,58,1,360,0.002777777777777778
2021Q2,59,2,360,0.005555555555555556
2021Q2,61,5,360,0.013888888888888888
2021Q2,63,4,360,0.011111111111111112
2021Q2,64,3,360,0.008333333333333333
2021Q2,65,2,360,0.005555555555555556
2021Q2,66,2,360,0.005555555555555556
2021Q2,67,2,360,0.005555555555555556
2021Q2,69,1,360,0.002777777777777778
2021Q3,0,26,395,0.06582278481012659
2021Q3,1,20,395,0.05063291139240506
2021Q3,2,13,395,0.03291139240506329
2021Q3,3,9,395,0.02278481012658228
2021Q3,4,12,395,0.030379746835443037
2021Q3,5,13,395,0.03291139240506329
2021Q3,6,12,395,0.030379746835443037
2021Q3,7,16,395,0.04050632911392405
2021Q3,8,17,395,0.043037974683544304
2021Q3,9,5,395,0.012658227848101266
2021Q3,10,8,395,0.020253164556962026
2021Q3,11,7,395,0.017721518987341773
2021Q3,12,6,395,0.015189873417721518
2021Q3,13,1,395,0.002531645569620253
2021Q3,14,10,395,0.02531645569620253
2021Q3,15,3,395,0.007594936708860759
2021Q3,16,8,395,0.020253164556962026
2021Q3,17,6,395,0.015189873417721518
2021Q3,18,11,395,0.027848101265822784
2021Q3,19,3,395,0.007594936708860759
2021Q3,20,2,395,0.005063291139240506
2021Q3,21,3,395,0.007594936708860759
2021Q3,22,9,395,0.02278481012658228
2021Q3,23,6,395,0.015189873417721518
2021Q3,24,3,395,0.007594936708860759
2021Q3,25,4,395,0.010126582278481013
2021Q3,26,3,395,0.007594936708860759
2021Q3,27,5,395,0.012658227848101266
2021Q3,28,15,395,0.0379746835443038
2021Q3,29,2,395,0.005063291139240506
2021Q3,30,6,395,0.015189873417721518
2021Q3,31,3,395,0.007594936708860759
2021Q3,32,4,395,0.010126582278481013
2021Q3,33,14,395,0.035443037974683546
2021Q3,34,6,395,0.015189873417721518
2021Q3,35,3,395,0.007594936708860759
2021Q3,36,6,395,0.015189873417721518
2021Q3,37,7,395,0.017721518987341773
2021Q3,38,7,395,0.017721518987341773
2021Q3,39,2,395,0.005063291139240506
2021Q3,40,3,395,0.007594936708860759
2021Q3,41,5,395,0.012658227848101266
2021Q3,42,6,395,0.015189873417721518
2021Q3,43,4,395,0.010126582278481013
2021Q3,44,1,395,0.002531645569620253
2021Q3,45,2,395,0.005063291139240506
2021Q3,46,6,395,0.015189873417721518
2021Q3,48,4,395,0.010126582278481013
2021Q3,49,2,395,0.005063291139240506
2021Q3,50,1,395,0.002531645569620253
2021Q3,51,1,395,0.002531645569620253
2021Q3,52,1,395,0.002531645569620253
2021Q3,53,1,395,0.002531645569620253
2021Q3,54,2,395,0.005063291139240506
2021Q3,55,1,395,0.002531645569620253
2021Q3,56,4,395,0.010126582278481013
2021Q3,57,1,395,0.002531645569620253
2021Q3,58,4,395,0.010126582278481013
2021Q3,59,2,395,0.005063291139240506
2021Q3,60,1,395,0.002531645569620253
2021Q3,61,3,395,0.007594936708860759
2021Q3,62,1,395,0.002531645569620253
2021Q3,63,6,395,0.015189873417721518
2021Q3,64,3,395,0.007594936708860759
2021Q3,65,7,395,0.017721518987341773
2021Q3,66,3,395,0.007594936708860759
2021Q3,68,1,395,0.002531645569620253
2021Q3,70,3,395,0.007594936708860759
2021Q4,0,11,299,0.03678929765886288
2021Q4,1,13,299,0.043478260869565216
2021Q4,2,13,299,0.043478260869565216
2021Q4,3,2,299,0.006688963210702341
2021Q4,4,8,299,0.026755852842809364
2021Q4,5,12,299,0.04013377926421405
2021Q4,6,14,299,0.046822742474916385
2021Q4,7,6,299,0.020066889632107024
2021Q4,8,5,299,0.016722408026755852
2021Q4,9,8,299,0.026755852842809364
2021Q4,10,9,299,0.030100334448160536
2021Q4,11,12,299,0.04013377926421405
2021Q4,12,9,299,0.030100334448160536
2021Q4,13,10,299,0.033444816053511704
2021Q4,14,11,299,0.03678929765886288
2021Q4,15,4,299,0.013377926421404682
2021Q4,16,2,299,0.006688963210702341
2021Q4,17,2,299,0.006688963210702341
2021Q4,18,6,299,0.020066889632107024
2021Q4,19,7,299,0.023411371237458192
2021Q4,20,2,299,0.006688963210702341
2021Q4,21,2,299,0.006688963210702341
2021Q4,22,4,299,0.013377926421404682
2021Q4,23,2,299,0.006688963210702341
2021Q4,24,2,299,0.006688963210702341
2021Q4,25,3,299,0.010033444816053512
2021Q4,26,5,299,0.016722408026755852
2021Q4,27,2,299,0.006688963210702341
2021Q4,28,8,299,0.026755852842809364
2021Q4,30,4,299,0.013377926421404682
2021Q4,32,4,299,0.013377926421404682
2021Q4,33,2,299,0.006688963210702341
2021Q4,34,4,299,0.013377926421404682
2021Q4,35,6,299,0.020066889632107024
2021Q4,36,4,299,0.013377926421404682
2021Q4,37,3,299,0.010033444816053512
2021Q4,38,4,299,0.013377926421404682
2021Q4,39,2,299,0.006688963210702341
2021Q4,40,3,299,0.010033444816053512
2021Q4,41,6,299,0.020066889632107024
2021Q4,42,3,299,0.010033444816053512
2021Q4,43,1,299,0.0033444816053511705
2021Q4,45,2,299,0.006688963210702341
2021Q4,46,1,299,0.0033444816053511705
2021Q4,47,2,299,0.006688963210702341
2021Q4,49,3,299,0.010033444816053512
2021Q4,50,3,299,0.010033444816053512
2021Q4,51,1,299,0.0033444816053511705
2021Q4,52,4,299,0.013377926421404682
2021Q4,53,3,299,0.010033444816053512
2021Q4,54,4,299,0.013377926421404682
2021Q4,55,2,299,0.006688963210702341
2021Q4,56,1,299,0.0033444816053511705
2021Q4,57,2,299,0.006688963210702341
2021Q4,58,1,299,0.0033444816053511705
2021Q4,59,2,299,0.006688963210702341
2021Q4,60,5,299,0.016722408026755852
2021Q4,61,1,299,0.0033444816053511705
2021Q4,63,2,299,0.006688963210702341
2021Q4,64,1,299,0.0033444816053511705
2021Q4,66,4,299,0.013377926421404682
2021Q4,67,6,299,0.020066889632107024
2021Q4,68,4,299,0.013377926421404682
2021Q4,69,1,299,0.0033444816053511705
2021Q4,70,4,299,0.013377926421404682
2022Q1,0,14,339,0.04129793510324484
2022Q1,1,36,339,0.10619469026548672
2022Q1,2,19,339,0.05604719764011799
2022Q1,3,4,339,0.011799410029498525
2022Q1,4,7,339,0.02064896755162242
2022Q1,5,14,339,0.04129793510324484
2022Q1,6,8,339,0.02359882005899705
2022Q1,7,11,339,0.032448377581120944
2022Q1,8,6,339,0.017699115044247787
2022Q1,9,9,339,0.02654867256637168
2022Q1,10,11,339,0.032448377581120944
2022Q1,11,6,339,0.017699115044247787
2022Q1,12,3,339,0.008849557522123894
2022Q1,13,2,339,0.0058997050147492625
2022Q1,14,15,339,0.04424778761061947
2022Q1,15,3,339,0.008849557522123894
2022Q1,16,5,339,0.014749262536873156
2022Q1,17,5,339,0.014749262536873156
2022Q1,18,5,339,0.014749262536873156
2022Q1,19,4,339,0.011799410029498525
2022Q1,20,5,339,0.014749262536873156
2022Q1,21,4,339,0.011799410029498525
2022Q1,22,2,339,0.0058997050147492625
2022Q1,23,8,339,0.02359882005899705
2022Q1,24,4,339,0.011799410029498525
2022Q1,25,7,339,0.02064896755162242
2022Q1,26,11,339,0.032448377581120944
2022Q1,27,4,339,0.011799410029498525
2022Q1,28,7,339,0.02064896755162242
2022Q1,29,6,339,0.017699115044247787
2022Q1,30,3,339,0.008849557522123894
2022Q1,31,6,339,0.017699115044247787
2022Q1,32,2,339,0.0058997050147492625
2022Q1,33,1,339,0.0029498525073746312
2022Q1,34,2,339,0.0058997050147492625
2022Q1,35,1,339,0.0029498525073746312
2022Q1,36,9,339,0.02654867256637168
2022Q1,37,4,339,0.011799410029498525
2022Q1,38,4,339,0.011799410029498525
2022Q1,39,3,339,0.008849557522123894
2022Q1,40,2,339,0.0058997050147492625
2022Q1,41,1,339,0.0029498525073746312
2022Q1,42,2,339,0.0058997050147492625
2022Q1,43,1,339,0.0029498525073746312
2022Q1,44,2,339,0.0058997050147492625
2022Q1,45,1,339,0.0029498525073746312
2022Q1,46,4,339,0.011799410029498525
2022Q1,47,3,339,0.008849557522123894
2022Q1,48,2,339,0.0058997050147492625
2022Q1,50,2,339,0.0058997050147492625
2022Q1,52,2,339,0.0058997050147492625
2022Q1,53,4,339,0.011799410029498525
2022Q1,55,7,339,0.02064896755162242
2022Q1,57,2,339,0.0058997050147492625
2022Q1,58,1,339,0.0029498525073746312
2022Q1,59,1,339,0.0029498525073746312
2022Q1,60,5,339,0.014749262536873156
2022Q1,61,5,339,0.014749262536873156
2022Q1,63,2,339,0.0058997050147492625
2022Q1,64,3,339,0.008849557522123894
2022Q1,65,1,339,0.0029498525073746312
2022Q1,66,2,339,0.0058997050147492625
2022Q1,68,3,339,0.008849557522123894
2022Q1,70,1,339,0.0029498525073746312
2022Q2,0,22,364,0.06043956043956044
2022Q2,1,22,364,0.06043956043956044
2022Q2,2,17,364,0.046703296703296704
2022Q2,3,10,364,0.027472527472527472
2022Q2,4,9,364,0.024725274725274724
2022Q2,5,8,364,0.02197802197802198
2022Q2,6,4,364,0.01098901098901099
2022Q2,7,13,364,0.03571428571428571
2022Q2,8,6,364,0.016483516483516484
2022Q2,9,10,364,0.027472527472527472
2022Q2,10,9,364,0.024725274725274724
2022Q2,11,8,364,0.02197802197802198
2022Q2,12,13,364,0.03571428571428571
2022Q2,13,7,364,0.019230769230769232
2022Q2,14,9,364,0.024725274725274724
2022Q2,15,2,364,0.005494505494505495
2022Q2,16,8,364,0.02197802197802198
2022Q2,17,3,364,0.008241758241758242
2022Q2,18,5,364,0.013736263736263736
2022Q2,19,2,364,0.005494505494505495
2022Q2,20,6,364,0.016483516483516484
2022Q2,22,3,364,0.008241758241758242
2022Q2,23,5,364,0.013736263736263736
2022Q2,24,5,364,0.013736263736263736
2022Q2,25,9,364,0.024725274725274724
2022Q2,26,3,364,0.008241758241758242
2022Q2,27,1,364,0.0027472527472527475
2022Q2,28,7,364,0.019230769230769232
2022Q2,29,2,364,0.005494505494505495
2022Q2,30,5,364,0.013736263736263736
2022Q2,31,5,364,0.013736263736263736
2022Q2,32,4,364,0.01098901098901099
2022Q2,33,4,364,0.01098901098901099
2022Q2,34,1,364,0.0027472527472527475
2022Q2,35,2,364,0.005494505494505495
2022Q2,36,9,364,0.024725274725274724
2022Q2,37,8,364,0.02197802197802198
2022Q2,38,7,364,0.019230769230769232
2022Q2,39,2,364,0.005494505494505495
2022Q2,40,9,364,0.024725274725274724
2022Q2,41,7,364,0.019230769230769232
2022Q2,42,2,364,0.005494505494505495
2022Q2,43,1,364,0.0027472527472527475
2022Q2,44,4,364,0.01098901098901099
2022Q2,45,1,364,0.0027472527472527475
2022Q2,46,4,364,0.01098901098901099
2022Q2,47,4,364,0.01098901098901099
2022Q2,48,6,364,0.016483516483516484
2022Q2,49,4,364,0.01098901098901099
2022Q2,50,2,364,0.005494505494505495
2022Q2,51,2,364,0.005494505494505495
2022Q2,52,5,364,0.013736263736263736
2022Q2,53,5,364,0.013736263736263736
2022Q2,54,2,364,0.005494505494505495
2022Q2,55,7,364,0.019230769230769232
2022Q2,56,2,364,0.005494505494505495
2022Q2,57,2,364,0.005494505494505495
2022Q2,58,3,364,0.008241758241758242
2022Q2,60,2,364,0.005494505494505495
2022Q2,61,1,364,0.0027472527472527475
2022Q2,62,3,364,0.008241758241758242
2022Q2,63,3,364,0.008241758241758242
2022Q2,65,2,364,0.005494505494505495
2022Q2,67,1,364,0.0027472527472527475
2022Q2,68,3,364,0.008241758241758242
2022Q2,69,2,364,0.005494505494505495
2022Q3,0,20,331,0.06042296072507553
2022Q3,1,24,331,0.07250755287009064
2022Q3,2,9,331,0.027190332326283987
2022Q3,3,9,331,0.027190332326283987
2022Q3,4,27,331,0.08157099697885196
2022Q3,5,7,331,0.021148036253776436
2022Q3,6,1,331,0.0030211480362537764
2022Q3,7,9,331,0.027190332326283987
2022Q3,8,1,331,0.0030211480362537764
2022Q3,9,10,331,0.030211480362537766
2022Q3,10,4,331,0.012084592145015106
2022Q3,11,12,331,0.03625377643504532
2022Q3,12,13,331,0.03927492447129909
2022Q3,13,2,331,0.006042296072507553
2022Q3,14,3,331,0.00906344410876133
2022Q3,15,10,331,0.030211480362537766
2022Q3,16,1,331,0.0030211480362537764
2022Q3,17,1,331,0.0030211480362537764
2022Q3,18,7,331,0.021148036253776436
2022Q3,20,3,331,0.00906344410876133
2022Q3,21,1,331,0.0030211480362537764
2022Q3,22,3,331,0.00906344410876133
2022Q3,23,2,331,0.006042296072507553
2022Q3,24,6,331,0.01812688821752266
2022Q3,25,5,331,0.015105740181268883
2022Q3,26,7,331,0.021148036253776436
2022Q3,27,10,331,0.030211480362537766
2022Q3,28,5,331,0.015105740181268883
2022Q3,29,1,331,0.0030211480362537764
2022Q3,30,4,331,0.012084592145015106
2022Q3,31,4,331,0.012084592145015106
2022Q3,32,4,331,0.012084592145015106
2022Q3,33,3,331,0.00906344410876133
2022Q3,34,2,331,0.006042296072507553
2022Q3,35,6,331,0.01812688821752266
2022Q3,36,8,331,0.02416918429003021
2022Q3,37,4,331,0.012084592145015106
2022Q3,38,20,331,0.06042296072507553
2022Q3,39,3,331,0.00906344410876133
2022Q3,40,5,331,0.015105740181268883
2022Q3,41,2,331,0.006042296072507553
2022Q3,42,1,331,0.0030211480362537764
2022Q3,43,1,331,0.0030211480362537764
2022Q3,44,6,331,0.01812688821752266
2022Q3,45,1,331,0.0030211480362537764
2022Q3,46,3,331,0.00906344410876133
2022Q3,47,1,331,0.0030211480362537764
2022Q3,48,3,331,0.00906344410876133
2022Q3,49,3,331,0.00906344410876133
2022Q3,50,1,331,0.0030211480362537764
2022Q3,52,3,331,0.00906344410876133
2022Q3,53,1,331,0.0030211480362537764
2022Q3,54,4,331,0.012084592145015106
2022Q3,55,4,331,0.012084592145015106
2022Q3,56,2,331,0.006042296072507553
2022Q3,57,2,331,0.006042296072507553
2022Q3,59,7,331,0.021148036253776436
2022Q3,60,3,331,0.00906344410876133
2022Q3,63,2,331,0.006042296072507553
2022Q3,64,1,331,0.0030211480362537764
2022Q3,65,1,331,0.0030211480362537764
2022Q3,68,1,331,0.0030211480362537764
2022Q3,69,2,331,0.006042296072507553
2022Q4,0,24,328,0.07317073170731707
2022Q4,1,22,328,0.06707317073170732
2022Q4,2,6,328,0.018292682926829267
2022Q4,3,17,328,0.051829268292682924
2022Q4,4,10,328,0.03048780487804878
2022Q4,5,8,328,0.024390243902439025
2022Q4,6,13,328,0.039634146341463415
2022Q4,7,4,328,0.012195121951219513
2022Q4,8,5,328,0.01524390243902439
2022Q4,9,4,328,0.012195121951219513
2022Q4,10,11,328,0.03353658536585366
2022Q4,11,3,328,0.009146341463414634
2022Q4,12,12,328,0.036585365853658534
2022Q4,13,2,328,0.006097560975609756
2022Q4,14,4,328,0.012195121951219513
2022Q4,15,5,328,0.01524390243902439
2022Q4,16,9,328,0.027439024390243903
2022Q4,17,2,328,0.006097560975609756
2022Q4,18,6,328,0.018292682926829267
2022Q4,19,12,328,0.036585365853658534
2022Q4,20,4,328,0.012195121951219513
2022Q4,21,6,328,0.018292682926829267
2022Q4,22,5,328,0.01524390243902439
2022Q4,23,2,328,0.006097560975609756
2022Q4,24,4,328,0.012195121951219513
2022Q4,25,6,328,0.018292682926829267
2022Q4,26,6,328,0.018292682926829267
2022Q4,27,1,328,0.003048780487804878
2022Q4,28,9,328,0.027439024390243903
2022Q4,29,4,328,0.012195121951219513
2022Q4,30,3,328,0.009146341463414634
2022Q4,31,4,328,0.012195121951219513
2022Q4,33,1,328,0.003048780487804878
2022Q4,34,2,328,0.006097560975609756
2022Q4,35,6,328,0.018292682926829267
2022Q4,36,1,328,0.003048780487804878
2022Q4,37,3,328,0.009146341463414634
2022Q4,38,4,328,0.012195121951219513
2022Q4,40,12,328,0.036585365853658534
2022Q4,41,1,328,0.003048780487804878
2022Q4,42,3,328,0.009146341463414634
2022Q4,43,2,328,0.006097560975609756
2022Q4,44,2,328,0.006097560975609756
2022Q4,45,6,328,0.018292682926829267
2022Q4,46,1,328,0.003048780487804878
2022Q4,47,1,328,0.003048780487804878
2022Q4,48,4,328,0.012195121951219513
2022Q4,49,6,328,0.018292682926829267
2022Q4,51,2,328,0.006097560975609756
2022Q4,53,1,328,0.003048780487804878
2022Q4,54,4,328,0.012195121951219513
2022Q4,55,1,328,0.003048780487804878
2022Q4,56,8,328,0.024390243902439025
2022Q4,58,2,328,0.006097560975609756
2022Q4,59,4,328,0.012195121951219513
2022Q4,60,2,328,0.006097560975609756
2022Q4,61,5,328,0.01524390243902439
2022Q4,62,1,328,0.003048780487804878
2022Q4,63,2,328,0.006097560975609756
2022Q4,64,4,328,0.012195121951219513
2022Q4,65,2,328,0.006097560975609756
2022Q4,66,1,328,0.003048780487804878
2022Q4,69,1,328,0.003048780487804878
2023Q1,0,10,338,0.029585798816568046
2023Q1,1,21,338,0.0621301775147929
2023Q1,2,16,338,0.047337278106508875
2023Q1,3,35,338,0.10355029585798817
2023Q1,4,8,338,0.023668639053254437
2023Q1,5,14,338,0.04142011834319527
2023Q1,6,8,338,0.023668639053254437
2023Q1,7,9,338,0.026627218934911243
2023Q1,8,5,338,0.014792899408284023
2023Q1,9,2,338,0.005917159763313609
2023Q1,10,6,338,0.01775147928994083
2023Q1,11,8,338,0.023668639053254437
2023Q1,12,8,338,0.023668639053254437
2023Q1,13,8,338,0.023668639053254437
2023Q1,14,8,338,0.023668639053254437
2023Q1,15,9,338,0.026627218934911243
2023Q1,16,10,338,0.029585798816568046
2023Q1,18,4,338,0.011834319526627219
2023Q1,19,4,338,0.011834319526627219
2023Q1,20,5,338,0.014792899408284023
2023Q1,21,5,338,0.014792899408284023
2023Q1,22,4,338,0.011834319526627219
2023Q1,23,5,338,0.014792899408284023
2023Q1,24,4,338,0.011834319526627219
2023Q1,25,2,338,0.005917159763313609
2023Q1,26,3,338,0.008875739644970414
2023Q1,27,1,338,0.0029585798816568047
2023Q1,28,2,338,0.005917159763313609
2023Q1,29,2,338,0.005917159763313609
2023Q1,30,2,338,0.005917159763313609
2023Q1,31,2,338,0.005917159763313609
2023Q1,32,4,338,0.011834319526627219
2023Q1,33,2,338,0.005917159763313609
2023Q1,34,2,338,0.005917159763313609
2023Q1,35,4,338,0.011834319526627219
2023Q1,36,5,338,0.014792899408284023
2023Q1,37,8,338,0.023668639053254437
2023Q1,38,7,338,0.020710059171597635
2023Q1,39,6,338,0.01775147928994083
2023Q1,40,1,338,0.0029585798816568047
2023Q1,41,5,338,0.014792899408284023
2023Q1,42,6,338,0.01775147928994083
2023Q1,44,1,338,0.0029585798816568047
2023Q1,45,5,338,0.014792899408284023
2023Q1,48,8,338,0.023668639053254437
2023Q1,49,2,338,0.005917159763313609
2023Q1,50,2,338,0.005917159763313609
2023Q1,51,4,338,0.011834319526627219
2023Q1,52,1,338,0.0029585798816568047
2023Q1,53,2,338,0.005917159763313609
2023Q1,54,2,338,0.005917159763313609
2023Q1,55,2,338,0.005917159763313609
2023Q1,56,2,338,0.005917159763313609
2023Q1,57,1,338,0.0029585798816568047
2023Q1,58,2,338,0.005917159763313609
2023Q1,59,7,338,0.020710059171597635
2023Q1,62,2,338,0.005917159763313609
2023Q1,63,1,338,0.0029585798816568047
2023Q1,64,5,338,0.014792899408284023
2023Q1,66,3,338,0.008875739644970414
2023Q1,67,1,338,0.0029585798816568047
2023Q1,68,2,338,0.005917159763313609
2023Q1,69,3,338,0.008875739644970414
2023Q2,0,22,339,0.06489675516224189
2023Q2,1,13,339,0.038348082595870206
2023Q2,2,6,339,0.017699115044247787
2023Q2,3,34,339,0.10029498525073746
2023Q2,4,6,339,0.017699115044247787
2023Q2,5,13,339,0.038348082595870206
2023Q2,6,7,339,0.02064896755162242
2023Q2,7,6,339,0.017699115044247787
2023Q2,8,8,339,0.02359882005899705
2023Q2,9,1,339,0.0029498525073746312
2023Q2,10,4,339,0.011799410029498525
2023Q2,11,9,339,0.02654867256637168
2023Q2,12,6,339,0.017699115044247787
2023Q2,13,5,339,0.014749262536873156
2023Q2,14,10,339,0.029498525073746312
2023Q2,15,5,339,0.014749262536873156
2023Q2,16,19,339,0.05604719764011799
2023Q2,17,6,339,0.017699115044247787
2023Q2,18,11,339,0.032448377581120944
2023Q2,19,5,339,0.014749262536873156
2023Q2,20,4,339,0.011799410029498525
2023Q2,21,3,339,0.008849557522123894
2023Q2,22,3,339,0.008849557522123894
2023Q2,23,2,339,0.0058997050147492625
2023Q2,24,9,339,0.02654867256637168
2023Q2,25,3,339,0.008849557522123894
2023Q2,26,8,339,0.02359882005899705
2023Q2,27,10,339,0.029498525073746312
2023Q2,28,1,339,0.0029498525073746312
2023Q2,30,5,339,0.014749262536873156
2023Q2,32,4,339,0.011799410029498525
2023Q2,33,1,339,0.0029498525073746312
2023Q2,34,2,339,0.0058997050147492625
2023Q2,35,5,339,0.014749262536873156
2023Q2,36,4,339,0.011799410029498525
2023Q2,37,5,339,0.014749262536873156
2023Q2,38,7,339,0.02064896755162242
2023Q2,39,2,339,0.0058997050147492625
2023Q2,40,2,339,0.0058997050147492625
2023Q2,41,3,339,0.008849557522123894
2023Q2,43,5,339,0.014749262536873156
2023Q2,45,1,339,0.0029498525073746312
2023Q2,46,5,339,0.014749262536873156
2023Q2,47,2,339,0.0058997050147492625
2023Q2,48,5,339,0.014749262536873156
2023Q2,49,3,339,0.008849557522123894
2023Q2,50,1,339,0.0029498525073746312
2023Q2,51,2,339,0.0058997050147492625
2023Q2,52,3,339,0.008849557522123894
2023Q2,54,2,339,0.0058997050147492625
2023Q2,56,3,339,0.008849557522123894
2023Q2,59,2,339,0.0058997050147492625
2023Q2,60,3,339,0.008849557522123894
2023Q2,61,1,339,0.0029498525073746312
2023Q2,62,1,339,0.0029498525073746312
2023Q2,63,2,339,0.0058997050147492625
2023Q2,64,9,339,0.02654867256637168
2023Q2,67,1,339,0.0029498525073746312
2023Q2,68,4,339,0.011799410029498525
2023Q2,69,5,339,0.014749262536873156
2023Q3,0,25,357,0.0700280112044818
2023Q3,1,11,357,0.03081232492997199
2023Q3,2,2,357,0.0056022408963585435
2023Q3,3,32,357,0.0896358543417367
2023Q3,4,4,357,0.011204481792717087
2023Q3,5,8,357,0.022408963585434174
2023Q3,6,11,357,0.03081232492997199
2023Q3,7,13,357,0.036414565826330535
2023Q3,8,7,357,0.0196078431372549
2023Q3,9,9,357,0.025210084033613446
2023Q3,10,2,357,0.0056022408963585435
2023Q3,11,12,357,0.03361344537815126
2023Q3,12,5,357,0.014005602240896359
2023Q3,13,12,357,0.03361344537815126
2023Q3,14,6,357,0.01680672268907563
2023Q3,15,7,357,0.0196078431372549
2023Q3,16,12,357,0.03361344537815126
2023Q3,17,1,357,0.0028011204481792717
2023Q3,18,15,357,0.04201680672268908
2023Q3,19,7,357,0.0196078431372549
2023Q3,20,8,357,0.022408963585434174
2023Q3,21,3,357,0.008403361344537815
2023Q3,22,9,357,0.025210084033613446
2023Q3,23,4,357,0.011204481792717087
2023Q3,24,2,357,0.0056022408963585435
2023Q3,25,3,357,0.008403361344537815
2023Q3,26,8,357,0.022408963585434174
2023Q3,27,11,357,0.03081232492997199
2023Q3,28,8,357,0.022408963585434174
2023Q3,29,3,357,0.008403361344537815
2023Q3,30,6,357,0.01680672268907563
2023Q3,31,6,357,0.01680672268907563
2023Q3,33,4,357,0.011204481792717087
2023Q3,34,5,357,0.014005602240896359
2023Q3,35,5,357,0.014005602240896359
2023Q3,37,4,357,0.011204481792717087
2023Q3,38,2,357,0.0056022408963585435
2023Q3,39,4,357,0.011204481792717087
2023Q3,40,3,357,0.008403361344537815
2023Q3,41,1,357,0.0028011204481792717
2023Q3,42,3,357,0.008403361344537815
2023Q3,43,3,357,0.008403361344537815
2023Q3,44,4,357,0.011204481792717087
2023Q3,45,1,357,0.0028011204481792717
2023Q3,46,4,357,0.011204481792717087
2023Q3,47,2,357,0.0056022408963585435
2023Q3,48,2,357,0.0056022408963585435
2023Q3,50,3,357,0.008403361344537815
2023Q3,51,1,357,0.0028011204481792717
2023Q3,52,3,357,0.008403361344537815
2023Q3,53,1,357,0.0028011204481792717
2023Q3,54,8,357,0.022408963585434174
2023Q3,55,1,357,0.0028011204481792717
2023Q3,56,1,357,0.0028011204481792717
2023Q3,57,3,357,0.008403361344537815
2023Q3,58,4,357,0.011204481792717087
2023Q3,60,1,357,0.0028011204481792717
2023Q3,61,1,357,0.0028011204481792717
2023Q3,63,1,357,0.0028011204481792717
2023Q3,64,2,357,0.0056022408963585435
2023Q3,65,1,357,0.0028011204481792717
2023Q3,66,2,357,0.0056022408963585435
2023Q3,67,1,357,0.0028011204481792717
2023Q3,69,4,357,0.011204481792717087
2023Q4,0,12,351,0.03418803418803419
2023Q4,1,19,351,0.05413105413105413
2023Q4,3,4,351,0.011396011396011397
2023Q4,4,9,351,0.02564102564102564
2023Q4,5,5,351,0.014245014245014245
2023Q4,6,17,351,0.04843304843304843
2023Q4,7,10,351,0.02849002849002849
2023Q4,8,3,351,0.008547008547008548
2023Q4,9,11,351,0.03133903133903134
2023Q4,10,15,351,0.042735042735042736
2023Q4,11,8,351,0.022792022792022793
2023Q4,12,7,351,0.019943019943019943
2023Q4,13,14,351,0.039886039886039885
2023Q4,14,8,351,0.022792022792022793
2023Q4,15,8,351,0.022792022792022793
2023Q4,16,6,351,0.017094017094017096
2023Q4,18,7,351,0.019943019943019943
2023Q4,19,6,351,0.017094017094017096
2023Q4,20,8,351,0.022792022792022793
2023Q4,21,1,351,0.002849002849002849
2023Q4,22,10,351,0.02849002849002849
2023Q4,23,1,351,0.002849002849002849
2023Q4,24,9,351,0.02564102564102564
2023Q4,25,8,351,0.022792022792022793
2023Q4,26,2,351,0.005698005698005698
2023Q4,27,6,351,0.017094017094017096
2023Q4,28,6,351,0.017094017094017096
2023Q4,29,13,351,0.037037037037037035
2023Q4,30,12,351,0.03418803418803419
2023Q4,32,3,351,0.008547008547008548
2023Q4,33,2,351,0.005698005698005698
2023Q4,34,1,351,0.002849002849002849
2023Q4,35,2,351,0.005698005698005698
2023Q4,36,11,351,0.03133903133903134
2023Q4,37,7,351,0.019943019943019943
2023Q4,38,1,351,0.002849002849002849
2023Q4,39,3,351,0.008547008547008548
2023Q4,40,8,351,0.022792022792022793
2023Q4,41,5,351,0.014245014245014245
2023Q4,42,1,351,0.002849002849002849
2023Q4,43,1,351,0.002849002849002849
2023Q4,44,4,351,0.011396011396011397
2023Q4,45,6,351,0.017094017094017096
2023Q4,46,12,351,0.03418803418803419
2023Q4,47,3,351,0.008547008547008548
2023Q4,48,2,351,0.005698005698005698
2023Q4,49,3,351,0.008547008547008548
2023Q4,50,1,351,0.002849002849002849
2023Q4,52,3,351,0.008547008547008548
2023Q4,54,5,351,0.014245014245014245
2023Q4,55,3,351,0.008547008547008548
2023Q4,57,2,351,0.005698005698005698
2023Q4,58,3,351,0.008547008547008548
2023Q4,59,2,351,0.005698005698005698
2023Q4,63,1,351,0.002849002849002849
2023Q4,64,1,351,0.002849002849002849
2023Q4,66,6,351,0.017094017094017096
2023Q4,69,4,351,0.011396011396011397
2024Q1,0,14,342,0.04093567251461988
2024Q1,1,11,342,0.03216374269005848
2024Q1,2,13,342,0.038011695906432746
2024Q1,3,18,342,0.05263157894736842
2024Q1,4,13,342,0.038011695906432746
2024Q1,5,4,342,0.011695906432748537
2024Q1,6,19,342,0.05555555555555555
2024Q1,7,8,342,0.023391812865497075
2024Q1,8,2,342,0.005847953216374269
2024Q1,9,10,342,0.029239766081871343
2024Q1,10,11,342,0.03216374269005848
2024Q1,11,11,342,0.03216374269005848
2024Q1,12,17,342,0.049707602339181284
2024Q1,13,7,342,0.02046783625730994
2024Q1,14,3,342,0.008771929824561403
2024Q1,15,6,342,0.017543859649122806
2024Q1,16,5,342,0.014619883040935672
2024Q1,17,1,342,0.0029239766081871343
2024Q1,18,6,342,0.017543859649122806
2024Q1,19,3,342,0.008771929824561403
2024Q1,20,3,342,0.008771929824561403
2024Q1,21,4,342,0.011695906432748537
2024Q1,22,9,342,0.02631578947368421
2024Q1,23,1,342,0.0029239766081871343
2024Q1,24,3,342,0.008771929824561403
2024Q1,25,12,342,0.03508771929824561
2024Q1,26,4,342,0.011695906432748537
2024Q1,27,11,342,0.03216374269005848
2024Q1,28,7,342,0.02046783625730994
2024Q1,29,3,342,0.008771929824561403
2024Q1,30,6,342,0.017543859649122806
2024Q1,31,2,342,0.005847953216374269
2024Q1,32,2,342,0.005847953216374269
2024Q1,33,6,342,0.017543859649122806
2024Q1,34,2,342,0.005847953216374269
2024Q1,35,3,342,0.008771929824561403
2024Q1,36,5,342,0.014619883040935672
2024Q1,37,6,342,0.017543859649122806
2024Q1,38,3,342,0.008771929824561403
2024Q1,39,8,342,0.023391812865497075
2024Q1,40,4,342,0.011695906432748537
2024Q1,41,3,342,0.008771929824561403
2024Q1,42,2,342,0.005847953216374269
2024Q1,43,1,342,0.0029239766081871343
2024Q1,44,6,342,0.017543859649122806
2024Q1,46,3,342,0.008771929824561403
2024Q1,47,6,342,0.017543859649122806
2024Q1,48,2,342,0.005847953216374269
2024Q1,49,4,342,0.011695906432748537
2024Q1,52,3,342,0.008771929824561403
2024Q1,53,5,342,0.014619883040935672
2024Q1,54,1,342,0.0029239766081871343
2024Q1,55,2,342,0.005847953216374269
2024Q1,56,1,342,0.0029239766081871343
2024Q1,57,1,342,0.0029239766081871343
2024Q1,59,2,342,0.005847953216374269
2024Q1,60,2,342,0.005847953216374269
2024Q1,61,2,342,0.005847953216374269
2024Q1,62,1,342,0.0029239766081871343
2024Q1,63,2,342,0.005847953216374269
2024Q1,64,2,342,0.005847953216374269
2024Q1,66,1,342,0.0029239766081871343
2024Q1,67,2,342,0.005847953216374269
2024Q1,68,1,342,0.0029239766081871343
2024Q1,70,1,342,0.0029239766081871343
2024Q2,0,13,352,0.036931818181818184
2024Q2,1,19,352,0.05397727272727273
2024Q2,2,6,352,0.017045454545454544
2024Q2,3,8,352,0.022727272727272728
2024Q2,4,4,352,0.011363636363636364
2024Q2,5,3,352,0.008522727272727272
2024Q2,6,13,352,0.036931818181818184
2024Q2,7,2,352,0.005681818181818182
2024Q2,8,5,352,0.014204545454545454
2024Q2,9,4,352,0.011363636363636364
2024Q2,10,11,352,0.03125
2024Q2,11,11,352,0.03125
2024Q2,12,7,352,0.019886363636363636
2024Q2,13,6,352,0.017045454545454544
2024Q2,14,18,352,0.05113636363636364
2024Q2,15,5,352,0.014204545454545454
2024Q2,16,18,352,0.05113636363636364
2024Q2,17,2,352,0.005681818181818182
2024Q2,18,16,352,0.045454545454545456
2024Q2,19,7,352,0.019886363636363636
2024Q2,20,3,352,0.008522727272727272
2024Q2,21,5,352,0.014204545454545454
2024Q2,22,6,352,0.017045454545454544
2024Q2,23,9,352,0.02556818181818182
2024Q2,24,2,352,0.005681818181818182
2024Q2,25,1,352,0.002840909090909091
2024Q2,26,4,352,0.011363636363636364
2024Q2,27,5,352,0.014204545454545454
2024Q2,28,7,352,0.019886363636363636
2024Q2,29,4,352,0.011363636363636364
2024Q2,30,3,352,0.008522727272727272
2024Q2,31,5,352,0.014204545454545454
2024Q2,32,9,352,0.02556818181818182
2024Q2,33,2,352,0.005681818181818182
2024Q2,34,4,352,0.011363636363636364
2024Q2,35,9,352,0.02556818181818182
2024Q2,36,10,352,0.028409090909090908
2024Q2,37,9,352,0.02556818181818182
2024Q2,38,2,352,0.005681818181818182
2024Q2,39,1,352,0.002840909090909091
2024Q2,40,2,352,0.005681818181818182
2024Q2,41,2,352,0.005681818181818182
2024Q2,43,6,352,0.017045454545454544
2024Q2,44,7,352,0.019886363636363636
2024Q2,45,7,352,0.019886363636363636
2024Q2,46,5,352,0.014204545454545454
2024Q2,48,1,352,0.002840909090909091
2024Q2,49,4,352,0.011363636363636364
2024Q2,50,1,352,0.002840909090909091
2024Q2,51,5,352,0.014204545454545454
2024Q2,53,1,352,0.002840909090909091
2024Q2,54,4,352,0.011363636363636364
2024Q2,55,2,352,0.005681818181818182
2024Q2,57,2,352,0.005681818181818182
2024Q2,58,1,352,0.002840909090909091
2024Q2,59,4,352,0.011363636363636364
2024Q2,60,1,352,0.002840909090909091
2024Q2,61,1,352,0.002840909090909091
2024Q2,62,1,352,0.002840909090909091
2024Q2,63,4,352,0.011363636363636364
2024Q2,64,1,352,0.002840909090909091
2024Q2,66,1,352,0.002840909090909091
2024Q2,67,4,352,0.011363636363636364
2024Q2,68,1,352,0.002840909090909091
2024Q2,69,6,352,0.017045454545454544
2024Q3,0,16,319,0.050156739811912224
2024Q3,1,18,319,0.05642633228840126
2024Q3,2,16,319,0.050156739811912224
2024Q3,3,8,319,0.025078369905956112
2024Q3,4,17,319,0.05329153605015674
2024Q3,5,5,319,0.01567398119122257
2024Q3,6,7,319,0.0219435736677116
2024Q3,7,1,319,0.003134796238244514
2024Q3,8,5,319,0.01567398119122257
2024Q3,9,10,319,0.03134796238244514
2024Q3,10,3,319,0.009404388714733543
2024Q3,11,4,319,0.012539184952978056
2024Q3,12,9,319,0.02821316614420063
2024Q3,14,3,319,0.009404388714733543
2024Q3,15,9,319,0.02821316614420063
2024Q3,16,6,319,0.018808777429467086
2024Q3,17,3,319,0.009404388714733543
2024Q3,18,6,319,0.018808777429467086
2024Q3,19,3,319,0.009404388714733543
2024Q3,20,6,319,0.018808777429467086
2024Q3,21,3,319,0.009404388714733543
2024Q3,22,6,319,0.018808777429467086
2024Q3,23,4,319,0.012539184952978056
2024Q3,24,2,319,0.006269592476489028
2024Q3,25,1,319,0.003134796238244514
2024Q3,26,6,319,0.018808777429467086
2024Q3,27,2,319,0.006269592476489028
2024Q3,28,5,319,0.01567398119122257
2024Q3,29,3,319,0.009404388714733543
2024Q3,30,10,319,0.03134796238244514
2024Q3,31,1,319,0.003134796238244514
2024Q3,32,13,319,0.04075235109717868
2024Q3,33,2,319,0.006269592476489028
2024Q3,34,4,319,0.012539184952978056
2024Q3,35,1,319,0.003134796238244514
2024Q3,36,4,319,0.012539184952978056
2024Q3,37,10,319,0.03134796238244514
2024Q3,39,4,319,0.012539184952978056
2024Q3,40,2,319,0.006269592476489028
2024Q3,41,2,319,0.006269592476489028
2024Q3,42,1,319,0.003134796238244514
2024Q3,43,5,319,0.01567398119122257
2024Q3,44,5,319,0.01567398119122257
2024Q3,45,1,319,0.003134796238244514
2024Q3,46,4,319,0.012539184952978056
2024Q3,47,2,319,0.006269592476489028
2024Q3,50,4,319,0.012539184952978056
2024Q3,51,1,319,0.003134796238244514
2024Q3,52,3,319,0.009404388714733543
2024Q3,53,5,319,0.01567398119122257
2024Q3,54,8,319,0.025078369905956112
2024Q3,55,8,319,0.025078369905956112
2024Q3,57,1,319,0.003134796238244514
2024Q3,58,2,319,0.006269592476489028
2024Q3,59,1,319,0.003134796238244514
2024Q3,60,1,319,0.003134796238244514
2024Q3,61,6,319,0.018808777429467086
2024Q3,62,6,319,0.018808777429467086
2024Q3,63,3,319,0.009404388714733543
2024Q3,66,2,319,0.006269592476489028
2024Q3,67,2,319,0.006269592476489028
2024Q3,69,3,319,0.009404388714733543
2024Q3,70,5,319,0.01567398119122257
2024Q4,0,8,332,0.024096385542168676
2024Q4,1,18,332,0.05421686746987952
2024Q4,2,6,332,0.018072289156626505
2024Q4,3,19,332,0.0572289156626506
2024Q4,4,10,332,0.030120481927710843
2024Q4,5,8,332,0.024096385542168676
2024Q4,6,10,332,0.030120481927710843
2024Q4,7,4,332,0.012048192771084338
2024Q4,8,3,332,0.009036144578313253
2024Q4,9,10,332,0.030120481927710843
2024Q4,10,6,332,0.018072289156626505
2024Q4,11,12,332,0.03614457831325301
2024Q4,12,10,332,0.030120481927710843
2024Q4,13,8,332,0.024096385542168676
2024Q4,14,22,332,0.06626506024096386
2024Q4,15,6,332,0.018072289156626505
2024Q4,16,6,332,0.018072289156626505
2024Q4,17,2,332,0.006024096385542169
2024Q4,18,6,332,0.018072289156626505
2024Q4,19,5,332,0.015060240963855422
2024Q4,20,8,332,0.024096385542168676
2024Q4,21,5,332,0.015060240963855422
2024Q4,22,8,332,0.024096385542168676
2024Q4,23,2,332,0.006024096385542169
2024Q4,24,5,332,0.015060240963855422
2024Q4,25,2,332,0.006024096385542169
2024Q4,26,5,332,0.015060240963855422
2024Q4,27,3,332,0.009036144578313253
2024Q4,28,3,332,0.009036144578313253
2024Q4,29,8,332,0.024096385542168676
2024Q4,30,5,332,0.015060240963855422
2024Q4,31,4,332,0.012048192771084338
2024Q4,32,1,332,0.0030120481927710845
2024Q4,33,2,332,0.006024096385542169
2024Q4,34,3,332,0.009036144578313253
2024Q4,35,8,332,0.024096385542168676
2024Q4,36,6,332,0.018072289156626505
2024Q4,38,1,332,0.0030120481927710845
2024Q4,39,7,332,0.02108433734939759
2024Q4,40,2,332,0.006024096385542169
2024Q4,41,1,332,0.0030120481927710845
2024Q4,42,6,332,0.018072289156626505
2024Q4,43,1,332,0.0030120481927710845
2024Q4,44,2,332,0.006024096385542169
2024Q4,45,4,332,0.012048192771084338
2024Q4,47,4,332,0.012048192771084338
2024Q4,48,1,332,0.0030120481927710845
2024Q4,49,1,332,0.0030120481927710845
2024Q4,50,7,332,0.02108433734939759
2024Q4,51,1,332,0.0030120481927710845
2024Q4,52,5,332,0.015060240963855422
2024Q4,53,2,332,0.006024096385542169
2024Q4,54,8,332,0.024096385542168676
2024Q4,55,2,332,0.006024096385542169
2024Q4,57,7,332,0.02108433734939759
2024Q4,59,1,332,0.0030120481927710845
2024Q4,60,1,332,0.0030120481927710845
2024Q4,62,1,332,0.0030120481927710845
2024Q4,64,3,332,0.009036144578313253
2024Q4,65,2,332,0.006024096385542169
2024Q4,67,1,332,0.0030120481927710845
2024Q4,68,1,332,0.0030120481927710845
2024Q4,69,3,332,0.009036144578313253
2025Q1,0,11,366,0.030054644808743168
2025Q1,1,14,366,0.03825136612021858
2025Q1,2,14,366,0.03825136612021858
2025Q1,3,17,366,0.04644808743169399
2025Q1,4,7,366,0.01912568306010929
2025Q1,5,10,366,0.0273224043715847
2025Q1,6,15,366,0.040983606557377046
2025Q1,7,8,366,0.02185792349726776
2025Q1,8,8,366,0.02185792349726776
2025Q1,9,8,366,0.02185792349726776
2025Q1,10,5,366,0.01366120218579235
2025Q1,11,9,366,0.02459016393442623
2025Q1,12,8,366,0.02185792349726776
2025Q1,13,15,366,0.040983606557377046
2025Q1,14,3,366,0.00819672131147541
2025Q1,15,8,366,0.02185792349726776
2025Q1,16,8,366,0.02185792349726776
2025Q1,18,5,366,0.01366120218579235
2025Q1,19,12,366,0.03278688524590164
2025Q1,20,12,366,0.03278688524590164
2025Q1,21,4,366,0.01092896174863388
2025Q1,22,8,366,0.02185792349726776
2025Q1,23,7,366,0.01912568306010929
2025Q1,24,1,366,0.00273224043715847
2025Q1,25,7,366,0.01912568306010929
2025Q1,26,5,366,0.01366120218579235
2025Q1,27,3,366,0.00819672131147541
2025Q1,28,1,366,0.00273224043715847
2025Q1,29,12,366,0.03278688524590164
2025Q1,30,5,366,0.01366120218579235
2025Q1,31,2,366,0.00546448087431694
2025Q1,32,6,366,0.01639344262295082
2025Q1,33,1,366,0.00273224043715847
2025Q1,34,2,366,0.00546448087431694
2025Q1,35,3,366,0.00819672131147541
2025Q1,36,4,366,0.01092896174863388
2025Q1,37,9,366,0.02459016393442623
2025Q1,38,7,366,0.01912568306010929
2025Q1,39,3,366,0.00819672131147541
2025Q1,40,5,366,0.01366120218579235
2025Q1,41,1,366,0.00273224043715847
2025Q1,42,4,366,0.01092896174863388
2025Q1,43,8,366,0.02185792349726776
2025Q1,44,7,366,0.01912568306010929
2025Q1,45,5,366,0.01366120218579235
2025Q1,46,2,366,0.00546448087431694
2025Q1,47,4,366,0.01092896174863388
2025Q1,48,4,366,0.01092896174863388
2025Q1,49,4,366,0.01092896174863388
2025Q1,50,2,366,0.00546448087431694
2025Q1,51,8,366,0.02185792349726776
2025Q1,52,1,366,0.00273224043715847
2025Q1,53,3,366,0.00819672131147541
2025Q1,54,1,366,0.00273224043715847
2025Q1,55,4,366,0.01092896174863388
2025Q1,57,1,366,0.00273224043715847
2025Q1,59,3,366,0.00819672131147541
2025Q1,60,1,366,0.00273224043715847
2025Q1,62,2,366,0.00546448087431694
2025Q1,64,1,366,0.00273224043715847
2025Q1,65,2,366,0.00546448087431694
2025Q1,67,2,366,0.00546448087431694
2025Q1,68,2,366,0.00546448087431694
2025Q1,69,1,366,0.00273224043715847
2025Q1,70,1,366,0.00273224043715847
2025Q2,0,7,351,0.019943019943019943
2025Q2,1,17,351,0.04843304843304843
2025Q2,2,19,351,0.05413105413105413
2025Q2,3,18,351,0.05128205128205128
2025Q2,4,15,351,0.042735042735042736
2025Q2,5,5,351,0.014245014245014245
2025Q2,6,14,351,0.039886039886039885
2025Q2,7,6,351,0.017094017094017096
2025Q2,8,2,351,0.005698005698005698
2025Q2,9,3,351,0.008547008547008548
2025Q2,10,10,351,0.02849002849002849
2025Q2,11,6,351,0.017094017094017096
2025Q2,12,4,351,0.011396011396011397
2025Q2,13,3,351,0.008547008547008548
2025Q2,14,7,351,0.019943019943019943
2025Q2,15,7,351,0.019943019943019943
2025Q2,16,10,351,0.02849002849002849
2025Q2,18,10,351,0.02849002849002849
2025Q2,19,5,351,0.014245014245014245
2025Q2,20,11,351,0.03133903133903134
2025Q2,21,4,351,0.011396011396011397
2025Q2,22,8,351,0.022792022792022793
2025Q2,23,3,351,0.008547008547008548
2025Q2,24,6,351,0.017094017094017096
2025Q2,25,3,351,0.008547008547008548
2025Q2,26,5,351,0.014245014245014245
2025Q2,27,3,351,0.008547008547008548
2025Q2,28,14,351,0.039886039886039885
2025Q2,29,1,351,0.002849002849002849
2025Q2,30,5,351,0.014245014245014245
2025Q2,31,5,351,0.014245014245014245
2025Q2,32,4,351,0.011396011396011397
2025Q2,33,3,351,0.008547008547008548
2025Q2,34,1,351,0.002849002849002849
2025Q2,35,2,351,0.005698005698005698
2025Q2,36,3,351,0.008547008547008548
2025Q2,37,11,351,0.03133903133903134
2025Q2,38,1,351,0.002849002849002849
2025Q2,39,1,351,0.002849002849002849
2025Q2,40,4,351,0.011396011396011397
2025Q2,41,4,351,0.011396011396011397
2025Q2,42,2,351,0.005698005698005698
2025Q2,44,7,351,0.019943019943019943
2025Q2,45,4,351,0.011396011396011397
2025Q2,46,3,351,0.008547008547008548
2025Q2,47,2,351,0.005698005698005698
2025Q2,48,3,351,0.008547008547008548
2025Q2,49,2,351,0.005698005698005698
2025Q2,50,3,351,0.008547008547008548
2025Q2,51,3,351,0.008547008547008548
2025Q2,52,2,351,0.005698005698005698
2025Q2,53,2,351,0.005698005698005698
2025Q2,54,7,351,0.019943019943019943
2025Q2,55,2,351,0.005698005698005698
2025Q2,56,3,351,0.008547008547008548
2025Q2,57,7,351,0.019943019943019943
2025Q2,58,9,351,0.02564102564102564
2025Q2,60,1,351,0.002849002849002849
2025Q2,62,3,351,0.008547008547008548
2025Q2,64,10,351,0.02849002849002849
2025Q2,65,3,351,0.008547008547008548
2025Q2,66,1,351,0.002849002849002849
2025Q2,70,2,351,0.005698005698005698
2025Q3,0,16,330,0.048484848484848485
2025Q3,1,23,330,0.0696969696969697
2025Q3,2,8,330,0.024242424242424242
2025Q3,3,14,330,0.04242424242424243
2025Q3,4,12,330,0.03636363636363636
2025Q3,5,3,330,0.00909090909090909
2025Q3,6,3,330,0.00909090909090909
2025Q3,7,1,330,0.0030303030303030303
2025Q3,8,12,330,0.03636363636363636
2025Q3,9,10,330,0.030303030303030304
2025Q3,10,8,330,0.024242424242424242
2025Q3,11,13,330,0.03939393939393939
2025Q3,12,2,330,0.006060606060606061
2025Q3,13,7,330,0.021212121212121213
2025Q3,14,7,330,0.021212121212121213
2025Q3,15,7,330,0.021212121212121213
2025Q3,16,5,330,0.015151515151515152
2025Q3,18,7,330,0.021212121212121213
2025Q3,19,9,330,0.02727272727272727
2025Q3,20,10,330,0.030303030303030304
2025Q3,21,4,330,0.012121212121212121
2025Q3,22,3,330,0.00909090909090909
2025Q3,23,5,330,0.015151515151515152
2025Q3,24,5,330,0.015151515151515152
2025Q3,25,3,330,0.00909090909090909
2025Q3,26,5,330,0.015151515151515152
2025Q3,27,6,330,0.01818181818181818
2025Q3,28,6,330,0.01818181818181818
2025Q3,29,5,330,0.015151515151515152
2025Q3,30,7,330,0.021212121212121213
2025Q3,31,1,330,0.0030303030303030303
2025Q3,32,5,330,0.015151515151515152
2025Q3,33,3,330,0.00909090909090909
2025Q3,35,9,330,0.02727272727272727
2025Q3,36,3,330,0.00909090909090909
2025Q3,37,11,330,0.03333333333333333
2025Q3,39,4,330,0.012121212121212121
2025Q3,40,4,330,0.012121212121212121
2025Q3,41,2,330,0.006060606060606061
2025Q3,42,3,330,0.00909090909090909
2025Q3,43,1,330,0.0030303030303030303
2025Q3,44,5,330,0.015151515151515152
2025Q3,45,5,330,0.015151515151515152
2025Q3,47,3,330,0.00909090909090909
2025Q3,48,3,330,0.00909090909090909
2025Q3,49,3,330,0.00909090909090909
2025Q3,50,3,330,0.00909090909090909
2025Q3,51,1,330,0.0030303030303030303
2025Q3,52,2,330,0.006060606060606061
2025Q3,53,5,330,0.015151515151515152
2025Q3,54,2,330,0.006060606060606061
2025Q3,57,5,330,0.015151515151515152
2025Q3,58,6,330,0.01818181818181818
2025Q3,59,5,330,0.015151515151515152
2025Q3,63,2,330,0.006060606060606061
2025Q3,64,1,330,0.0030303030303030303
2025Q3,66,4,330,0.012121212121212121
2025Q3,67,1,330,0.0030303030303030303
2025Q3,68,2,330,0.006060606060606061
2025Q4,0,7,343,0.02040816326530612
2025Q4,1,27,343,0.07871720116618076
2025Q4,2,15,343,0.043731778425655975
2025Q4,3,29,343,0.08454810495626822
2025Q4,4,11,343,0.03206997084548105
2025Q4,6,14,343,0.04081632653061224
2025Q4,7,2,343,0.0058309037900874635
2025Q4,8,12,343,0.03498542274052478
2025Q4,9,7,343,0.02040816326530612
2025Q4,10,10,343,0.029154518950437316
2025Q4,11,4,343,0.011661807580174927
2025Q4,12,10,343,0.029154518950437316
2025Q4,13,10,343,0.029154518950437316
2025Q4,14,7,343,0.02040816326530612
2025Q4,15,10,343,0.029154518950437316
2025Q4,16,4,343,0.011661807580174927
2025Q4,18,2,343,0.0058309037900874635
2025Q4,19,3,343,0.008746355685131196
2025Q4,20,3,343,0.008746355685131196
2025Q4,21,4,343,0.011661807580174927
2025Q4,22,12,343,0.03498542274052478
2025Q4,23,4,343,0.011661807580174927
2025Q4,24,4,343,0.011661807580174927
2025Q4,25,3,343,0.008746355685131196
2025Q4,26,1,343,0.0029154518950437317
2025Q4,27,8,343,0.023323615160349854
2025Q4,28,6,343,0.01749271137026239
2025Q4,29,8,343,0.023323615160349854
2025Q4,30,3,343,0.008746355685131196
2025Q4,31,1,343,0.0029154518950437317
2025Q4,32,8,343,0.023323615160349854
2025Q4,33,3,343,0.008746355685131196
2025Q4,34,1,343,0.0029154518950437317
2025Q4,36,5,343,0.014577259475218658
2025Q4,37,10,343,0.029154518950437316
2025Q4,38,3,343,0.008746355685131196
2025Q4,40,9,343,0.026239067055393587
2025Q4,41,3,343,0.008746355685131196
2025Q4,42,3,343,0.008746355685131196
2025Q4,43,1,343,0.0029154518950437317
2025Q4,44,2,343,0.0058309037900874635
2025Q4,45,2,343,0.0058309037900874635
2025Q4,46,6,343,0.01749271137026239
2025Q4,48,3,343,0.008746355685131196
2025Q4,49,3,343,0.008746355685131196
2025Q4,50,2,343,0.0058309037900874635
2025Q4,51,1,343,0.0029154518950437317
2025Q4,53,7,343,0.02040816326530612
2025Q4,54,2,343,0.0058309037900874635
2025Q4,55,2,343,0.0058309037900874635
2025Q4,57,1,343,0.0029154518950437317
2025Q4,59,5,343,0.014577259475218658
2025Q4,60,2,343,0.0058309037900874635
2025Q4,61,5,343,0.014577259475218658
2025Q4,62,5,343,0.014577259475218658
2025Q4,63,3,343,0.008746355685131196
2025Q4,64,1,343,0.0029154518950437317
2025Q4,66,2,343,0.0058309037900874635
2025Q4,67,1,343,0.0029154518950437317
2025Q4,68,1,343,0.0029154518950437317
2026Q1,0,12,338,0.03550295857988166
2026Q1,1,22,338,0.0650887573964497
2026Q1,2,6,338,0.01775147928994083
2026Q1,3,6,338,0.01775147928994083
2026Q1,4,15,338,0.04437869822485207
2026Q1,5,7,338,0.020710059171597635
2026Q1,6,14,338,0.04142011834319527
2026Q1,7,8,338,0.023668639053254437
2026Q1,8,6,338,0.01775147928994083
2026Q1,9,14,338,0.04142011834319527
2026Q1,10,18,338,0.05325443786982249
2026Q1,11,12,338,0.03550295857988166
2026Q1,12,7,338,0.020710059171597635
2026Q1,13,7,338,0.020710059171597635
2026Q1,14,16,338,0.047337278106508875
2026Q1,15,6,338,0.01775147928994083
2026Q1,16,3,338,0.008875739644970414
2026Q1,18,9,338,0.026627218934911243
2026Q1,19,11,338,0.03254437869822485
2026Q1,20,9,338,0.026627218934911243
2026Q1,21,1,338,0.0029585798816568047
2026Q1,22,5,338,0.014792899408284023
2026Q1,23,11,338,0.03254437869822485
2026Q1,24,4,338,0.011834319526627219
2026Q1,25,3,338,0.008875739644970414
2026Q1,26,8,338,0.023668639053254437
2026Q1,27,1,338,0.0029585798816568047
2026Q1,28,5,338,0.014792899408284023
2026Q1,29,2,338,0.005917159763313609
2026Q1,30,2,338,0.005917159763313609
2026Q1,31,2,338,0.005917159763313609
2026Q1,32,2,338,0.005917159763313609
2026Q1,33,2,338,0.005917159763313609
2026Q1,35,4,338,0.011834319526627219
2026Q1,36,4,338,0.011834319526627219
2026Q1,37,2,338,0.005917159763313609
2026Q1,39,11,338,0.03254437869822485
2026Q1,40,1,338,0.0029585798816568047
2026Q1,41,2,338,0.005917159763313609
2026Q1,42,5,338,0.014792899408284023
2026Q1,43,3,338,0.008875739644970414
2026Q1,44,2,338,0.005917159763313609
2026Q1,45,1,338,0.0029585798816568047
2026Q1,46,4,338,0.011834319526627219
2026Q1,47,6,338,0.01775147928994083
2026Q1,48,3,338,0.008875739644970414
2026Q1,49,1,338,0.0029585798816568047
2026Q1,51,1,338,0.0029585798816568047
2026Q1,52,2,338,0.005917159763313609
2026Q1,53,2,338,0.005917159763313609
2026Q1,54,1,338,0.0029585798816568047
2026Q1,55,3,338,0.008875739644970414
2026Q1,57,2,338,0.005917159763313609
2026Q1,58,3,338,0.008875739644970414
2026Q1,60,3,338,0.008875739644970414
2026Q1,61,1,338,0.0029585798816568047
2026Q1,62,3,338,0.008875739644970414
2026Q1,63,4,338,0.011834319526627219
2026Q1,65,1,338,0.0029585798816568047
2026Q1,66,3,338,0.008875739644970414
2026Q1,67,1,338,0.0029585798816568047
2026Q1,68,1,338,0.0029585798816568047
2026Q1,69,2,338,0.005917159763313609
