quarter,topic,count,total,share
2011Q2,0,21,199,0.10552763819095477
2011Q2,1,3,199,0.01507537688442211
2011Q2,3,13,199,0.06532663316582915
2011Q2,4,1,199,0.005025125628140704
2011Q2,5,1,199,0.005025125628140704
2011Q2,7,8,199,0.04020100502512563
2011Q2,8,4,199,0.020100502512562814
2011Q2,11,2,199,0.010050251256281407
2011Q2,12,5,199,0.02512562814070352
2011Q2,13,10,199,0.05025125628140704
2011Q2,14,7,199,0.035175879396984924
2011Q2,15,25,199,0.12562814070351758
2011Q2,16,9,199,0.04522613065326633
2011Q2,18,18,199,0.09045226130653267
2011Q2,19,1,199,0.005025125628140704
2011Q2,20,2,199,0.010050251256281407
2011Q2,21,1,199,0.005025125628140704
2011Q2,23,6,199,0.03015075376884422
2011Q2,25,1,199,0.005025125628140704
2011Q2,26,1,199,0.005025125628140704
2011Q2,27,2,199,0.010050251256281407
2011Q2,28,15,199,0.07537688442211055
2011Q2,29,1,199,0.005025125628140704
2011Q2,31,1,199,0.005025125628140704
2011Q2,32,6,199,0.03015075376884422
2011Q2,37,5,199,0.02512562814070352
2011Q2,39,5,199,0.02512562814070352
2011Q2,42,5,199,0.02512562814070352
2011Q2,43,4,199,0.020100502512562814
2011Q2,45,2,199,0.010050251256281407
2011Q2,46,3,199,0.01507537688442211
2011Q2,47,3,199,0.01507537688442211
2011Q2,48,6,199,0.03015075376884422
2011Q2,50,1,199,0.005025125628140704
2011Q2,52,1,199,0.005025125628140704
2011Q3,0,36,408,0.08823529411764706
2011Q3,1,9,408,0.022058823529411766
2011Q3,3,25,408,0.061274509803921566
2011Q3,4,8,408,0.0196078431372549
2011Q3,5,7,408,0.01715686274509804
2011Q3,6,4,408,0.00980392156862745
2011Q3,7,25,408,0.061274509803921566
2011Q3,8,8,408,0.0196078431372549
2011Q3,9,17,408,0.041666666666666664
2011Q3,10,6,408,0.014705882352941176
2011Q3,12,2,408,0.004901960784313725
2011Q3,13,37,408,0.09068627450980392
2011Q3,14,9,408,0.022058823529411766
2011Q3,15,23,408,0.056372549019607844
2011Q3,16,30,408,0.07352941176470588
2011Q3,17,4,408,0.00980392156862745
2011Q3,18,13,408,0.031862745098039214
2011Q3,19,6,408,0.014705882352941176
2011Q3,20,5,408,0.012254901960784314
2011Q3,21,2,408,0.004901960784313725
2011Q3,22,5,408,0.012254901960784314
2011Q3,23,7,408,0.01715686274509804
2011Q3,24,1,408,0.0024509803921568627
2011Q3,25,6,408,0.014705882352941176
2011Q3,26,2,408,0.004901960784313725
2011Q3,27,9,408,0.022058823529411766
2011Q3,28,2,408,0.004901960784313725
2011Q3,29,5,408,0.012254901960784314
2011Q3,31,2,408,0.004901960784313725
2011Q3,32,3,408,0.007352941176470588
2011Q3,36,4,408,0.00980392156862745
2011Q3,37,10,408,0.024509803921568627
2011Q3,38,7,408,0.01715686274509804
2011Q3,39,5,408,0.012254901960784314
2011Q3,40,3,408,0.007352941176470588
2011Q3,42,12,408,0.029411764705882353
2011Q3,43,1,408,0.0024509803921568627
2011Q3,45,4,408,0.00980392156862745
2011Q3,46,12,408,0.029411764705882353
2011Q3,47,7,408,0.01715686274509804
2011Q3,48,7,408,0.01715686274509804
2011Q3,49,5,408,0.012254901960784314
2011Q3,50,9,408,0.022058823529411766
2011Q3,52,4,408,0.00980392156862745
2011Q4,0,13,379,0.03430079155672823
2011Q4,1,1,379,0.002638522427440633
2011Q4,3,29,379,0.07651715039577836
2011Q4,4,2,379,0.005277044854881266
2011Q4,5,3,379,0.0079155672823219
2011Q4,6,8,379,0.021108179419525065
2011Q4,7,17,379,0.044854881266490766
2011Q4,8,15,379,0.0395778364116095
2011Q4,9,5,379,0.013192612137203167
2011Q4,10,6,379,0.0158311345646438
2011Q4,11,2,379,0.005277044854881266
2011Q4,12,10,379,0.026385224274406333
2011Q4,13,25,379,0.06596306068601583
2011Q4,14,25,379,0.06596306068601583
2011Q4,15,21,379,0.055408970976253295
2011Q4,16,19,379,0.05013192612137203
2011Q4,17,13,379,0.03430079155672823
2011Q4,18,7,379,0.018469656992084433
2011Q4,19,5,379,0.013192612137203167
2011Q4,20,13,379,0.03430079155672823
2011Q4,21,3,379,0.0079155672823219
2011Q4,22,10,379,0.026385224274406333
2011Q4,23,3,379,0.0079155672823219
2011Q4,24,1,379,0.002638522427440633
2011Q4,25,5,379,0.013192612137203167
2011Q4,27,4,379,0.010554089709762533
2011Q4,28,7,379,0.018469656992084433
2011Q4,29,6,379,0.0158311345646438
2011Q4,30,2,379,0.005277044854881266
2011Q4,31,4,379,0.010554089709762533
2011Q4,32,7,379,0.018469656992084433
2011Q4,33,1,379,0.002638522427440633
2011Q4,37,5,379,0.013192612137203167
2011Q4,38,4,379,0.010554089709762533
2011Q4,39,24,379,0.0633245382585752
2011Q4,40,2,379,0.005277044854881266
2011Q4,42,2,379,0.005277044854881266
2011Q4,44,6,379,0.0158311345646438
2011Q4,45,3,379,0.0079155672823219
2011Q4,46,6,379,0.0158311345646438
2011Q4,47,11,379,0.029023746701846966
2011Q4,48,5,379,0.013192612137203167
2011Q4,49,7,379,0.018469656992084433
2011Q4,50,9,379,0.023746701846965697
2011Q4,52,3,379,0.0079155672823219
2012Q1,0,18,329,0.0547112462006079
2012Q1,1,4,329,0.0121580547112462
2012Q1,3,16,329,0.0486322188449848
2012Q1,4,1,329,0.00303951367781155
2012Q1,5,9,329,0.02735562310030395
2012Q1,6,6,329,0.0182370820668693
2012Q1,7,25,329,0.07598784194528875
2012Q1,8,14,329,0.0425531914893617
2012Q1,9,5,329,0.015197568389057751
2012Q1,10,5,329,0.015197568389057751
2012Q1,11,4,329,0.0121580547112462
2012Q1,12,18,329,0.0547112462006079
2012Q1,13,11,329,0.03343465045592705
2012Q1,14,26,329,0.0790273556231003
2012Q1,15,22,329,0.0668693009118541
2012Q1,16,17,329,0.05167173252279635
2012Q1,17,17,329,0.05167173252279635
2012Q1,18,4,329,0.0121580547112462
2012Q1,19,3,329,0.00911854103343465
2012Q1,20,4,329,0.0121580547112462
2012Q1,21,7,329,0.02127659574468085
2012Q1,22,4,329,0.0121580547112462
2012Q1,23,9,329,0.02735562310030395
2012Q1,24,5,329,0.015197568389057751
2012Q1,25,6,329,0.0182370820668693
2012Q1,26,1,329,0.00303951367781155
2012Q1,27,6,329,0.0182370820668693
2012Q1,28,2,329,0.0060790273556231
2012Q1,29,3,329,0.00911854103343465
2012Q1,30,1,329,0.00303951367781155
2012Q1,31,3,329,0.00911854103343465
2012Q1,32,9,329,0.02735562310030395
2012Q1,34,3,329,0.00911854103343465
2012Q1,37,1,329,0.00303951367781155
2012Q1,38,2,329,0.0060790273556231
2012Q1,39,2,329,0.0060790273556231
2012Q1,40,1,329,0.00303951367781155
2012Q1,42,6,329,0.0182370820668693
2012Q1,43,2,329,0.0060790273556231
2012Q1,44,3,329,0.00911854103343465
2012Q1,45,1,329,0.00303951367781155
2012Q1,46,5,329,0.015197568389057751
2012Q1,47,4,329,0.0121580547112462
2012Q1,48,10,329,0.030395136778115502
2012Q1,49,2,329,0.0060790273556231
2012Q1,51,1,329,0.00303951367781155
2012Q1,52,1,329,0.00303951367781155
2012Q2,0,32,368,0.08695652173913043
2012Q2,1,4,368,0.010869565217391304
2012Q2,2,1,368,0.002717391304347826
2012Q2,3,32,368,0.08695652173913043
2012Q2,4,2,368,0.005434782608695652
2012Q2,5,5,368,0.01358695652173913
2012Q2,6,12,368,0.03260869565217391
2012Q2,7,23,368,0.0625
2012Q2,8,12,368,0.03260869565217391
2012Q2,9,6,368,0.016304347826086956
2012Q2,10,6,368,0.016304347826086956
2012Q2,11,5,368,0.01358695652173913
2012Q2,12,8,368,0.021739130434782608
2012Q2,13,10,368,0.02717391304347826
2012Q2,14,9,368,0.024456521739130436
2012Q2,15,31,368,0.08423913043478261
2012Q2,16,21,368,0.057065217391304345
2012Q2,17,12,368,0.03260869565217391
2012Q2,18,15,368,0.04076086956521739
2012Q2,19,3,368,0.008152173913043478
2012Q2,20,11,368,0.029891304347826088
2012Q2,21,5,368,0.01358695652173913
2012Q2,22,3,368,0.008152173913043478
2012Q2,23,5,368,0.01358695652173913
2012Q2,24,1,368,0.002717391304347826
2012Q2,25,6,368,0.016304347826086956
2012Q2,26,1,368,0.002717391304347826
2012Q2,27,7,368,0.019021739130434784
2012Q2,28,4,368,0.010869565217391304
2012Q2,29,5,368,0.01358695652173913
2012Q2,30,1,368,0.002717391304347826
2012Q2,31,4,368,0.010869565217391304
2012Q2,32,2,368,0.005434782608695652
2012Q2,33,1,368,0.002717391304347826
2012Q2,34,1,368,0.002717391304347826
2012Q2,36,1,368,0.002717391304347826
2012Q2,37,4,368,0.010869565217391304
2012Q2,38,4,368,0.010869565217391304
2012Q2,39,1,368,0.002717391304347826
2012Q2,41,1,368,0.002717391304347826
2012Q2,42,9,368,0.024456521739130436
2012Q2,43,13,368,0.035326086956521736
2012Q2,44,4,368,0.010869565217391304
2012Q2,45,5,368,0.01358695652173913
2012Q2,46,2,368,0.005434782608695652
2012Q2,47,4,368,0.010869565217391304
2012Q2,48,4,368,0.010869565217391304
2012Q2,49,2,368,0.005434782608695652
2012Q2,50,1,368,0.002717391304347826
2012Q2,51,2,368,0.005434782608695652
2012Q2,52,5,368,0.01358695652173913
2012Q3,0,32,386,0.08290155440414508
2012Q3,1,7,386,0.018134715025906734
2012Q3,2,1,386,0.0025906735751295338
2012Q3,3,33,386,0.08549222797927461
2012Q3,4,6,386,0.015544041450777202
2012Q3,5,1,386,0.0025906735751295338
2012Q3,6,6,386,0.015544041450777202
2012Q3,7,26,386,0.06735751295336788
2012Q3,8,14,386,0.03626943005181347
2012Q3,9,8,386,0.02072538860103627
2012Q3,10,8,386,0.02072538860103627
2012Q3,11,1,386,0.0025906735751295338
2012Q3,12,10,386,0.025906735751295335
2012Q3,13,3,386,0.007772020725388601
2012Q3,14,15,386,0.038860103626943004
2012Q3,15,13,386,0.03367875647668394
2012Q3,16,25,386,0.06476683937823834
2012Q3,17,5,386,0.012953367875647668
2012Q3,18,12,386,0.031088082901554404
2012Q3,19,6,386,0.015544041450777202
2012Q3,20,16,386,0.04145077720207254
2012Q3,21,7,386,0.018134715025906734
2012Q3,22,9,386,0.023316062176165803
2012Q3,23,11,386,0.02849740932642487
2012Q3,24,1,386,0.0025906735751295338
2012Q3,25,6,386,0.015544041450777202
2012Q3,26,2,386,0.0051813471502590676
2012Q3,27,8,386,0.02072538860103627
2012Q3,28,4,386,0.010362694300518135
2012Q3,29,4,386,0.010362694300518135
2012Q3,30,1,386,0.0025906735751295338
2012Q3,31,1,386,0.0025906735751295338
2012Q3,32,14,386,0.03626943005181347
2012Q3,33,1,386,0.0025906735751295338
2012Q3,34,4,386,0.010362694300518135
2012Q3,36,1,386,0.0025906735751295338
2012Q3,37,8,386,0.02072538860103627
2012Q3,38,2,386,0.0051813471502590676
2012Q3,39,12,386,0.031088082901554404
2012Q3,40,2,386,0.0051813471502590676
2012Q3,41,1,386,0.0025906735751295338
2012Q3,42,7,386,0.018134715025906734
2012Q3,43,1,386,0.0025906735751295338
2012Q3,44,2,386,0.0051813471502590676
2012Q3,45,2,386,0.0051813471502590676
2012Q3,46,9,386,0.023316062176165803
2012Q3,47,6,386,0.015544041450777202
2012Q3,49,3,386,0.007772020725388601
2012Q3,50,3,386,0.007772020725388601
2012Q3,51,1,386,0.0025906735751295338
2012Q3,52,5,386,0.012953367875647668
2012Q4,0,34,374,0.09090909090909091
2012Q4,1,8,374,0.0213903743315508
2012Q4,2,3,374,0.008021390374331552
2012Q4,3,23,374,0.06149732620320856
2012Q4,4,8,374,0.0213903743315508
2012Q4,5,6,374,0.016042780748663103
2012Q4,6,6,374,0.016042780748663103
2012Q4,7,15,374,0.040106951871657755
2012Q4,8,4,374,0.0106951871657754
2012Q4,9,7,374,0.01871657754010695
2012Q4,10,3,374,0.008021390374331552
2012Q4,11,3,374,0.008021390374331552
2012Q4,12,8,374,0.0213903743315508
2012Q4,13,7,374,0.01871657754010695
2012Q4,14,14,374,0.0374331550802139
2012Q4,15,15,374,0.040106951871657755
2012Q4,16,21,374,0.05614973262032086
2012Q4,17,15,374,0.040106951871657755
2012Q4,18,9,374,0.02406417112299465
2012Q4,19,3,374,0.008021390374331552
2012Q4,20,11,374,0.029411764705882353
2012Q4,21,5,374,0.013368983957219251
2012Q4,22,6,374,0.016042780748663103
2012Q4,23,5,374,0.013368983957219251
2012Q4,24,2,374,0.0053475935828877
2012Q4,25,6,374,0.016042780748663103
2012Q4,26,3,374,0.008021390374331552
2012Q4,27,6,374,0.016042780748663103
2012Q4,28,7,374,0.01871657754010695
2012Q4,29,13,374,0.034759358288770054
2012Q4,30,5,374,0.013368983957219251
2012Q4,31,5,374,0.013368983957219251
2012Q4,32,7,374,0.01871657754010695
2012Q4,34,2,374,0.0053475935828877
2012Q4,37,4,374,0.0106951871657754
2012Q4,38,3,374,0.008021390374331552
2012Q4,39,12,374,0.03208556149732621
2012Q4,40,1,374,0.00267379679144385
2012Q4,41,1,374,0.00267379679144385
2012Q4,42,7,374,0.01871657754010695
2012Q4,43,21,374,0.05614973262032086
2012Q4,44,5,374,0.013368983957219251
2012Q4,46,4,374,0.0106951871657754
2012Q4,47,4,374,0.0106951871657754
2012Q4,48,2,374,0.0053475935828877
2012Q4,49,2,374,0.0053475935828877
2012Q4,50,7,374,0.01871657754010695
2012Q4,52,6,374,0.016042780748663103
2013Q1,0,18,373,0.04825737265415549
2013Q1,1,10,373,0.02680965147453083
2013Q1,2,1,373,0.002680965147453083
2013Q1,3,30,373,0.08042895442359249
2013Q1,4,5,373,0.013404825737265416
2013Q1,5,6,373,0.0160857908847185
2013Q1,6,6,373,0.0160857908847185
2013Q1,7,20,373,0.05361930294906166
2013Q1,8,4,373,0.010723860589812333
2013Q1,9,10,373,0.02680965147453083
2013Q1,10,1,373,0.002680965147453083
2013Q1,11,4,373,0.010723860589812333
2013Q1,12,14,373,0.03753351206434316
2013Q1,13,11,373,0.029490616621983913
2013Q1,14,6,373,0.0160857908847185
2013Q1,15,27,373,0.07238605898123325
2013Q1,16,10,373,0.02680965147453083
2013Q1,17,21,373,0.05630026809651475
2013Q1,18,13,373,0.03485254691689008
2013Q1,19,4,373,0.010723860589812333
2013Q1,20,8,373,0.021447721179624665
2013Q1,21,7,373,0.01876675603217158
2013Q1,22,6,373,0.0160857908847185
2013Q1,23,11,373,0.029490616621983913
2013Q1,24,5,373,0.013404825737265416
2013Q1,25,7,373,0.01876675603217158
2013Q1,26,2,373,0.005361930294906166
2013Q1,27,8,373,0.021447721179624665
2013Q1,28,13,373,0.03485254691689008
2013Q1,29,2,373,0.005361930294906166
2013Q1,30,8,373,0.021447721179624665
2013Q1,31,1,373,0.002680965147453083
2013Q1,32,5,373,0.013404825737265416
2013Q1,34,3,373,0.00804289544235925
2013Q1,35,1,373,0.002680965147453083
2013Q1,36,2,373,0.005361930294906166
2013Q1,37,5,373,0.013404825737265416
2013Q1,38,3,373,0.00804289544235925
2013Q1,39,13,373,0.03485254691689008
2013Q1,40,1,373,0.002680965147453083
2013Q1,41,2,373,0.005361930294906166
2013Q1,42,9,373,0.024128686327077747
2013Q1,43,4,373,0.010723860589812333
2013Q1,44,1,373,0.002680965147453083
2013Q1,45,5,373,0.013404825737265416
2013Q1,46,3,373,0.00804289544235925
2013Q1,47,7,373,0.01876675603217158
2013Q1,49,1,373,0.002680965147453083
2013Q1,50,2,373,0.005361930294906166
2013Q1,51,1,373,0.002680965147453083
2013Q1,52,6,373,0.0160857908847185
2013Q2,0,11,376,0.02925531914893617
2013Q2,1,6,376,0.015957446808510637
2013Q2,2,1,376,0.0026595744680851063
2013Q2,3,29,376,0.07712765957446809
2013Q2,4,10,376,0.026595744680851064
2013Q2,5,4,376,0.010638297872340425
2013Q2,6,9,376,0.023936170212765957
2013Q2,7,23,376,0.061170212765957445
2013Q2,8,14,376,0.03723404255319149
2013Q2,9,13,376,0.034574468085106384
2013Q2,10,2,376,0.005319148936170213
2013Q2,11,2,376,0.005319148936170213
2013Q2,12,20,376,0.05319148936170213
2013Q2,13,24,376,0.06382978723404255
2013Q2,14,13,376,0.034574468085106384
2013Q2,15,16,376,0.0425531914893617
2013Q2,16,15,376,0.0398936170212766
2013Q2,17,11,376,0.02925531914893617
2013Q2,18,14,376,0.03723404255319149
2013Q2,19,1,376,0.0026595744680851063
2013Q2,20,11,376,0.02925531914893617
2013Q2,21,6,376,0.015957446808510637
2013Q2,22,4,376,0.010638297872340425
2013Q2,23,8,376,0.02127659574468085
2013Q2,24,1,376,0.0026595744680851063
2013Q2,25,6,376,0.015957446808510637
2013Q2,26,1,376,0.0026595744680851063
2013Q2,27,5,376,0.013297872340425532
2013Q2,28,4,376,0.010638297872340425
2013Q2,29,12,376,0.031914893617021274
2013Q2,31,6,376,0.015957446808510637
2013Q2,32,1,376,0.0026595744680851063
2013Q2,34,4,376,0.010638297872340425
2013Q2,35,1,376,0.0026595744680851063
2013Q2,36,2,376,0.005319148936170213
2013Q2,37,1,376,0.0026595744680851063
2013Q2,38,2,376,0.005319148936170213
2013Q2,39,11,376,0.02925531914893617
2013Q2,40,5,376,0.013297872340425532
2013Q2,42,5,376,0.013297872340425532
2013Q2,44,3,376,0.007978723404255319
2013Q2,45,6,376,0.015957446808510637
2013Q2,46,4,376,0.010638297872340425
2013Q2,47,13,376,0.034574468085106384
2013Q2,48,1,376,0.0026595744680851063
2013Q2,49,2,376,0.005319148936170213
2013Q2,50,4,376,0.010638297872340425
2013Q2,51,1,376,0.0026595744680851063
2013Q2,52,8,376,0.02127659574468085
2013Q3,0,35,404,0.08663366336633663
2013Q3,1,8,404,0.019801980198019802
2013Q3,2,1,404,0.0024752475247524753
2013Q3,3,28,404,0.06930693069306931
2013Q3,4,6,404,0.01485148514851485
2013Q3,5,3,404,0.007425742574257425
2013Q3,6,7,404,0.017326732673267328
2013Q3,7,11,404,0.027227722772277228
2013Q3,8,4,404,0.009900990099009901
2013Q3,9,7,404,0.017326732673267328
2013Q3,10,8,404,0.019801980198019802
2013Q3,11,3,404,0.007425742574257425
2013Q3,12,8,404,0.019801980198019802
2013Q3,13,7,404,0.017326732673267328
2013Q3,14,27,404,0.06683168316831684
2013Q3,15,13,404,0.03217821782178218
2013Q3,16,21,404,0.05198019801980198
2013Q3,17,7,404,0.017326732673267328
2013Q3,18,11,404,0.027227722772277228
2013Q3,19,8,404,0.019801980198019802
2013Q3,20,15,404,0.03712871287128713
2013Q3,21,4,404,0.009900990099009901
2013Q3,22,15,404,0.03712871287128713
2013Q3,23,7,404,0.017326732673267328
2013Q3,24,5,404,0.012376237623762377
2013Q3,25,14,404,0.034653465346534656
2013Q3,26,2,404,0.0049504950495049506
2013Q3,27,3,404,0.007425742574257425
2013Q3,28,16,404,0.039603960396039604
2013Q3,29,9,404,0.022277227722772276
2013Q3,30,4,404,0.009900990099009901
2013Q3,31,6,404,0.01485148514851485
2013Q3,32,9,404,0.022277227722772276
2013Q3,34,2,404,0.0049504950495049506
2013Q3,35,4,404,0.009900990099009901
2013Q3,36,4,404,0.009900990099009901
2013Q3,37,2,404,0.0049504950495049506
2013Q3,38,5,404,0.012376237623762377
2013Q3,39,5,404,0.012376237623762377
2013Q3,40,2,404,0.0049504950495049506
2013Q3,41,7,404,0.017326732673267328
2013Q3,42,2,404,0.0049504950495049506
2013Q3,43,6,404,0.01485148514851485
2013Q3,44,1,404,0.0024752475247524753
2013Q3,45,1,404,0.0024752475247524753
2013Q3,46,1,404,0.0024752475247524753
2013Q3,47,6,404,0.01485148514851485
2013Q3,48,6,404,0.01485148514851485
2013Q3,49,2,404,0.0049504950495049506
2013Q3,50,12,404,0.0297029702970297
2013Q3,51,1,404,0.0024752475247524753
2013Q3,52,3,404,0.007425742574257425
2013Q4,0,14,388,0.03608247422680412
2013Q4,1,14,388,0.03608247422680412
2013Q4,2,3,388,0.007731958762886598
2013Q4,3,28,388,0.07216494845360824
2013Q4,4,13,388,0.03350515463917526
2013Q4,5,2,388,0.005154639175257732
2013Q4,6,12,388,0.030927835051546393
2013Q4,7,12,388,0.030927835051546393
2013Q4,8,3,388,0.007731958762886598
2013Q4,9,12,388,0.030927835051546393
2013Q4,10,9,388,0.023195876288659795
2013Q4,11,4,388,0.010309278350515464
2013Q4,12,8,388,0.020618556701030927
2013Q4,13,9,388,0.023195876288659795
2013Q4,14,21,388,0.05412371134020619
2013Q4,15,16,388,0.041237113402061855
2013Q4,16,15,388,0.03865979381443299
2013Q4,17,17,388,0.04381443298969072
2013Q4,18,6,388,0.015463917525773196
2013Q4,19,4,388,0.010309278350515464
2013Q4,20,12,388,0.030927835051546393
2013Q4,21,5,388,0.01288659793814433
2013Q4,22,9,388,0.023195876288659795
2013Q4,23,6,388,0.015463917525773196
2013Q4,24,5,388,0.01288659793814433
2013Q4,25,5,388,0.01288659793814433
2013Q4,26,4,388,0.010309278350515464
2013Q4,27,8,388,0.020618556701030927
2013Q4,28,2,388,0.005154639175257732
2013Q4,29,6,388,0.015463917525773196
2013Q4,30,4,388,0.010309278350515464
2013Q4,31,3,388,0.007731958762886598
2013Q4,32,12,388,0.030927835051546393
2013Q4,33,1,388,0.002577319587628866
2013Q4,34,5,388,0.01288659793814433
2013Q4,36,2,388,0.005154639175257732
2013Q4,37,10,388,0.02577319587628866
2013Q4,38,1,388,0.002577319587628866
2013Q4,39,9,388,0.023195876288659795
2013Q4,40,3,388,0.007731958762886598
2013Q4,41,9,388,0.023195876288659795
2013Q4,42,5,388,0.01288659793814433
2013Q4,43,5,388,0.01288659793814433
2013Q4,44,5,388,0.01288659793814433
2013Q4,45,2,388,0.005154639175257732
2013Q4,46,2,388,0.005154639175257732
2013Q4,47,7,388,0.01804123711340206
2013Q4,48,5,388,0.01288659793814433
2013Q4,49,5,388,0.01288659793814433
2013Q4,50,2,388,0.005154639175257732
2013Q4,51,1,388,0.002577319587628866
2013Q4,52,6,388,0.015463917525773196
2014Q1,0,25,379,0.06596306068601583
2014Q1,1,11,379,0.029023746701846966
2014Q1,2,8,379,0.021108179419525065
2014Q1,3,14,379,0.036939313984168866
2014Q1,4,12,379,0.0316622691292876
2014Q1,5,6,379,0.0158311345646438
2014Q1,6,8,379,0.021108179419525065
2014Q1,7,13,379,0.03430079155672823
2014Q1,8,12,379,0.0316622691292876
2014Q1,9,20,379,0.052770448548812667
2014Q1,10,8,379,0.021108179419525065
2014Q1,11,3,379,0.0079155672823219
2014Q1,12,19,379,0.05013192612137203
2014Q1,13,14,379,0.036939313984168866
2014Q1,14,13,379,0.03430079155672823
2014Q1,15,9,379,0.023746701846965697
2014Q1,16,12,379,0.0316622691292876
2014Q1,17,7,379,0.018469656992084433
2014Q1,18,8,379,0.021108179419525065
2014Q1,19,7,379,0.018469656992084433
2014Q1,20,3,379,0.0079155672823219
2014Q1,21,2,379,0.005277044854881266
2014Q1,22,4,379,0.010554089709762533
2014Q1,23,5,379,0.013192612137203167
2014Q1,24,6,379,0.0158311345646438
2014Q1,25,6,379,0.0158311345646438
2014Q1,26,3,379,0.0079155672823219
2014Q1,27,10,379,0.026385224274406333
2014Q1,28,10,379,0.026385224274406333
2014Q1,29,2,379,0.005277044854881266
2014Q1,30,2,379,0.005277044854881266
2014Q1,31,10,379,0.026385224274406333
2014Q1,32,11,379,0.029023746701846966
2014Q1,33,2,379,0.005277044854881266
2014Q1,34,1,379,0.002638522427440633
2014Q1,35,2,379,0.005277044854881266
2014Q1,36,2,379,0.005277044854881266
2014Q1,37,4,379,0.010554089709762533
2014Q1,38,2,379,0.005277044854881266
2014Q1,39,10,379,0.026385224274406333
2014Q1,40,1,379,0.002638522427440633
2014Q1,41,6,379,0.0158311345646438
2014Q1,42,2,379,0.005277044854881266
2014Q1,43,6,379,0.0158311345646438
2014Q1,44,2,379,0.005277044854881266
2014Q1,45,4,379,0.010554089709762533
2014Q1,46,1,379,0.002638522427440633
2014Q1,47,2,379,0.005277044854881266
2014Q1,48,12,379,0.0316622691292876
2014Q1,49,3,379,0.0079155672823219
2014Q1,50,4,379,0.010554089709762533
2014Q1,51,5,379,0.013192612137203167
2014Q1,52,5,379,0.013192612137203167
2014Q2,0,17,406,0.04187192118226601
2014Q2,1,15,406,0.03694581280788178
2014Q2,2,11,406,0.027093596059113302
2014Q2,3,34,406,0.08374384236453201
2014Q2,4,15,406,0.03694581280788178
2014Q2,5,5,406,0.012315270935960592
2014Q2,6,10,406,0.024630541871921183
2014Q2,7,17,406,0.04187192118226601
2014Q2,8,12,406,0.029556650246305417
2014Q2,9,14,406,0.034482758620689655
2014Q2,10,9,406,0.022167487684729065
2014Q2,11,3,406,0.007389162561576354
2014Q2,12,29,406,0.07142857142857142
2014Q2,13,6,406,0.014778325123152709
2014Q2,14,12,406,0.029556650246305417
2014Q2,15,12,406,0.029556650246305417
2014Q2,16,9,406,0.022167487684729065
2014Q2,17,12,406,0.029556650246305417
2014Q2,18,6,406,0.014778325123152709
2014Q2,19,5,406,0.012315270935960592
2014Q2,20,9,406,0.022167487684729065
2014Q2,21,10,406,0.024630541871921183
2014Q2,22,2,406,0.0049261083743842365
2014Q2,23,11,406,0.027093596059113302
2014Q2,24,4,406,0.009852216748768473
2014Q2,25,6,406,0.014778325123152709
2014Q2,26,6,406,0.014778325123152709
2014Q2,27,5,406,0.012315270935960592
2014Q2,28,3,406,0.007389162561576354
2014Q2,29,5,406,0.012315270935960592
2014Q2,30,5,406,0.012315270935960592
2014Q2,31,1,406,0.0024630541871921183
2014Q2,32,4,406,0.009852216748768473
2014Q2,33,4,406,0.009852216748768473
2014Q2,35,4,406,0.009852216748768473
2014Q2,36,2,406,0.0049261083743842365
2014Q2,37,9,406,0.022167487684729065
2014Q2,38,7,406,0.017241379310344827
2014Q2,39,3,406,0.007389162561576354
2014Q2,41,8,406,0.019704433497536946
2014Q2,42,6,406,0.014778325123152709
2014Q2,44,3,406,0.007389162561576354
2014Q2,45,8,406,0.019704433497536946
2014Q2,46,3,406,0.007389162561576354
2014Q2,47,5,406,0.012315270935960592
2014Q2,49,2,406,0.0049261083743842365
2014Q2,50,3,406,0.007389162561576354
2014Q2,51,3,406,0.007389162561576354
2014Q2,52,12,406,0.029556650246305417
2014Q3,0,16,361,0.0443213296398892
2014Q3,1,14,361,0.038781163434903045
2014Q3,2,7,361,0.019390581717451522
2014Q3,3,14,361,0.038781163434903045
2014Q3,4,21,361,0.05817174515235457
2014Q3,5,5,361,0.013850415512465374
2014Q3,6,11,361,0.030470914127423823
2014Q3,7,10,361,0.027700831024930747
2014Q3,8,25,361,0.06925207756232687
2014Q3,9,17,361,0.04709141274238227
2014Q3,10,12,361,0.0332409972299169
2014Q3,11,7,361,0.019390581717451522
2014Q3,12,14,361,0.038781163434903045
2014Q3,13,3,361,0.008310249307479225
2014Q3,14,12,361,0.0332409972299169
2014Q3,15,2,361,0.00554016620498615
2014Q3,16,1,361,0.002770083102493075
2014Q3,17,5,361,0.013850415512465374
2014Q3,18,9,361,0.024930747922437674
2014Q3,19,7,361,0.019390581717451522
2014Q3,20,5,361,0.013850415512465374
2014Q3,21,7,361,0.019390581717451522
2014Q3,22,2,361,0.00554016620498615
2014Q3,23,9,361,0.024930747922437674
2014Q3,24,7,361,0.019390581717451522
2014Q3,25,8,361,0.0221606648199446
2014Q3,26,4,361,0.0110803324099723
2014Q3,27,6,361,0.01662049861495845
2014Q3,28,5,361,0.013850415512465374
2014Q3,29,4,361,0.0110803324099723
2014Q3,30,3,361,0.008310249307479225
2014Q3,31,9,361,0.024930747922437674
2014Q3,32,2,361,0.00554016620498615
2014Q3,33,5,361,0.013850415512465374
2014Q3,34,8,361,0.0221606648199446
2014Q3,35,2,361,0.00554016620498615
2014Q3,36,2,361,0.00554016620498615
2014Q3,37,7,361,0.019390581717451522
2014Q3,38,8,361,0.0221606648199446
2014Q3,39,3,361,0.008310249307479225
2014Q3,40,2,361,0.00554016620498615
2014Q3,41,6,361,0.01662049861495845
2014Q3,42,2,361,0.00554016620498615
2014Q3,43,7,361,0.019390581717451522
2014Q3,44,3,361,0.008310249307479225
2014Q3,45,3,361,0.008310249307479225
2014Q3,46,3,361,0.008310249307479225
2014Q3,47,4,361,0.0110803324099723
2014Q3,48,2,361,0.00554016620498615
2014Q3,49,3,361,0.008310249307479225
2014Q3,50,6,361,0.01662049861495845
2014Q3,52,2,361,0.00554016620498615
2014Q4,0,17,392,0.04336734693877551
2014Q4,1,15,392,0.03826530612244898
2014Q4,2,17,392,0.04336734693877551
2014Q4,3,18,392,0.04591836734693878
2014Q4,4,12,392,0.030612244897959183
2014Q4,5,9,392,0.02295918367346939
2014Q4,6,7,392,0.017857142857142856
2014Q4,7,15,392,0.03826530612244898
2014Q4,8,20,392,0.05102040816326531
2014Q4,9,10,392,0.025510204081632654
2014Q4,10,6,392,0.015306122448979591
2014Q4,11,5,392,0.012755102040816327
2014Q4,12,6,392,0.015306122448979591
2014Q4,13,8,392,0.02040816326530612
2014Q4,14,22,392,0.05612244897959184
2014Q4,15,12,392,0.030612244897959183
2014Q4,16,16,392,0.04081632653061224
2014Q4,17,6,392,0.015306122448979591
2014Q4,18,14,392,0.03571428571428571
2014Q4,19,15,392,0.03826530612244898
2014Q4,20,6,392,0.015306122448979591
2014Q4,21,5,392,0.012755102040816327
2014Q4,22,1,392,0.002551020408163265
2014Q4,23,6,392,0.015306122448979591
2014Q4,24,9,392,0.02295918367346939
2014Q4,25,7,392,0.017857142857142856
2014Q4,26,7,392,0.017857142857142856
2014Q4,27,6,392,0.015306122448979591
2014Q4,28,13,392,0.03316326530612245
2014Q4,29,7,392,0.017857142857142856
2014Q4,30,14,392,0.03571428571428571
2014Q4,31,4,392,0.01020408163265306
2014Q4,32,2,392,0.00510204081632653
2014Q4,33,2,392,0.00510204081632653
2014Q4,34,5,392,0.012755102040816327
2014Q4,35,6,392,0.015306122448979591
2014Q4,36,3,392,0.007653061224489796
2014Q4,37,2,392,0.00510204081632653
2014Q4,38,4,392,0.01020408163265306
2014Q4,39,6,392,0.015306122448979591
2014Q4,40,2,392,0.00510204081632653
2014Q4,41,3,392,0.007653061224489796
2014Q4,42,2,392,0.00510204081632653
2014Q4,43,2,392,0.00510204081632653
2014Q4,44,3,392,0.007653061224489796
2014Q4,45,3,392,0.007653061224489796
2014Q4,48,5,392,0.012755102040816327
2014Q4,49,3,392,0.007653061224489796
2014Q4,52,4,392,0.01020408163265306
2015Q1,0,14,378,0.037037037037037035
2015Q1,1,19,378,0.05026455026455026
2015Q1,2,4,378,0.010582010582010581
2015Q1,3,19,378,0.05026455026455026
2015Q1,4,18,378,0.047619047619047616
2015Q1,5,3,378,0.007936507936507936
2015Q1,6,12,378,0.031746031746031744
2015Q1,7,19,378,0.05026455026455026
2015Q1,8,6,378,0.015873015873015872
2015Q1,9,11,378,0.0291005291005291
2015Q1,10,11,378,0.0291005291005291
2015Q1,11,4,378,0.010582010582010581
2015Q1,12,14,378,0.037037037037037035
2015Q1,13,7,378,0.018518518518518517
2015Q1,14,12,378,0.031746031746031744
2015Q1,15,9,378,0.023809523809523808
2015Q1,16,9,378,0.023809523809523808
2015Q1,17,11,378,0.0291005291005291
2015Q1,18,13,378,0.03439153439153439
2015Q1,19,7,378,0.018518518518518517
2015Q1,20,9,378,0.023809523809523808
2015Q1,21,5,378,0.013227513227513227
2015Q1,22,5,378,0.013227513227513227
2015Q1,23,8,378,0.021164021164021163
2015Q1,24,8,378,0.021164021164021163
2015Q1,25,9,378,0.023809523809523808
2015Q1,26,8,378,0.021164021164021163
2015Q1,27,8,378,0.021164021164021163
2015Q1,28,4,378,0.010582010582010581
2015Q1,29,2,378,0.005291005291005291
2015Q1,30,1,378,0.0026455026455026454
2015Q1,31,7,378,0.018518518518518517
2015Q1,32,6,378,0.015873015873015872
2015Q1,33,4,378,0.010582010582010581
2015Q1,34,4,378,0.010582010582010581
2015Q1,35,4,378,0.010582010582010581
2015Q1,36,4,378,0.010582010582010581
2015Q1,37,2,378,0.005291005291005291
2015Q1,38,6,378,0.015873015873015872
2015Q1,39,8,378,0.021164021164021163
2015Q1,40,3,378,0.007936507936507936
2015Q1,41,4,378,0.010582010582010581
2015Q1,42,5,378,0.013227513227513227
2015Q1,43,7,378,0.018518518518518517
2015Q1,44,5,378,0.013227513227513227
2015Q1,45,1,378,0.0026455026455026454
2015Q1,46,5,378,0.013227513227513227
2015Q1,47,4,378,0.010582010582010581
2015Q1,49,2,378,0.005291005291005291
2015Q1,50,1,378,0.0026455026455026454
2015Q1,51,3,378,0.007936507936507936
2015Q1,52,4,378,0.010582010582010581
2015Q2,0,17,389,0.043701799485861184
2015Q2,1,22,389,0.056555269922879174
2015Q2,2,16,389,0.04113110539845758
2015Q2,3,12,389,0.030848329048843187
2015Q2,4,12,389,0.030848329048843187
2015Q2,5,7,389,0.017994858611825194
2015Q2,6,10,389,0.02570694087403599
2015Q2,7,21,389,0.05398457583547558
2015Q2,8,18,389,0.04627249357326478
2015Q2,9,9,389,0.02313624678663239
2015Q2,10,10,389,0.02570694087403599
2015Q2,11,5,389,0.012853470437017995
2015Q2,12,6,389,0.015424164524421594
2015Q2,13,12,389,0.030848329048843187
2015Q2,14,21,389,0.05398457583547558
2015Q2,15,7,389,0.017994858611825194
2015Q2,16,7,389,0.017994858611825194
2015Q2,17,13,389,0.033419023136246784
2015Q2,18,10,389,0.02570694087403599
2015Q2,19,9,389,0.02313624678663239
2015Q2,20,4,389,0.010282776349614395
2015Q2,21,11,389,0.028277634961439587
2015Q2,22,4,389,0.010282776349614395
2015Q2,23,3,389,0.007712082262210797
2015Q2,24,6,389,0.015424164524421594
2015Q2,25,20,389,0.05141388174807198
2015Q2,26,3,389,0.007712082262210797
2015Q2,27,6,389,0.015424164524421594
2015Q2,28,6,389,0.015424164524421594
2015Q2,29,9,389,0.02313624678663239
2015Q2,30,3,389,0.007712082262210797
2015Q2,32,4,389,0.010282776349614395
2015Q2,33,1,389,0.002570694087403599
2015Q2,34,1,389,0.002570694087403599
2015Q2,35,7,389,0.017994858611825194
2015Q2,36,6,389,0.015424164524421594
2015Q2,37,5,389,0.012853470437017995
2015Q2,38,3,389,0.007712082262210797
2015Q2,39,2,389,0.005141388174807198
2015Q2,40,1,389,0.002570694087403599
2015Q2,41,5,389,0.012853470437017995
2015Q2,42,3,389,0.007712082262210797
2015Q2,43,9,389,0.02313624678663239
2015Q2,44,3,389,0.007712082262210797
2015Q2,45,5,389,0.012853470437017995
2015Q2,46,3,389,0.007712082262210797
2015Q2,48,4,389,0.010282776349614395
2015Q2,49,2,389,0.005141388174807198
2015Q2,50,1,389,0.002570694087403599
2015Q2,51,3,389,0.007712082262210797
2015Q2,52,2,389,0.005141388174807198
2015Q3,0,19,384,0.049479166666666664
2015Q3,1,19,384,0.049479166666666664
2015Q3,2,20,384,0.052083333333333336
2015Q3,3,13,384,0.033854166666666664
2015Q3,4,11,384,0.028645833333333332
2015Q3,6,9,384,0.0234375
2015Q3,7,11,384,0.028645833333333332
2015Q3,8,13,384,0.033854166666666664
2015Q3,9,14,384,0.036458333333333336
2015Q3,10,9,384,0.0234375
2015Q3,11,4,384,0.010416666666666666
2015Q3,12,13,384,0.033854166666666664
2015Q3,13,10,384,0.026041666666666668
2015Q3,14,6,384,0.015625
2015Q3,15,14,384,0.036458333333333336
2015Q3,16,10,384,0.026041666666666668
2015Q3,17,12,384,0.03125
2015Q3,18,10,384,0.026041666666666668
2015Q3,19,13,384,0.033854166666666664
2015Q3,20,4,384,0.010416666666666666
2015Q3,21,6,384,0.015625
2015Q3,22,2,384,0.005208333333333333
2015Q3,23,6,384,0.015625
2015Q3,24,10,384,0.026041666666666668
2015Q3,25,7,384,0.018229166666666668
2015Q3,26,7,384,0.018229166666666668
2015Q3,27,10,384,0.026041666666666668
2015Q3,28,6,384,0.015625
2015Q3,29,8,384,0.020833333333333332
2015Q3,30,8,384,0.020833333333333332
2015Q3,32,7,384,0.018229166666666668
2015Q3,33,3,384,0.0078125
2015Q3,34,9,384,0.0234375
2015Q3,35,2,384,0.005208333333333333
2015Q3,37,1,384,0.0026041666666666665
2015Q3,38,5,384,0.013020833333333334
2015Q3,39,7,384,0.018229166666666668
2015Q3,40,9,384,0.0234375
2015Q3,41,4,384,0.010416666666666666
2015Q3,42,5,384,0.013020833333333334
2015Q3,43,5,384,0.013020833333333334
2015Q3,44,2,384,0.005208333333333333
2015Q3,45,1,384,0.0026041666666666665
2015Q3,46,2,384,0.005208333333333333
2015Q3,47,4,384,0.010416666666666666
2015Q3,49,2,384,0.005208333333333333
2015Q3,50,4,384,0.010416666666666666
2015Q3,51,3,384,0.0078125
2015Q3,52,5,384,0.013020833333333334
2015Q4,0,18,404,0.04455445544554455
2015Q4,1,20,404,0.04950495049504951
2015Q4,2,20,404,0.04950495049504951
2015Q4,3,27,404,0.06683168316831684
2015Q4,4,13,404,0.03217821782178218
2015Q4,5,4,404,0.009900990099009901
2015Q4,6,10,404,0.024752475247524754
2015Q4,7,14,404,0.034653465346534656
2015Q4,8,16,404,0.039603960396039604
2015Q4,9,15,404,0.03712871287128713
2015Q4,10,11,404,0.027227722772277228
2015Q4,11,11,404,0.027227722772277228
2015Q4,12,11,404,0.027227722772277228
2015Q4,13,10,404,0.024752475247524754
2015Q4,14,6,404,0.01485148514851485
2015Q4,15,8,404,0.019801980198019802
2015Q4,16,4,404,0.009900990099009901
2015Q4,17,21,404,0.05198019801980198
2015Q4,18,8,404,0.019801980198019802
2015Q4,19,11,404,0.027227722772277228
2015Q4,20,5,404,0.012376237623762377
2015Q4,21,8,404,0.019801980198019802
2015Q4,22,5,404,0.012376237623762377
2015Q4,23,4,404,0.009900990099009901
2015Q4,24,13,404,0.03217821782178218
2015Q4,25,3,404,0.007425742574257425
2015Q4,26,3,404,0.007425742574257425
2015Q4,27,5,404,0.012376237623762377
2015Q4,28,10,404,0.024752475247524754
2015Q4,29,5,404,0.012376237623762377
2015Q4,30,3,404,0.007425742574257425
2015Q4,31,3,404,0.007425742574257425
2015Q4,32,14,404,0.034653465346534656
2015Q4,33,2,404,0.0049504950495049506
2015Q4,34,3,404,0.007425742574257425
2015Q4,35,4,404,0.009900990099009901
2015Q4,36,12,404,0.0297029702970297
2015Q4,37,5,404,0.012376237623762377
2015Q4,38,8,404,0.019801980198019802
2015Q4,41,3,404,0.007425742574257425
2015Q4,42,9,404,0.022277227722772276
2015Q4,43,3,404,0.007425742574257425
2015Q4,44,3,404,0.007425742574257425
2015Q4,45,5,404,0.012376237623762377
2015Q4,46,1,404,0.0024752475247524753
2015Q4,48,1,404,0.0024752475247524753
2015Q4,50,2,404,0.0049504950495049506
2015Q4,51,1,404,0.0024752475247524753
2015Q4,52,3,404,0.007425742574257425
2016Q1,0,33,390,0.08461538461538462
2016Q1,1,14,390,0.035897435897435895
2016Q1,2,17,390,0.04358974358974359
2016Q1,3,11,390,0.028205128205128206
2016Q1,4,18,390,0.046153846153846156
2016Q1,5,4,390,0.010256410256410256
2016Q1,6,12,390,0.03076923076923077
2016Q1,7,12,390,0.03076923076923077
2016Q1,8,22,390,0.05641025641025641
2016Q1,9,10,390,0.02564102564102564
2016Q1,10,7,390,0.017948717948717947
2016Q1,11,12,390,0.03076923076923077
2016Q1,12,9,390,0.023076923076923078
2016Q1,13,10,390,0.02564102564102564
2016Q1,14,14,390,0.035897435897435895
2016Q1,15,6,390,0.015384615384615385
2016Q1,16,14,390,0.035897435897435895
2016Q1,17,10,390,0.02564102564102564
2016Q1,18,8,390,0.020512820512820513
2016Q1,19,6,390,0.015384615384615385
2016Q1,20,8,390,0.020512820512820513
2016Q1,21,3,390,0.007692307692307693
2016Q1,22,4,390,0.010256410256410256
2016Q1,23,9,390,0.023076923076923078
2016Q1,24,8,390,0.020512820512820513
2016Q1,25,5,390,0.01282051282051282
2016Q1,26,7,390,0.017948717948717947
2016Q1,27,4,390,0.010256410256410256
2016Q1,28,1,390,0.002564102564102564
2016Q1,29,1,390,0.002564102564102564
2016Q1,30,3,390,0.007692307692307693
2016Q1,31,8,390,0.020512820512820513
2016Q1,32,3,390,0.007692307692307693
2016Q1,33,8,390,0.020512820512820513
2016Q1,34,5,390,0.01282051282051282
2016Q1,35,3,390,0.007692307692307693
2016Q1,36,3,390,0.007692307692307693
2016Q1,37,1,390,0.002564102564102564
2016Q1,38,8,390,0.020512820512820513
2016Q1,39,9,390,0.023076923076923078
2016Q1,40,6,390,0.015384615384615385
2016Q1,41,2,390,0.005128205128205128
2016Q1,42,7,390,0.017948717948717947
2016Q1,43,2,390,0.005128205128205128
2016Q1,45,6,390,0.015384615384615385
2016Q1,46,4,390,0.010256410256410256
2016Q1,47,5,390,0.01282051282051282
2016Q1,48,2,390,0.005128205128205128
2016Q1,49,2,390,0.005128205128205128
2016Q1,50,1,390,0.002564102564102564
2016Q1,51,1,390,0.002564102564102564
2016Q1,52,2,390,0.005128205128205128
2016Q2,0,9,399,0.022556390977443608
2016Q2,1,21,399,0.05263157894736842
2016Q2,2,15,399,0.03759398496240601
2016Q2,3,11,399,0.02756892230576441
2016Q2,4,22,399,0.05513784461152882
2016Q2,5,3,399,0.007518796992481203
2016Q2,6,13,399,0.03258145363408521
2016Q2,7,14,399,0.03508771929824561
2016Q2,8,12,399,0.03007518796992481
2016Q2,9,16,399,0.040100250626566414
2016Q2,10,12,399,0.03007518796992481
2016Q2,11,4,399,0.010025062656641603
2016Q2,12,11,399,0.02756892230576441
2016Q2,13,20,399,0.05012531328320802
2016Q2,14,21,399,0.05263157894736842
2016Q2,15,11,399,0.02756892230576441
2016Q2,16,9,399,0.022556390977443608
2016Q2,17,4,399,0.010025062656641603
2016Q2,18,10,399,0.02506265664160401
2016Q2,19,10,399,0.02506265664160401
2016Q2,20,1,399,0.002506265664160401
2016Q2,21,8,399,0.020050125313283207
2016Q2,22,9,399,0.022556390977443608
2016Q2,23,7,399,0.017543859649122806
2016Q2,24,10,399,0.02506265664160401
2016Q2,25,10,399,0.02506265664160401
2016Q2,26,5,399,0.012531328320802004
2016Q2,27,8,399,0.020050125313283207
2016Q2,28,7,399,0.017543859649122806
2016Q2,29,6,399,0.015037593984962405
2016Q2,30,5,399,0.012531328320802004
2016Q2,31,3,399,0.007518796992481203
2016Q2,32,5,399,0.012531328320802004
2016Q2,33,5,399,0.012531328320802004
2016Q2,34,6,399,0.015037593984962405
2016Q2,35,4,399,0.010025062656641603
2016Q2,36,3,399,0.007518796992481203
2016Q2,37,3,399,0.007518796992481203
2016Q2,38,5,399,0.012531328320802004
2016Q2,39,3,399,0.007518796992481203
2016Q2,40,6,399,0.015037593984962405
2016Q2,41,1,399,0.002506265664160401
2016Q2,42,3,399,0.007518796992481203
2016Q2,43,5,399,0.012531328320802004
2016Q2,45,4,399,0.010025062656641603
2016Q2,46,2,399,0.005012531328320802
2016Q2,47,2,399,0.005012531328320802
2016Q2,48,1,399,0.002506265664160401
2016Q2,49,3,399,0.007518796992481203
2016Q2,50,5,399,0.012531328320802004
2016Q2,51,1,399,0.002506265664160401
2016Q2,52,5,399,0.012531328320802004
2016Q3,0,26,392,0.0663265306122449
2016Q3,1,21,392,0.05357142857142857
2016Q3,2,17,392,0.04336734693877551
2016Q3,3,22,392,0.05612244897959184
2016Q3,4,15,392,0.03826530612244898
2016Q3,5,3,392,0.007653061224489796
2016Q3,6,12,392,0.030612244897959183
2016Q3,7,13,392,0.03316326530612245
2016Q3,8,10,392,0.025510204081632654
2016Q3,9,9,392,0.02295918367346939
2016Q3,10,17,392,0.04336734693877551
2016Q3,11,8,392,0.02040816326530612
2016Q3,12,12,392,0.030612244897959183
2016Q3,13,9,392,0.02295918367346939
2016Q3,14,9,392,0.02295918367346939
2016Q3,15,13,392,0.03316326530612245
2016Q3,16,7,392,0.017857142857142856
2016Q3,17,8,392,0.02040816326530612
2016Q3,18,10,392,0.025510204081632654
2016Q3,19,10,392,0.025510204081632654
2016Q3,20,8,392,0.02040816326530612
2016Q3,21,4,392,0.01020408163265306
2016Q3,22,12,392,0.030612244897959183
2016Q3,23,5,392,0.012755102040816327
2016Q3,24,5,392,0.012755102040816327
2016Q3,25,6,392,0.015306122448979591
2016Q3,26,2,392,0.00510204081632653
2016Q3,27,2,392,0.00510204081632653
2016Q3,28,7,392,0.017857142857142856
2016Q3,29,7,392,0.017857142857142856
2016Q3,30,5,392,0.012755102040816327
2016Q3,31,3,392,0.007653061224489796
2016Q3,32,6,392,0.015306122448979591
2016Q3,33,2,392,0.00510204081632653
2016Q3,34,6,392,0.015306122448979591
2016Q3,35,1,392,0.002551020408163265
2016Q3,36,3,392,0.007653061224489796
2016Q3,37,2,392,0.00510204081632653
2016Q3,38,2,392,0.00510204081632653
2016Q3,39,2,392,0.00510204081632653
2016Q3,40,9,392,0.02295918367346939
2016Q3,41,4,392,0.01020408163265306
2016Q3,42,1,392,0.002551020408163265
2016Q3,43,3,392,0.007653061224489796
2016Q3,44,4,392,0.01020408163265306
2016Q3,45,3,392,0.007653061224489796
2016Q3,46,4,392,0.01020408163265306
2016Q3,47,3,392,0.007653061224489796
2016Q3,48,14,392,0.03571428571428571
2016Q3,49,3,392,0.007653061224489796
2016Q3,50,1,392,0.002551020408163265
2016Q3,51,1,392,0.002551020408163265
2016Q3,52,1,392,0.002551020408163265
2016Q4,0,14,404,0.034653465346534656
2016Q4,1,15,404,0.03712871287128713
2016Q4,2,21,404,0.05198019801980198
2016Q4,3,23,404,0.05693069306930693
2016Q4,4,26,404,0.06435643564356436
2016Q4,5,2,404,0.0049504950495049506
2016Q4,6,9,404,0.022277227722772276
2016Q4,7,17,404,0.04207920792079208
2016Q4,8,13,404,0.03217821782178218
2016Q4,9,11,404,0.027227722772277228
2016Q4,10,9,404,0.022277227722772276
2016Q4,11,9,404,0.022277227722772276
2016Q4,12,3,404,0.007425742574257425
2016Q4,13,12,404,0.0297029702970297
2016Q4,14,7,404,0.017326732673267328
2016Q4,15,10,404,0.024752475247524754
2016Q4,16,11,404,0.027227722772277228
2016Q4,17,18,404,0.04455445544554455
2016Q4,18,5,404,0.012376237623762377
2016Q4,19,9,404,0.022277227722772276
2016Q4,20,14,404,0.034653465346534656
2016Q4,21,3,404,0.007425742574257425
2016Q4,22,8,404,0.019801980198019802
2016Q4,23,7,404,0.017326732673267328
2016Q4,24,15,404,0.03712871287128713
2016Q4,25,11,404,0.027227722772277228
2016Q4,26,4,404,0.009900990099009901
2016Q4,27,9,404,0.022277227722772276
2016Q4,28,5,404,0.012376237623762377
2016Q4,29,2,404,0.0049504950495049506
2016Q4,30,11,404,0.027227722772277228
2016Q4,31,7,404,0.017326732673267328
2016Q4,32,1,404,0.0024752475247524753
2016Q4,33,2,404,0.0049504950495049506
2016Q4,34,3,404,0.007425742574257425
2016Q4,36,6,404,0.01485148514851485
2016Q4,37,2,404,0.0049504950495049506
2016Q4,38,7,404,0.017326732673267328
2016Q4,39,3,404,0.007425742574257425
2016Q4,40,8,404,0.019801980198019802
2016Q4,41,7,404,0.017326732673267328
2016Q4,42,3,404,0.007425742574257425
2016Q4,43,1,404,0.0024752475247524753
2016Q4,44,3,404,0.007425742574257425
2016Q4,46,3,404,0.007425742574257425
2016Q4,47,4,404,0.009900990099009901
2016Q4,48,3,404,0.007425742574257425
2016Q4,49,1,404,0.0024752475247524753
2016Q4,50,2,404,0.0049504950495049506
2016Q4,51,3,404,0.007425742574257425
2016Q4,52,2,404,0.0049504950495049506
2017Q1,0,13,401,0.032418952618453865
2017Q1,1,19,401,0.04738154613466334
2017Q1,2,23,401,0.057356608478802994
2017Q1,3,13,401,0.032418952618453865
2017Q1,4,27,401,0.06733167082294264
2017Q1,6,9,401,0.022443890274314215
2017Q1,7,12,401,0.029925187032418952
2017Q1,8,13,401,0.032418952618453865
2017Q1,9,9,401,0.022443890274314215
2017Q1,10,9,401,0.022443890274314215
2017Q1,11,10,401,0.02493765586034913
2017Q1,12,12,401,0.029925187032418952
2017Q1,13,9,401,0.022443890274314215
2017Q1,14,11,401,0.02743142144638404
2017Q1,15,6,401,0.014962593516209476
2017Q1,16,7,401,0.017456359102244388
2017Q1,17,5,401,0.012468827930174564
2017Q1,18,5,401,0.012468827930174564
2017Q1,19,17,401,0.04239401496259352
2017Q1,20,13,401,0.032418952618453865
2017Q1,21,3,401,0.007481296758104738
2017Q1,22,6,401,0.014962593516209476
2017Q1,23,11,401,0.02743142144638404
2017Q1,24,14,401,0.034912718204488775
2017Q1,25,6,401,0.014962593516209476
2017Q1,26,8,401,0.0199501246882793
2017Q1,27,6,401,0.014962593516209476
2017Q1,28,4,401,0.00997506234413965
2017Q1,29,2,401,0.004987531172069825
2017Q1,30,3,401,0.007481296758104738
2017Q1,31,6,401,0.014962593516209476
2017Q1,32,2,401,0.004987531172069825
2017Q1,33,9,401,0.022443890274314215
2017Q1,34,8,401,0.0199501246882793
2017Q1,35,11,401,0.02743142144638404
2017Q1,36,2,401,0.004987531172069825
2017Q1,37,10,401,0.02493765586034913
2017Q1,38,4,401,0.00997506234413965
2017Q1,39,5,401,0.012468827930174564
2017Q1,40,7,401,0.017456359102244388
2017Q1,41,2,401,0.004987531172069825
2017Q1,42,3,401,0.007481296758104738
2017Q1,43,5,401,0.012468827930174564
2017Q1,44,4,401,0.00997506234413965
2017Q1,45,3,401,0.007481296758104738
2017Q1,46,5,401,0.012468827930174564
2017Q1,47,2,401,0.004987531172069825
2017Q1,48,1,401,0.0024937655860349127
2017Q1,49,2,401,0.004987531172069825
2017Q1,50,2,401,0.004987531172069825
2017Q1,51,2,401,0.004987531172069825
2017Q1,52,1,401,0.0024937655860349127
2017Q2,0,14,402,0.03482587064676617
2017Q2,1,32,402,0.07960199004975124
2017Q2,2,20,402,0.04975124378109453
2017Q2,3,21,402,0.05223880597014925
2017Q2,4,17,402,0.04228855721393035
2017Q2,5,2,402,0.004975124378109453
2017Q2,6,9,402,0.022388059701492536
2017Q2,7,10,402,0.024875621890547265
2017Q2,8,17,402,0.04228855721393035
2017Q2,9,7,402,0.017412935323383085
2017Q2,10,8,402,0.01990049751243781
2017Q2,11,10,402,0.024875621890547265
2017Q2,12,11,402,0.02736318407960199
2017Q2,13,11,402,0.02736318407960199
2017Q2,14,7,402,0.017412935323383085
2017Q2,15,2,402,0.004975124378109453
2017Q2,16,7,402,0.017412935323383085
2017Q2,17,3,402,0.007462686567164179
2017Q2,18,8,402,0.01990049751243781
2017Q2,19,8,402,0.01990049751243781
2017Q2,20,10,402,0.024875621890547265
2017Q2,21,12,402,0.029850746268656716
2017Q2,22,8,402,0.01990049751243781
2017Q2,23,9,402,0.022388059701492536
2017Q2,24,7,402,0.017412935323383085
2017Q2,25,4,402,0.009950248756218905
2017Q2,26,12,402,0.029850746268656716
2017Q2,27,6,402,0.014925373134328358
2017Q2,28,3,402,0.007462686567164179
2017Q2,29,5,402,0.012437810945273632
2017Q2,30,7,402,0.017412935323383085
2017Q2,31,8,402,0.01990049751243781
2017Q2,32,14,402,0.03482587064676617
2017Q2,33,8,402,0.01990049751243781
2017Q2,34,13,402,0.03233830845771144
2017Q2,35,7,402,0.017412935323383085
2017Q2,36,2,402,0.004975124378109453
2017Q2,37,2,402,0.004975124378109453
2017Q2,38,6,402,0.014925373134328358
2017Q2,39,2,402,0.004975124378109453
2017Q2,40,1,402,0.0024875621890547263
2017Q2,41,4,402,0.009950248756218905
2017Q2,42,1,402,0.0024875621890547263
2017Q2,43,4,402,0.009950248756218905
2017Q2,44,3,402,0.007462686567164179
2017Q2,45,5,402,0.012437810945273632
2017Q2,46,3,402,0.007462686567164179
2017Q2,47,5,402,0.012437810945273632
2017Q2,48,1,402,0.0024875621890547263
2017Q2,49,1,402,0.0024875621890547263
2017Q2,50,1,402,0.0024875621890547263
2017Q2,51,3,402,0.007462686567164179
2017Q2,52,1,402,0.0024875621890547263
2017Q3,0,22,435,0.05057471264367816
2017Q3,1,19,435,0.04367816091954023
2017Q3,2,30,435,0.06896551724137931
2017Q3,3,20,435,0.04597701149425287
2017Q3,4,18,435,0.041379310344827586
2017Q3,5,1,435,0.0022988505747126436
2017Q3,6,18,435,0.041379310344827586
2017Q3,7,7,435,0.016091954022988506
2017Q3,8,12,435,0.027586206896551724
2017Q3,9,17,435,0.03908045977011494
2017Q3,10,9,435,0.020689655172413793
2017Q3,11,9,435,0.020689655172413793
2017Q3,12,7,435,0.016091954022988506
2017Q3,13,10,435,0.022988505747126436
2017Q3,14,2,435,0.004597701149425287
2017Q3,15,9,435,0.020689655172413793
2017Q3,16,6,435,0.013793103448275862
2017Q3,17,11,435,0.02528735632183908
2017Q3,18,9,435,0.020689655172413793
2017Q3,19,16,435,0.0367816091954023
2017Q3,20,5,435,0.011494252873563218
2017Q3,21,9,435,0.020689655172413793
2017Q3,22,2,435,0.004597701149425287
2017Q3,23,7,435,0.016091954022988506
2017Q3,24,11,435,0.02528735632183908
2017Q3,25,9,435,0.020689655172413793
2017Q3,26,7,435,0.016091954022988506
2017Q3,27,5,435,0.011494252873563218
2017Q3,28,10,435,0.022988505747126436
2017Q3,29,12,435,0.027586206896551724
2017Q3,30,9,435,0.020689655172413793
2017Q3,31,6,435,0.013793103448275862
2017Q3,32,2,435,0.004597701149425287
2017Q3,33,5,435,0.011494252873563218
2017Q3,34,8,435,0.01839080459770115
2017Q3,35,5,435,0.011494252873563218
2017Q3,36,3,435,0.006896551724137931
2017Q3,37,3,435,0.006896551724137931
2017Q3,38,3,435,0.006896551724137931
2017Q3,39,1,435,0.0022988505747126436
2017Q3,40,5,435,0.011494252873563218
2017Q3,41,6,435,0.013793103448275862
2017Q3,42,7,435,0.016091954022988506
2017Q3,43,1,435,0.0022988505747126436
2017Q3,44,8,435,0.01839080459770115
2017Q3,45,7,435,0.016091954022988506
2017Q3,46,2,435,0.004597701149425287
2017Q3,47,4,435,0.009195402298850575
2017Q3,48,11,435,0.02528735632183908
2017Q3,49,1,435,0.0022988505747126436
2017Q3,50,4,435,0.009195402298850575
2017Q3,51,5,435,0.011494252873563218
2017Q4,0,14,358,0.03910614525139665
2017Q4,1,19,358,0.05307262569832402
2017Q4,2,31,358,0.08659217877094973
2017Q4,3,18,358,0.05027932960893855
2017Q4,4,22,358,0.061452513966480445
2017Q4,5,2,358,0.00558659217877095
2017Q4,6,18,358,0.05027932960893855
2017Q4,7,2,358,0.00558659217877095
2017Q4,8,10,358,0.027932960893854747
2017Q4,9,19,358,0.05307262569832402
2017Q4,10,16,358,0.0446927374301676
2017Q4,11,11,358,0.030726256983240222
2017Q4,12,7,358,0.019553072625698324
2017Q4,13,10,358,0.027932960893854747
2017Q4,14,9,358,0.025139664804469275
2017Q4,15,3,358,0.008379888268156424
2017Q4,16,4,358,0.0111731843575419
2017Q4,17,4,358,0.0111731843575419
2017Q4,18,7,358,0.019553072625698324
2017Q4,19,6,358,0.01675977653631285
2017Q4,20,7,358,0.019553072625698324
2017Q4,21,7,358,0.019553072625698324
2017Q4,22,6,358,0.01675977653631285
2017Q4,23,7,358,0.019553072625698324
2017Q4,24,8,358,0.0223463687150838
2017Q4,25,3,358,0.008379888268156424
2017Q4,26,7,358,0.019553072625698324
2017Q4,27,3,358,0.008379888268156424
2017Q4,28,1,358,0.002793296089385475
2017Q4,29,4,358,0.0111731843575419
2017Q4,30,3,358,0.008379888268156424
2017Q4,31,5,358,0.013966480446927373
2017Q4,32,2,358,0.00558659217877095
2017Q4,33,7,358,0.019553072625698324
2017Q4,34,8,358,0.0223463687150838
2017Q4,35,3,358,0.008379888268156424
2017Q4,36,3,358,0.008379888268156424
2017Q4,38,8,358,0.0223463687150838
2017Q4,39,1,358,0.002793296089385475
2017Q4,40,3,358,0.008379888268156424
2017Q4,41,4,358,0.0111731843575419
2017Q4,43,1,358,0.002793296089385475
2017Q4,44,6,358,0.01675977653631285
2017Q4,45,8,358,0.0223463687150838
2017Q4,46,1,358,0.002793296089385475
2017Q4,47,2,358,0.00558659217877095
2017Q4,48,2,358,0.00558659217877095
2017Q4,49,2,358,0.00558659217877095
2017Q4,50,1,358,0.002793296089385475
2017Q4,51,1,358,0.002793296089385475
2017Q4,52,2,358,0.00558659217877095
2018Q1,0,20,405,0.04938271604938271
2018Q1,1,28,405,0.0691358024691358
2018Q1,2,31,405,0.07654320987654321
2018Q1,3,9,405,0.022222222222222223
2018Q1,4,20,405,0.04938271604938271
2018Q1,5,7,405,0.01728395061728395
2018Q1,6,12,405,0.02962962962962963
2018Q1,7,10,405,0.024691358024691357
2018Q1,8,11,405,0.027160493827160494
2018Q1,9,9,405,0.022222222222222223
2018Q1,10,26,405,0.06419753086419754
2018Q1,11,17,405,0.04197530864197531
2018Q1,12,3,405,0.007407407407407408
2018Q1,13,16,405,0.03950617283950617
2018Q1,14,10,405,0.024691358024691357
2018Q1,15,1,405,0.0024691358024691358
2018Q1,16,5,405,0.012345679012345678
2018Q1,17,1,405,0.0024691358024691358
2018Q1,18,8,405,0.019753086419753086
2018Q1,19,17,405,0.04197530864197531
2018Q1,20,7,405,0.01728395061728395
2018Q1,21,10,405,0.024691358024691357
2018Q1,22,2,405,0.0049382716049382715
2018Q1,23,3,405,0.007407407407407408
2018Q1,24,7,405,0.01728395061728395
2018Q1,25,5,405,0.012345679012345678
2018Q1,26,13,405,0.03209876543209877
2018Q1,27,6,405,0.014814814814814815
2018Q1,29,9,405,0.022222222222222223
2018Q1,30,2,405,0.0049382716049382715
2018Q1,31,6,405,0.014814814814814815
2018Q1,32,5,405,0.012345679012345678
2018Q1,33,6,405,0.014814814814814815
2018Q1,34,10,405,0.024691358024691357
2018Q1,35,5,405,0.012345679012345678
2018Q1,36,3,405,0.007407407407407408
2018Q1,37,8,405,0.019753086419753086
2018Q1,38,6,405,0.014814814814814815
2018Q1,40,2,405,0.0049382716049382715
2018Q1,41,2,405,0.0049382716049382715
2018Q1,42,1,405,0.0024691358024691358
2018Q1,43,1,405,0.0024691358024691358
2018Q1,44,5,405,0.012345679012345678
2018Q1,45,2,405,0.0049382716049382715
2018Q1,46,1,405,0.0024691358024691358
2018Q1,47,2,405,0.0049382716049382715
2018Q1,48,3,405,0.007407407407407408
2018Q1,49,3,405,0.007407407407407408
2018Q1,50,5,405,0.012345679012345678
2018Q1,51,3,405,0.007407407407407408
2018Q1,52,1,405,0.0024691358024691358
2018Q2,0,14,422,0.03317535545023697
2018Q2,1,30,422,0.07109004739336493
2018Q2,2,28,422,0.06635071090047394
2018Q2,3,15,422,0.035545023696682464
2018Q2,4,27,422,0.06398104265402843
2018Q2,5,5,422,0.011848341232227487
2018Q2,6,20,422,0.04739336492890995
2018Q2,7,16,422,0.037914691943127965
2018Q2,8,14,422,0.03317535545023697
2018Q2,9,12,422,0.02843601895734597
2018Q2,10,17,422,0.04028436018957346
2018Q2,11,9,422,0.02132701421800948
2018Q2,12,13,422,0.030805687203791468
2018Q2,13,16,422,0.037914691943127965
2018Q2,14,4,422,0.009478672985781991
2018Q2,15,6,422,0.014218009478672985
2018Q2,16,5,422,0.011848341232227487
2018Q2,17,6,422,0.014218009478672985
2018Q2,18,9,422,0.02132701421800948
2018Q2,19,8,422,0.018957345971563982
2018Q2,20,7,422,0.016587677725118485
2018Q2,21,4,422,0.009478672985781991
2018Q2,22,9,422,0.02132701421800948
2018Q2,23,8,422,0.018957345971563982
2018Q2,24,9,422,0.02132701421800948
2018Q2,25,9,422,0.02132701421800948
2018Q2,26,13,422,0.030805687203791468
2018Q2,27,4,422,0.009478672985781991
2018Q2,29,3,422,0.0071090047393364926
2018Q2,30,5,422,0.011848341232227487
2018Q2,31,9,422,0.02132701421800948
2018Q2,32,3,422,0.0071090047393364926
2018Q2,33,7,422,0.016587677725118485
2018Q2,34,2,422,0.004739336492890996
2018Q2,35,3,422,0.0071090047393364926
2018Q2,36,1,422,0.002369668246445498
2018Q2,37,3,422,0.0071090047393364926
2018Q2,38,6,422,0.014218009478672985
2018Q2,39,1,422,0.002369668246445498
2018Q2,40,8,422,0.018957345971563982
2018Q2,41,3,422,0.0071090047393364926
2018Q2,42,2,422,0.004739336492890996
2018Q2,43,4,422,0.009478672985781991
2018Q2,44,2,422,0.004739336492890996
2018Q2,46,5,422,0.011848341232227487
2018Q2,47,2,422,0.004739336492890996
2018Q2,49,3,422,0.0071090047393364926
2018Q2,50,3,422,0.0071090047393364926
2018Q2,51,4,422,0.009478672985781991
2018Q2,52,6,422,0.014218009478672985
2018Q3,0,13,399,0.03258145363408521
2018Q3,1,19,399,0.047619047619047616
2018Q3,2,39,399,0.09774436090225563
2018Q3,3,14,399,0.03508771929824561
2018Q3,4,28,399,0.07017543859649122
2018Q3,5,2,399,0.005012531328320802
2018Q3,6,16,399,0.040100250626566414
2018Q3,7,5,399,0.012531328320802004
2018Q3,8,6,399,0.015037593984962405
2018Q3,9,16,399,0.040100250626566414
2018Q3,10,18,399,0.045112781954887216
2018Q3,11,12,399,0.03007518796992481
2018Q3,12,9,399,0.022556390977443608
2018Q3,13,14,399,0.03508771929824561
2018Q3,14,7,399,0.017543859649122806
2018Q3,15,8,399,0.020050125313283207
2018Q3,16,5,399,0.012531328320802004
2018Q3,17,10,399,0.02506265664160401
2018Q3,18,3,399,0.007518796992481203
2018Q3,19,10,399,0.02506265664160401
2018Q3,20,4,399,0.010025062656641603
2018Q3,21,6,399,0.015037593984962405
2018Q3,22,5,399,0.012531328320802004
2018Q3,23,10,399,0.02506265664160401
2018Q3,24,9,399,0.022556390977443608
2018Q3,25,2,399,0.005012531328320802
2018Q3,26,9,399,0.022556390977443608
2018Q3,27,2,399,0.005012531328320802
2018Q3,28,9,399,0.022556390977443608
2018Q3,29,6,399,0.015037593984962405
2018Q3,30,4,399,0.010025062656641603
2018Q3,31,6,399,0.015037593984962405
2018Q3,32,2,399,0.005012531328320802
2018Q3,33,10,399,0.02506265664160401
2018Q3,34,5,399,0.012531328320802004
2018Q3,35,3,399,0.007518796992481203
2018Q3,36,4,399,0.010025062656641603
2018Q3,37,1,399,0.002506265664160401
2018Q3,38,3,399,0.007518796992481203
2018Q3,40,5,399,0.012531328320802004
2018Q3,41,6,399,0.015037593984962405
2018Q3,42,6,399,0.015037593984962405
2018Q3,43,1,399,0.002506265664160401
2018Q3,44,7,399,0.017543859649122806
2018Q3,45,3,399,0.007518796992481203
2018Q3,46,5,399,0.012531328320802004
2018Q3,47,3,399,0.007518796992481203
2018Q3,49,3,399,0.007518796992481203
2018Q3,51,5,399,0.012531328320802004
2018Q3,52,1,399,0.002506265664160401
2018Q4,0,16,385,0.04155844155844156
2018Q4,1,17,385,0.04415584415584416
2018Q4,2,32,385,0.08311688311688312
2018Q4,3,6,385,0.015584415584415584
2018Q4,4,21,385,0.05454545454545454
2018Q4,5,3,385,0.007792207792207792
2018Q4,6,16,385,0.04155844155844156
2018Q4,7,17,385,0.04415584415584416
2018Q4,8,20,385,0.05194805194805195
2018Q4,9,18,385,0.046753246753246755
2018Q4,10,15,385,0.03896103896103896
2018Q4,11,9,385,0.023376623376623377
2018Q4,12,12,385,0.03116883116883117
2018Q4,13,7,385,0.01818181818181818
2018Q4,14,11,385,0.02857142857142857
2018Q4,15,2,385,0.005194805194805195
2018Q4,16,5,385,0.012987012987012988
2018Q4,17,9,385,0.023376623376623377
2018Q4,18,5,385,0.012987012987012988
2018Q4,19,10,385,0.025974025974025976
2018Q4,20,4,385,0.01038961038961039
2018Q4,21,8,385,0.02077922077922078
2018Q4,22,7,385,0.01818181818181818
2018Q4,23,2,385,0.005194805194805195
2018Q4,24,6,385,0.015584415584415584
2018Q4,25,7,385,0.01818181818181818
2018Q4,26,8,385,0.02077922077922078
2018Q4,27,5,385,0.012987012987012988
2018Q4,28,6,385,0.015584415584415584
2018Q4,29,6,385,0.015584415584415584
2018Q4,30,3,385,0.007792207792207792
2018Q4,31,3,385,0.007792207792207792
2018Q4,32,4,385,0.01038961038961039
2018Q4,33,2,385,0.005194805194805195
2018Q4,34,6,385,0.015584415584415584
2018Q4,35,4,385,0.01038961038961039
2018Q4,36,2,385,0.005194805194805195
2018Q4,37,1,385,0.0025974025974025974
2018Q4,38,5,385,0.012987012987012988
2018Q4,39,2,385,0.005194805194805195
2018Q4,40,1,385,0.0025974025974025974
2018Q4,41,5,385,0.012987012987012988
2018Q4,42,1,385,0.0025974025974025974
2018Q4,43,10,385,0.025974025974025976
2018Q4,44,4,385,0.01038961038961039
2018Q4,45,8,385,0.02077922077922078
2018Q4,46,2,385,0.005194805194805195
2018Q4,47,1,385,0.0025974025974025974
2018Q4,48,1,385,0.0025974025974025974
2018Q4,49,1,385,0.0025974025974025974
2018Q4,50,1,385,0.0025974025974025974
2018Q4,51,7,385,0.01818181818181818
2018Q4,52,1,385,0.0025974025974025974
2019Q1,0,23,385,0.05974025974025974
2019Q1,1,20,385,0.05194805194805195
2019Q1,2,34,385,0.08831168831168831
2019Q1,3,9,385,0.023376623376623377
2019Q1,4,25,385,0.06493506493506493
2019Q1,5,2,385,0.005194805194805195
2019Q1,6,13,385,0.033766233766233764
2019Q1,7,14,385,0.03636363636363636
2019Q1,8,9,385,0.023376623376623377
2019Q1,9,13,385,0.033766233766233764
2019Q1,10,15,385,0.03896103896103896
2019Q1,11,16,385,0.04155844155844156
2019Q1,12,4,385,0.01038961038961039
2019Q1,13,9,385,0.023376623376623377
2019Q1,14,5,385,0.012987012987012988
2019Q1,15,3,385,0.007792207792207792
2019Q1,16,10,385,0.025974025974025976
2019Q1,17,6,385,0.015584415584415584
2019Q1,18,5,385,0.012987012987012988
2019Q1,19,9,385,0.023376623376623377
2019Q1,20,3,385,0.007792207792207792
2019Q1,21,6,385,0.015584415584415584
2019Q1,22,1,385,0.0025974025974025974
2019Q1,23,7,385,0.01818181818181818
2019Q1,24,6,385,0.015584415584415584
2019Q1,25,9,385,0.023376623376623377
2019Q1,26,12,385,0.03116883116883117
2019Q1,27,2,385,0.005194805194805195
2019Q1,28,5,385,0.012987012987012988
2019Q1,29,3,385,0.007792207792207792
2019Q1,30,13,385,0.033766233766233764
2019Q1,31,9,385,0.023376623376623377
2019Q1,32,4,385,0.01038961038961039
2019Q1,33,8,385,0.02077922077922078
2019Q1,34,5,385,0.012987012987012988
2019Q1,35,2,385,0.005194805194805195
2019Q1,36,2,385,0.005194805194805195
2019Q1,37,7,385,0.01818181818181818
2019Q1,38,4,385,0.01038961038961039
2019Q1,39,1,385,0.0025974025974025974
2019Q1,40,6,385,0.015584415584415584
2019Q1,41,2,385,0.005194805194805195
2019Q1,42,2,385,0.005194805194805195
2019Q1,43,3,385,0.007792207792207792
2019Q1,44,4,385,0.01038961038961039
2019Q1,45,1,385,0.0025974025974025974
2019Q1,46,4,385,0.01038961038961039
2019Q1,47,1,385,0.0025974025974025974
2019Q1,48,1,385,0.0025974025974025974
2019Q1,49,1,385,0.0025974025974025974
2019Q1,50,2,385,0.005194805194805195
2019Q1,51,3,385,0.007792207792207792
2019Q1,52,2,385,0.005194805194805195
2019Q2,0,21,377,0.05570291777188329
2019Q2,1,23,377,0.0610079575596817
2019Q2,2,32,377,0.08488063660477453
2019Q2,3,10,377,0.026525198938992044
2019Q2,4,36,377,0.09549071618037135
2019Q2,5,2,377,0.005305039787798408
2019Q2,6,7,377,0.01856763925729443
2019Q2,7,3,377,0.007957559681697613
2019Q2,8,11,377,0.029177718832891247
2019Q2,9,15,377,0.03978779840848806
2019Q2,10,9,377,0.023872679045092837
2019Q2,11,5,377,0.013262599469496022
2019Q2,12,13,377,0.034482758620689655
2019Q2,13,12,377,0.03183023872679045
2019Q2,14,9,377,0.023872679045092837
2019Q2,15,2,377,0.005305039787798408
2019Q2,16,8,377,0.021220159151193633
2019Q2,17,4,377,0.010610079575596816
2019Q2,18,7,377,0.01856763925729443
2019Q2,19,6,377,0.015915119363395226
2019Q2,20,5,377,0.013262599469496022
2019Q2,21,7,377,0.01856763925729443
2019Q2,22,6,377,0.015915119363395226
2019Q2,23,10,377,0.026525198938992044
2019Q2,24,6,377,0.015915119363395226
2019Q2,25,9,377,0.023872679045092837
2019Q2,26,8,377,0.021220159151193633
2019Q2,27,6,377,0.015915119363395226
2019Q2,28,1,377,0.002652519893899204
2019Q2,29,8,377,0.021220159151193633
2019Q2,30,3,377,0.007957559681697613
2019Q2,31,4,377,0.010610079575596816
2019Q2,32,8,377,0.021220159151193633
2019Q2,33,6,377,0.015915119363395226
2019Q2,34,5,377,0.013262599469496022
2019Q2,35,3,377,0.007957559681697613
2019Q2,36,2,377,0.005305039787798408
2019Q2,38,1,377,0.002652519893899204
2019Q2,39,4,377,0.010610079575596816
2019Q2,40,6,377,0.015915119363395226
2019Q2,41,2,377,0.005305039787798408
2019Q2,42,3,377,0.007957559681697613
2019Q2,43,2,377,0.005305039787798408
2019Q2,44,6,377,0.015915119363395226
2019Q2,45,2,377,0.005305039787798408
2019Q2,46,1,377,0.002652519893899204
2019Q2,47,1,377,0.002652519893899204
2019Q2,48,5,377,0.013262599469496022
2019Q2,49,3,377,0.007957559681697613
2019Q2,51,6,377,0.015915119363395226
2019Q2,52,3,377,0.007957559681697613
2019Q3,0,16,409,0.039119804400977995
2019Q3,1,24,409,0.05867970660146699
2019Q3,2,32,409,0.07823960880195599
2019Q3,3,18,409,0.044009779951100246
2019Q3,4,15,409,0.03667481662591687
2019Q3,5,1,409,0.0024449877750611247
2019Q3,6,13,409,0.03178484107579462
2019Q3,7,10,409,0.02444987775061125
2019Q3,8,14,409,0.034229828850855744
2019Q3,9,14,409,0.034229828850855744
2019Q3,10,13,409,0.03178484107579462
2019Q3,11,16,409,0.039119804400977995
2019Q3,12,5,409,0.012224938875305624
2019Q3,13,19,409,0.04645476772616137
2019Q3,14,11,409,0.02689486552567237
2019Q3,15,5,409,0.012224938875305624
2019Q3,16,5,409,0.012224938875305624
2019Q3,17,13,409,0.03178484107579462
2019Q3,18,8,409,0.019559902200488997
2019Q3,19,4,409,0.009779951100244499
2019Q3,20,4,409,0.009779951100244499
2019Q3,21,15,409,0.03667481662591687
2019Q3,22,8,409,0.019559902200488997
2019Q3,23,7,409,0.017114914425427872
2019Q3,24,2,409,0.004889975550122249
2019Q3,25,5,409,0.012224938875305624
2019Q3,26,7,409,0.017114914425427872
2019Q3,27,2,409,0.004889975550122249
2019Q3,28,3,409,0.007334963325183374
2019Q3,29,5,409,0.012224938875305624
2019Q3,30,3,409,0.007334963325183374
2019Q3,31,10,409,0.02444987775061125
2019Q3,32,7,409,0.017114914425427872
2019Q3,33,10,409,0.02444987775061125
2019Q3,34,2,409,0.004889975550122249
2019Q3,35,9,409,0.022004889975550123
2019Q3,36,2,409,0.004889975550122249
2019Q3,37,3,409,0.007334963325183374
2019Q3,38,4,409,0.009779951100244499
2019Q3,40,3,409,0.007334963325183374
2019Q3,41,5,409,0.012224938875305624
2019Q3,42,4,409,0.009779951100244499
2019Q3,43,4,409,0.009779951100244499
2019Q3,44,4,409,0.009779951100244499
2019Q3,45,6,409,0.014669926650366748
2019Q3,46,2,409,0.004889975550122249
2019Q3,47,4,409,0.009779951100244499
2019Q3,49,1,409,0.0024449877750611247
2019Q3,50,2,409,0.004889975550122249
2019Q3,51,4,409,0.009779951100244499
2019Q3,52,6,409,0.014669926650366748
2019Q4,0,16,387,0.041343669250646
2019Q4,1,16,387,0.041343669250646
2019Q4,2,33,387,0.08527131782945736
2019Q4,3,10,387,0.025839793281653745
2019Q4,4,10,387,0.025839793281653745
2019Q4,5,5,387,0.012919896640826873
2019Q4,6,14,387,0.03617571059431524
2019Q4,7,9,387,0.023255813953488372
2019Q4,8,9,387,0.023255813953488372
2019Q4,9,17,387,0.04392764857881137
2019Q4,10,10,387,0.025839793281653745
2019Q4,11,9,387,0.023255813953488372
2019Q4,12,17,387,0.04392764857881137
2019Q4,13,9,387,0.023255813953488372
2019Q4,14,7,387,0.01808785529715762
2019Q4,15,6,387,0.015503875968992248
2019Q4,16,4,387,0.0103359173126615
2019Q4,17,5,387,0.012919896640826873
2019Q4,18,6,387,0.015503875968992248
2019Q4,20,5,387,0.012919896640826873
2019Q4,21,11,387,0.028423772609819122
2019Q4,22,5,387,0.012919896640826873
2019Q4,23,7,387,0.01808785529715762
2019Q4,24,6,387,0.015503875968992248
2019Q4,25,8,387,0.020671834625323
2019Q4,26,9,387,0.023255813953488372
2019Q4,27,16,387,0.041343669250646
2019Q4,29,6,387,0.015503875968992248
2019Q4,30,9,387,0.023255813953488372
2019Q4,31,13,387,0.03359173126614987
2019Q4,32,7,387,0.01808785529715762
2019Q4,33,4,387,0.0103359173126615
2019Q4,34,6,387,0.015503875968992248
2019Q4,35,10,387,0.025839793281653745
2019Q4,36,1,387,0.002583979328165375
2019Q4,37,6,387,0.015503875968992248
2019Q4,38,9,387,0.023255813953488372
2019Q4,39,5,387,0.012919896640826873
2019Q4,40,3,387,0.007751937984496124
2019Q4,41,4,387,0.0103359173126615
2019Q4,43,3,387,0.007751937984496124
2019Q4,44,4,387,0.0103359173126615
2019Q4,46,5,387,0.012919896640826873
2019Q4,47,4,387,0.0103359173126615
2019Q4,48,3,387,0.007751937984496124
2019Q4,49,2,387,0.00516795865633075
2019Q4,51,3,387,0.007751937984496124
2019Q4,52,1,387,0.002583979328165375
2020Q1,0,24,388,0.061855670103092786
2020Q1,1,20,388,0.05154639175257732
2020Q1,2,22,388,0.05670103092783505
2020Q1,3,6,388,0.015463917525773196
2020Q1,4,14,388,0.03608247422680412
2020Q1,5,22,388,0.05670103092783505
2020Q1,6,10,388,0.02577319587628866
2020Q1,7,10,388,0.02577319587628866
2020Q1,8,9,388,0.023195876288659795
2020Q1,9,12,388,0.030927835051546393
2020Q1,10,16,388,0.041237113402061855
2020Q1,11,27,388,0.06958762886597938
2020Q1,12,9,388,0.023195876288659795
2020Q1,13,7,388,0.01804123711340206
2020Q1,14,5,388,0.01288659793814433
2020Q1,15,12,388,0.030927835051546393
2020Q1,16,4,388,0.010309278350515464
2020Q1,17,3,388,0.007731958762886598
2020Q1,18,12,388,0.030927835051546393
2020Q1,19,3,388,0.007731958762886598
2020Q1,20,5,388,0.01288659793814433
2020Q1,21,3,388,0.007731958762886598
2020Q1,22,7,388,0.01804123711340206
2020Q1,23,3,388,0.007731958762886598
2020Q1,24,10,388,0.02577319587628866
2020Q1,25,3,388,0.007731958762886598
2020Q1,26,5,388,0.01288659793814433
2020Q1,27,11,388,0.028350515463917526
2020Q1,28,6,388,0.015463917525773196
2020Q1,29,6,388,0.015463917525773196
2020Q1,30,5,388,0.01288659793814433
2020Q1,31,7,388,0.01804123711340206
2020Q1,32,3,388,0.007731958762886598
2020Q1,33,6,388,0.015463917525773196
2020Q1,34,9,388,0.023195876288659795
2020Q1,35,3,388,0.007731958762886598
2020Q1,36,6,388,0.015463917525773196
2020Q1,37,5,388,0.01288659793814433
2020Q1,39,2,388,0.005154639175257732
2020Q1,40,1,388,0.002577319587628866
2020Q1,41,4,388,0.010309278350515464
2020Q1,42,2,388,0.005154639175257732
2020Q1,43,2,388,0.005154639175257732
2020Q1,44,5,388,0.01288659793814433
2020Q1,45,3,388,0.007731958762886598
2020Q1,46,5,388,0.01288659793814433
2020Q1,47,4,388,0.010309278350515464
2020Q1,48,2,388,0.005154639175257732
2020Q1,49,1,388,0.002577319587628866
2020Q1,50,1,388,0.002577319587628866
2020Q1,51,3,388,0.007731958762886598
2020Q1,52,3,388,0.007731958762886598
2020Q2,0,8,353,0.0226628895184136
2020Q2,1,13,353,0.036827195467422094
2020Q2,2,18,353,0.05099150141643059
2020Q2,3,4,353,0.0113314447592068
2020Q2,4,21,353,0.059490084985835696
2020Q2,5,39,353,0.11048158640226628
2020Q2,6,8,353,0.0226628895184136
2020Q2,7,9,353,0.025495750708215296
2020Q2,8,16,353,0.0453257790368272
2020Q2,9,5,353,0.014164305949008499
2020Q2,10,4,353,0.0113314447592068
2020Q2,11,48,353,0.1359773371104816
2020Q2,12,1,353,0.0028328611898017
2020Q2,13,4,353,0.0113314447592068
2020Q2,14,1,353,0.0028328611898017
2020Q2,15,8,353,0.0226628895184136
2020Q2,16,4,353,0.0113314447592068
2020Q2,17,2,353,0.0056657223796034
2020Q2,18,2,353,0.0056657223796034
2020Q2,19,11,353,0.031161473087818695
2020Q2,20,12,353,0.0339943342776204
2020Q2,21,3,353,0.0084985835694051
2020Q2,22,13,353,0.036827195467422094
2020Q2,23,1,353,0.0028328611898017
2020Q2,24,2,353,0.0056657223796034
2020Q2,25,5,353,0.014164305949008499
2020Q2,26,4,353,0.0113314447592068
2020Q2,27,9,353,0.025495750708215296
2020Q2,28,19,353,0.053824362606232294
2020Q2,29,2,353,0.0056657223796034
2020Q2,30,2,353,0.0056657223796034
2020Q2,31,5,353,0.014164305949008499
2020Q2,32,4,353,0.0113314447592068
2020Q2,33,2,353,0.0056657223796034
2020Q2,34,5,353,0.014164305949008499
2020Q2,35,1,353,0.0028328611898017
2020Q2,36,1,353,0.0028328611898017
2020Q2,37,7,353,0.019830028328611898
2020Q2,38,3,353,0.0084985835694051
2020Q2,39,1,353,0.0028328611898017
2020Q2,40,6,353,0.0169971671388102
2020Q2,42,2,353,0.0056657223796034
2020Q2,44,2,353,0.0056657223796034
2020Q2,45,1,353,0.0028328611898017
2020Q2,46,3,353,0.0084985835694051
2020Q2,47,2,353,0.0056657223796034
2020Q2,48,1,353,0.0028328611898017
2020Q2,49,5,353,0.014164305949008499
2020Q2,50,2,353,0.0056657223796034
2020Q2,51,2,353,0.0056657223796034
2020Q3,0,7,345,0.020289855072463767
2020Q3,1,20,345,0.057971014492753624
2020Q3,2,21,345,0.06086956521739131
2020Q3,3,10,345,0.028985507246376812
2020Q3,4,8,345,0.02318840579710145
2020Q3,5,60,345,0.17391304347826086
2020Q3,6,14,345,0.04057971014492753
2020Q3,7,4,345,0.011594202898550725
2020Q3,8,8,345,0.02318840579710145
2020Q3,9,2,345,0.005797101449275362
2020Q3,10,6,345,0.017391304347826087
2020Q3,11,22,345,0.06376811594202898
2020Q3,12,13,345,0.03768115942028986
2020Q3,13,12,345,0.034782608695652174
2020Q3,14,4,345,0.011594202898550725
2020Q3,15,9,345,0.02608695652173913
2020Q3,16,5,345,0.014492753623188406
2020Q3,17,3,345,0.008695652173913044
2020Q3,18,9,345,0.02608695652173913
2020Q3,19,11,345,0.03188405797101449
2020Q3,20,8,345,0.02318840579710145
2020Q3,21,3,345,0.008695652173913044
2020Q3,22,18,345,0.05217391304347826
2020Q3,23,3,345,0.008695652173913044
2020Q3,24,3,345,0.008695652173913044
2020Q3,25,2,345,0.005797101449275362
2020Q3,27,1,345,0.002898550724637681
2020Q3,29,4,345,0.011594202898550725
2020Q3,30,6,345,0.017391304347826087
2020Q3,31,2,345,0.005797101449275362
2020Q3,32,2,345,0.005797101449275362
2020Q3,33,4,345,0.011594202898550725
2020Q3,34,3,345,0.008695652173913044
2020Q3,35,1,345,0.002898550724637681
2020Q3,37,7,345,0.020289855072463767
2020Q3,38,2,345,0.005797101449275362
2020Q3,39,3,345,0.008695652173913044
2020Q3,40,2,345,0.005797101449275362
2020Q3,41,3,345,0.008695652173913044
2020Q3,43,1,345,0.002898550724637681
2020Q3,44,4,345,0.011594202898550725
2020Q3,45,2,345,0.005797101449275362
2020Q3,48,1,345,0.002898550724637681
2020Q3,49,2,345,0.005797101449275362
2020Q3,50,3,345,0.008695652173913044
2020Q3,51,7,345,0.020289855072463767
2020Q4,0,10,305,0.03278688524590164
2020Q4,1,8,305,0.02622950819672131
2020Q4,2,13,305,0.04262295081967213
2020Q4,3,17,305,0.05573770491803279
2020Q4,4,12,305,0.03934426229508197
2020Q4,5,53,305,0.1737704918032787
2020Q4,6,13,305,0.04262295081967213
2020Q4,7,11,305,0.036065573770491806
2020Q4,8,5,305,0.01639344262295082
2020Q4,9,5,305,0.01639344262295082
2020Q4,10,2,305,0.006557377049180328
2020Q4,11,18,305,0.05901639344262295
2020Q4,12,3,305,0.009836065573770493
2020Q4,13,8,305,0.02622950819672131
2020Q4,14,7,305,0.022950819672131147
2020Q4,15,3,305,0.009836065573770493
2020Q4,16,1,305,0.003278688524590164
2020Q4,17,10,305,0.03278688524590164
2020Q4,18,2,305,0.006557377049180328
2020Q4,19,7,305,0.022950819672131147
2020Q4,20,6,305,0.019672131147540985
2020Q4,21,5,305,0.01639344262295082
2020Q4,22,12,305,0.03934426229508197
2020Q4,23,5,305,0.01639344262295082
2020Q4,24,1,305,0.003278688524590164
2020Q4,25,2,305,0.006557377049180328
2020Q4,26,4,305,0.013114754098360656
2020Q4,27,4,305,0.013114754098360656
2020Q4,28,1,305,0.003278688524590164
2020Q4,29,2,305,0.006557377049180328
2020Q4,30,6,305,0.019672131147540985
2020Q4,31,10,305,0.03278688524590164
2020Q4,33,3,305,0.009836065573770493
2020Q4,35,4,305,0.013114754098360656
2020Q4,36,1,305,0.003278688524590164
2020Q4,37,1,305,0.003278688524590164
2020Q4,38,2,305,0.006557377049180328
2020Q4,40,1,305,0.003278688524590164
2020Q4,41,4,305,0.013114754098360656
2020Q4,42,4,305,0.013114754098360656
2020Q4,43,1,305,0.003278688524590164
2020Q4,45,4,305,0.013114754098360656
2020Q4,48,4,305,0.013114754098360656
2020Q4,49,2,305,0.006557377049180328
2020Q4,51,7,305,0.022950819672131147
2020Q4,52,1,305,0.003278688524590164
2021Q1,0,11,284,0.03873239436619718
2021Q1,1,6,284,0.02112676056338028
2021Q1,2,10,284,0.035211267605633804
2021Q1,3,10,284,0.035211267605633804
2021Q1,4,6,284,0.02112676056338028
2021Q1,5,54,284,0.19014084507042253
2021Q1,6,13,284,0.045774647887323945
2021Q1,7,7,284,0.02464788732394366
2021Q1,8,12,284,0.04225352112676056
2021Q1,9,10,284,0.035211267605633804
2021Q1,10,9,284,0.03169014084507042
2021Q1,11,7,284,0.02464788732394366
2021Q1,12,4,284,0.014084507042253521
2021Q1,13,4,284,0.014084507042253521
2021Q1,14,3,284,0.01056338028169014
2021Q1,15,3,284,0.01056338028169014
2021Q1,17,5,284,0.017605633802816902
2021Q1,18,3,284,0.01056338028169014
2021Q1,19,8,284,0.028169014084507043
2021Q1,21,4,284,0.014084507042253521
2021Q1,22,25,284,0.0880281690140845
2021Q1,23,2,284,0.007042253521126761
2021Q1,24,11,284,0.03873239436619718
2021Q1,25,1,284,0.0035211267605633804
2021Q1,26,4,284,0.014084507042253521
2021Q1,27,3,284,0.01056338028169014
2021Q1,28,1,284,0.0035211267605633804
2021Q1,29,1,284,0.0035211267605633804
2021Q1,30,7,284,0.02464788732394366
2021Q1,31,4,284,0.014084507042253521
2021Q1,32,1,284,0.0035211267605633804
2021Q1,33,3,284,0.01056338028169014
2021Q1,34,4,284,0.014084507042253521
2021Q1,35,1,284,0.0035211267605633804
2021Q1,37,9,284,0.03169014084507042
2021Q1,40,2,284,0.007042253521126761
2021Q1,44,4,284,0.014084507042253521
2021Q1,45,2,284,0.007042253521126761
2021Q1,46,3,284,0.01056338028169014
2021Q1,48,4,284,0.014084507042253521
2021Q1,49,2,284,0.007042253521126761
2021Q1,51,1,284,0.0035211267605633804
2021Q2,0,19,289,0.0657439446366782
2021Q2,1,16,289,0.05536332179930796
2021Q2,2,4,289,0.01384083044982699
2021Q2,3,7,289,0.02422145328719723
2021Q2,4,19,289,0.0657439446366782
2021Q2,5,54,289,0.18685121107266436
2021Q2,6,14,289,0.04844290657439446
2021Q2,7,1,289,0.0034602076124567475
2021Q2,8,9,289,0.031141868512110725
2021Q2,9,3,289,0.010380622837370242
2021Q2,10,5,289,0.01730103806228374
2021Q2,11,6,289,0.020761245674740483
2021Q2,12,17,289,0.058823529411764705
2021Q2,13,3,289,0.010380622837370242
2021Q2,14,2,289,0.006920415224913495
2021Q2,15,3,289,0.010380622837370242
2021Q2,16,2,289,0.006920415224913495
2021Q2,17,14,289,0.04844290657439446
2021Q2,18,7,289,0.02422145328719723
2021Q2,19,4,289,0.01384083044982699
2021Q2,20,5,289,0.01730103806228374
2021Q2,21,6,289,0.020761245674740483
2021Q2,22,7,289,0.02422145328719723
2021Q2,23,1,289,0.0034602076124567475
2021Q2,24,2,289,0.006920415224913495
2021Q2,25,3,289,0.010380622837370242
2021Q2,26,1,289,0.0034602076124567475
2021Q2,27,2,289,0.006920415224913495
2021Q2,28,6,289,0.020761245674740483
2021Q2,30,3,289,0.010380622837370242
2021Q2,31,2,289,0.006920415224913495
2021Q2,33,5,289,0.01730103806228374
2021Q2,34,3,289,0.010380622837370242
2021Q2,35,5,289,0.01730103806228374
2021Q2,36,3,289,0.010380622837370242
2021Q2,37,2,289,0.006920415224913495
2021Q2,38,3,289,0.010380622837370242
2021Q2,39,1,289,0.0034602076124567475
2021Q2,40,5,289,0.01730103806228374
2021Q2,41,4,289,0.01384083044982699
2021Q2,45,5,289,0.01730103806228374
2021Q2,46,2,289,0.006920415224913495
2021Q2,48,1,289,0.0034602076124567475
2021Q2,50,1,289,0.0034602076124567475
2021Q2,51,2,289,0.006920415224913495
2021Q3,0,21,334,0.06287425149700598
2021Q3,1,16,334,0.04790419161676647
2021Q3,2,11,334,0.03293413173652695
2021Q3,3,3,334,0.008982035928143712
2021Q3,4,10,334,0.029940119760479042
2021Q3,5,72,334,0.2155688622754491
2021Q3,6,7,334,0.020958083832335328
2021Q3,7,5,334,0.014970059880239521
2021Q3,8,18,334,0.05389221556886228
2021Q3,9,1,334,0.0029940119760479044
2021Q3,10,7,334,0.020958083832335328
2021Q3,11,13,334,0.038922155688622756
2021Q3,12,1,334,0.0029940119760479044
2021Q3,13,2,334,0.005988023952095809
2021Q3,14,5,334,0.014970059880239521
2021Q3,15,4,334,0.011976047904191617
2021Q3,16,15,334,0.04491017964071856
2021Q3,18,9,334,0.02694610778443114
2021Q3,19,5,334,0.014970059880239521
2021Q3,20,2,334,0.005988023952095809
2021Q3,21,1,334,0.0029940119760479044
2021Q3,22,13,334,0.038922155688622756
2021Q3,23,6,334,0.017964071856287425
2021Q3,24,4,334,0.011976047904191617
2021Q3,25,1,334,0.0029940119760479044
2021Q3,26,2,334,0.005988023952095809
2021Q3,27,4,334,0.011976047904191617
2021Q3,28,9,334,0.02694610778443114
2021Q3,29,3,334,0.008982035928143712
2021Q3,30,3,334,0.008982035928143712
2021Q3,31,3,334,0.008982035928143712
2021Q3,32,5,334,0.014970059880239521
2021Q3,33,3,334,0.008982035928143712
2021Q3,34,3,334,0.008982035928143712
2021Q3,35,7,334,0.020958083832335328
2021Q3,37,6,334,0.017964071856287425
2021Q3,38,1,334,0.0029940119760479044
2021Q3,40,2,334,0.005988023952095809
2021Q3,41,2,334,0.005988023952095809
2021Q3,42,1,334,0.0029940119760479044
2021Q3,46,7,334,0.020958083832335328
2021Q3,47,2,334,0.005988023952095809
2021Q3,48,6,334,0.017964071856287425
2021Q3,49,7,334,0.020958083832335328
2021Q3,50,3,334,0.008982035928143712
2021Q3,51,3,334,0.008982035928143712
2021Q4,0,19,345,0.05507246376811594
2021Q4,1,14,345,0.04057971014492753
2021Q4,2,17,345,0.04927536231884058
2021Q4,3,2,345,0.005797101449275362
2021Q4,4,10,345,0.028985507246376812
2021Q4,5,97,345,0.2811594202898551
2021Q4,6,20,345,0.057971014492753624
2021Q4,7,3,345,0.008695652173913044
2021Q4,8,8,345,0.02318840579710145
2021Q4,9,5,345,0.014492753623188406
2021Q4,10,10,345,0.028985507246376812
2021Q4,11,16,345,0.0463768115942029
2021Q4,12,13,345,0.03768115942028986
2021Q4,13,3,345,0.008695652173913044
2021Q4,14,1,345,0.002898550724637681
2021Q4,16,2,345,0.005797101449275362
2021Q4,17,14,345,0.04057971014492753
2021Q4,18,8,345,0.02318840579710145
2021Q4,20,3,345,0.008695652173913044
2021Q4,21,3,345,0.008695652173913044
2021Q4,22,5,345,0.014492753623188406
2021Q4,24,4,345,0.011594202898550725
2021Q4,25,4,345,0.011594202898550725
2021Q4,26,4,345,0.011594202898550725
2021Q4,27,7,345,0.020289855072463767
2021Q4,29,2,345,0.005797101449275362
2021Q4,30,9,345,0.02608695652173913
2021Q4,31,2,345,0.005797101449275362
2021Q4,33,10,345,0.028985507246376812
2021Q4,35,2,345,0.005797101449275362
2021Q4,36,1,345,0.002898550724637681
2021Q4,37,1,345,0.002898550724637681
2021Q4,38,4,345,0.011594202898550725
2021Q4,39,1,345,0.002898550724637681
2021Q4,41,1,345,0.002898550724637681
2021Q4,42,2,345,0.005797101449275362
2021Q4,43,1,345,0.002898550724637681
2021Q4,46,2,345,0.005797101449275362
2021Q4,47,1,345,0.002898550724637681
2021Q4,48,1,345,0.002898550724637681
2021Q4,49,9,345,0.02608695652173913
2021Q4,51,2,345,0.005797101449275362
2021Q4,52,2,345,0.005797101449275362
2022Q1,0,18,311,0.05787781350482315
2022Q1,1,18,311,0.05787781350482315
2022Q1,2,21,311,0.06752411575562701
2022Q1,3,5,311,0.01607717041800643
2022Q1,4,18,311,0.05787781350482315
2022Q1,5,42,311,0.13504823151125403
2022Q1,6,8,311,0.02572347266881029
2022Q1,7,5,311,0.01607717041800643
2022Q1,8,7,311,0.022508038585209004
2022Q1,9,1,311,0.003215434083601286
2022Q1,10,7,311,0.022508038585209004
2022Q1,11,9,311,0.028938906752411574
2022Q1,12,6,311,0.01929260450160772
2022Q1,13,2,311,0.006430868167202572
2022Q1,14,8,311,0.02572347266881029
2022Q1,15,2,311,0.006430868167202572
2022Q1,16,9,311,0.028938906752411574
2022Q1,17,1,311,0.003215434083601286
2022Q1,19,6,311,0.01929260450160772
2022Q1,20,2,311,0.006430868167202572
2022Q1,21,8,311,0.02572347266881029
2022Q1,22,7,311,0.022508038585209004
2022Q1,23,11,311,0.03536977491961415
2022Q1,24,3,311,0.00964630225080386
2022Q1,25,2,311,0.006430868167202572
2022Q1,26,12,311,0.03858520900321544
2022Q1,27,6,311,0.01929260450160772
2022Q1,28,6,311,0.01929260450160772
2022Q1,29,1,311,0.003215434083601286
2022Q1,30,9,311,0.028938906752411574
2022Q1,31,3,311,0.00964630225080386
2022Q1,33,6,311,0.01929260450160772
2022Q1,34,1,311,0.003215434083601286
2022Q1,35,6,311,0.01929260450160772
2022Q1,36,4,311,0.012861736334405145
2022Q1,37,4,311,0.012861736334405145
2022Q1,40,1,311,0.003215434083601286
2022Q1,41,6,311,0.01929260450160772
2022Q1,43,5,311,0.01607717041800643
2022Q1,45,6,311,0.01929260450160772
2022Q1,47,1,311,0.003215434083601286
2022Q1,48,1,311,0.003215434083601286
2022Q1,49,3,311,0.00964630225080386
2022Q1,50,1,311,0.003215434083601286
2022Q1,51,1,311,0.003215434083601286
2022Q1,52,2,311,0.006430868167202572
2022Q2,0,21,373,0.05630026809651475
2022Q2,1,11,373,0.029490616621983913
2022Q2,2,12,373,0.032171581769437
2022Q2,3,10,373,0.02680965147453083
2022Q2,4,11,373,0.029490616621983913
2022Q2,5,39,373,0.10455764075067024
2022Q2,6,11,373,0.029490616621983913
2022Q2,7,15,373,0.040214477211796246
2022Q2,8,4,373,0.010723860589812333
2022Q2,9,3,373,0.00804289544235925
2022Q2,10,25,373,0.06702412868632708
2022Q2,11,18,373,0.04825737265415549
2022Q2,12,3,373,0.00804289544235925
2022Q2,13,2,373,0.005361930294906166
2022Q2,14,9,373,0.024128686327077747
2022Q2,15,4,373,0.010723860589812333
2022Q2,16,7,373,0.01876675603217158
2022Q2,17,11,373,0.029490616621983913
2022Q2,18,6,373,0.0160857908847185
2022Q2,19,12,373,0.032171581769437
2022Q2,20,2,373,0.005361930294906166
2022Q2,21,6,373,0.0160857908847185
2022Q2,22,4,373,0.010723860589812333
2022Q2,23,7,373,0.01876675603217158
2022Q2,24,6,373,0.0160857908847185
2022Q2,25,3,373,0.00804289544235925
2022Q2,26,12,373,0.032171581769437
2022Q2,27,6,373,0.0160857908847185
2022Q2,29,2,373,0.005361930294906166
2022Q2,30,13,373,0.03485254691689008
2022Q2,31,2,373,0.005361930294906166
2022Q2,32,2,373,0.005361930294906166
2022Q2,33,8,373,0.021447721179624665
2022Q2,34,2,373,0.005361930294906166
2022Q2,35,15,373,0.040214477211796246
2022Q2,36,4,373,0.010723860589812333
2022Q2,38,3,373,0.00804289544235925
2022Q2,39,1,373,0.002680965147453083
2022Q2,40,1,373,0.002680965147453083
2022Q2,41,3,373,0.00804289544235925
2022Q2,42,4,373,0.010723860589812333
2022Q2,43,1,373,0.002680965147453083
2022Q2,44,1,373,0.002680965147453083
2022Q2,45,1,373,0.002680965147453083
2022Q2,46,2,373,0.005361930294906166
2022Q2,47,4,373,0.010723860589812333
2022Q2,48,2,373,0.005361930294906166
2022Q2,49,8,373,0.021447721179624665
2022Q2,50,4,373,0.010723860589812333
2022Q2,51,8,373,0.021447721179624665
2022Q2,52,2,373,0.005361930294906166
2022Q3,0,24,391,0.061381074168797956
2022Q3,1,29,391,0.0741687979539642
2022Q3,2,26,391,0.06649616368286446
2022Q3,3,9,391,0.023017902813299233
2022Q3,4,16,391,0.04092071611253197
2022Q3,5,20,391,0.05115089514066496
2022Q3,6,14,391,0.03580562659846547
2022Q3,7,14,391,0.03580562659846547
2022Q3,8,11,391,0.028132992327365727
2022Q3,9,5,391,0.01278772378516624
2022Q3,10,19,391,0.04859335038363171
2022Q3,11,11,391,0.028132992327365727
2022Q3,12,11,391,0.028132992327365727
2022Q3,13,9,391,0.023017902813299233
2022Q3,14,8,391,0.020460358056265986
2022Q3,15,7,391,0.017902813299232736
2022Q3,16,5,391,0.01278772378516624
2022Q3,17,4,391,0.010230179028132993
2022Q3,18,6,391,0.015345268542199489
2022Q3,19,7,391,0.017902813299232736
2022Q3,20,7,391,0.017902813299232736
2022Q3,21,14,391,0.03580562659846547
2022Q3,22,3,391,0.0076726342710997444
2022Q3,23,7,391,0.017902813299232736
2022Q3,24,5,391,0.01278772378516624
2022Q3,25,3,391,0.0076726342710997444
2022Q3,26,9,391,0.023017902813299233
2022Q3,27,6,391,0.015345268542199489
2022Q3,28,4,391,0.010230179028132993
2022Q3,29,5,391,0.01278772378516624
2022Q3,30,5,391,0.01278772378516624
2022Q3,31,2,391,0.005115089514066497
2022Q3,32,4,391,0.010230179028132993
2022Q3,33,15,391,0.03836317135549872
2022Q3,35,4,391,0.010230179028132993
2022Q3,36,4,391,0.010230179028132993
2022Q3,37,3,391,0.0076726342710997444
2022Q3,38,4,391,0.010230179028132993
2022Q3,39,2,391,0.005115089514066497
2022Q3,40,2,391,0.005115089514066497
2022Q3,41,3,391,0.0076726342710997444
2022Q3,43,1,391,0.0025575447570332483
2022Q3,44,1,391,0.0025575447570332483
2022Q3,45,2,391,0.005115089514066497
2022Q3,46,1,391,0.0025575447570332483
2022Q3,47,1,391,0.0025575447570332483
2022Q3,48,1,391,0.0025575447570332483
2022Q3,49,4,391,0.010230179028132993
2022Q3,50,7,391,0.017902813299232736
2022Q3,52,7,391,0.017902813299232736
2022Q4,0,36,421,0.0855106888361045
2022Q4,1,30,421,0.07125890736342043
2022Q4,2,25,421,0.05938242280285035
2022Q4,3,8,421,0.019002375296912115
2022Q4,4,16,421,0.03800475059382423
2022Q4,5,13,421,0.030878859857482184
2022Q4,6,19,421,0.04513064133016627
2022Q4,7,12,421,0.028503562945368172
2022Q4,8,10,421,0.023752969121140142
2022Q4,9,5,421,0.011876484560570071
2022Q4,10,18,421,0.04275534441805225
2022Q4,11,17,421,0.040380047505938245
2022Q4,12,9,421,0.021377672209026127
2022Q4,13,4,421,0.009501187648456057
2022Q4,14,5,421,0.011876484560570071
2022Q4,15,2,421,0.004750593824228029
2022Q4,16,5,421,0.011876484560570071
2022Q4,17,8,421,0.019002375296912115
2022Q4,18,6,421,0.014251781472684086
2022Q4,19,9,421,0.021377672209026127
2022Q4,20,5,421,0.011876484560570071
2022Q4,21,14,421,0.0332541567695962
2022Q4,22,7,421,0.0166270783847981
2022Q4,23,2,421,0.004750593824228029
2022Q4,24,6,421,0.014251781472684086
2022Q4,26,11,421,0.026128266033254157
2022Q4,27,5,421,0.011876484560570071
2022Q4,28,2,421,0.004750593824228029
2022Q4,29,4,421,0.009501187648456057
2022Q4,30,7,421,0.0166270783847981
2022Q4,31,3,421,0.007125890736342043
2022Q4,32,10,421,0.023752969121140142
2022Q4,33,4,421,0.009501187648456057
2022Q4,34,5,421,0.011876484560570071
2022Q4,35,6,421,0.014251781472684086
2022Q4,36,5,421,0.011876484560570071
2022Q4,37,3,421,0.007125890736342043
2022Q4,38,5,421,0.011876484560570071
2022Q4,39,1,421,0.0023752969121140144
2022Q4,40,7,421,0.0166270783847981
2022Q4,41,8,421,0.019002375296912115
2022Q4,42,2,421,0.004750593824228029
2022Q4,43,11,421,0.026128266033254157
2022Q4,44,4,421,0.009501187648456057
2022Q4,45,6,421,0.014251781472684086
2022Q4,46,3,421,0.007125890736342043
2022Q4,47,4,421,0.009501187648456057
2022Q4,48,8,421,0.019002375296912115
2022Q4,49,3,421,0.007125890736342043
2022Q4,51,1,421,0.0023752969121140144
2022Q4,52,2,421,0.004750593824228029
2023Q1,0,18,411,0.043795620437956206
2023Q1,1,34,411,0.0827250608272506
2023Q1,2,17,411,0.0413625304136253
2023Q1,3,9,411,0.021897810218978103
2023Q1,4,16,411,0.038929440389294405
2023Q1,5,18,411,0.043795620437956206
2023Q1,6,25,411,0.06082725060827251
2023Q1,7,11,411,0.0267639902676399
2023Q1,8,3,411,0.0072992700729927005
2023Q1,9,12,411,0.029197080291970802
2023Q1,10,13,411,0.031630170316301706
2023Q1,11,6,411,0.014598540145985401
2023Q1,12,13,411,0.031630170316301706
2023Q1,13,8,411,0.019464720194647202
2023Q1,14,3,411,0.0072992700729927005
2023Q1,15,13,411,0.031630170316301706
2023Q1,16,5,411,0.012165450121654502
2023Q1,17,7,411,0.0170316301703163
2023Q1,18,1,411,0.0024330900243309003
2023Q1,19,13,411,0.031630170316301706
2023Q1,20,6,411,0.014598540145985401
2023Q1,21,9,411,0.021897810218978103
2023Q1,22,6,411,0.014598540145985401
2023Q1,23,11,411,0.0267639902676399
2023Q1,24,5,411,0.012165450121654502
2023Q1,25,9,411,0.021897810218978103
2023Q1,26,6,411,0.014598540145985401
2023Q1,27,9,411,0.021897810218978103
2023Q1,28,3,411,0.0072992700729927005
2023Q1,29,13,411,0.031630170316301706
2023Q1,30,10,411,0.024330900243309004
2023Q1,31,5,411,0.012165450121654502
2023Q1,32,2,411,0.004866180048661801
2023Q1,33,9,411,0.021897810218978103
2023Q1,34,7,411,0.0170316301703163
2023Q1,35,13,411,0.031630170316301706
2023Q1,36,6,411,0.014598540145985401
2023Q1,37,1,411,0.0024330900243309003
2023Q1,38,1,411,0.0024330900243309003
2023Q1,39,1,411,0.0024330900243309003
2023Q1,40,6,411,0.014598540145985401
2023Q1,41,7,411,0.0170316301703163
2023Q1,42,2,411,0.004866180048661801
2023Q1,44,1,411,0.0024330900243309003
2023Q1,45,1,411,0.0024330900243309003
2023Q1,46,3,411,0.0072992700729927005
2023Q1,47,4,411,0.009732360097323601
2023Q1,49,2,411,0.004866180048661801
2023Q1,50,5,411,0.012165450121654502
2023Q1,51,3,411,0.0072992700729927005
2023Q2,0,37,409,0.09046454767726161
2023Q2,1,23,409,0.05623471882640587
2023Q2,2,33,409,0.08068459657701711
2023Q2,3,10,409,0.02444987775061125
2023Q2,4,11,409,0.02689486552567237
2023Q2,5,10,409,0.02444987775061125
2023Q2,6,26,409,0.06356968215158924
2023Q2,7,5,409,0.012224938875305624
2023Q2,8,12,409,0.029339853300733496
2023Q2,9,10,409,0.02444987775061125
2023Q2,10,11,409,0.02689486552567237
2023Q2,11,14,409,0.034229828850855744
2023Q2,12,11,409,0.02689486552567237
2023Q2,13,10,409,0.02444987775061125
2023Q2,14,6,409,0.014669926650366748
2023Q2,15,3,409,0.007334963325183374
2023Q2,16,6,409,0.014669926650366748
2023Q2,17,4,409,0.009779951100244499
2023Q2,18,1,409,0.0024449877750611247
2023Q2,19,13,409,0.03178484107579462
2023Q2,20,1,409,0.0024449877750611247
2023Q2,21,10,409,0.02444987775061125
2023Q2,22,6,409,0.014669926650366748
2023Q2,23,6,409,0.014669926650366748
2023Q2,24,14,409,0.034229828850855744
2023Q2,25,8,409,0.019559902200488997
2023Q2,26,12,409,0.029339853300733496
2023Q2,27,3,409,0.007334963325183374
2023Q2,28,3,409,0.007334963325183374
2023Q2,29,3,409,0.007334963325183374
2023Q2,30,3,409,0.007334963325183374
2023Q2,31,3,409,0.007334963325183374
2023Q2,32,5,409,0.012224938875305624
2023Q2,33,5,409,0.012224938875305624
2023Q2,34,3,409,0.007334963325183374
2023Q2,35,6,409,0.014669926650366748
2023Q2,36,9,409,0.022004889975550123
2023Q2,37,1,409,0.0024449877750611247
2023Q2,38,1,409,0.0024449877750611247
2023Q2,39,1,409,0.0024449877750611247
2023Q2,40,14,409,0.034229828850855744
2023Q2,41,2,409,0.004889975550122249
2023Q2,42,5,409,0.012224938875305624
2023Q2,43,4,409,0.009779951100244499
2023Q2,44,2,409,0.004889975550122249
2023Q2,45,2,409,0.004889975550122249
2023Q2,46,2,409,0.004889975550122249
2023Q2,47,4,409,0.009779951100244499
2023Q2,48,4,409,0.009779951100244499
2023Q2,49,1,409,0.0024449877750611247
2023Q2,50,4,409,0.009779951100244499
2023Q2,51,3,409,0.007334963325183374
2023Q2,52,3,409,0.007334963325183374
2023Q3,0,22,396,0.05555555555555555
2023Q3,1,14,396,0.03535353535353535
2023Q3,2,14,396,0.03535353535353535
2023Q3,3,15,396,0.03787878787878788
2023Q3,4,16,396,0.04040404040404041
2023Q3,5,4,396,0.010101010101010102
2023Q3,6,14,396,0.03535353535353535
2023Q3,7,15,396,0.03787878787878788
2023Q3,8,8,396,0.020202020202020204
2023Q3,9,14,396,0.03535353535353535
2023Q3,10,13,396,0.03282828282828283
2023Q3,11,24,396,0.06060606060606061
2023Q3,12,13,396,0.03282828282828283
2023Q3,13,11,396,0.027777777777777776
2023Q3,14,6,396,0.015151515151515152
2023Q3,15,12,396,0.030303030303030304
2023Q3,16,5,396,0.012626262626262626
2023Q3,17,5,396,0.012626262626262626
2023Q3,18,3,396,0.007575757575757576
2023Q3,19,10,396,0.025252525252525252
2023Q3,20,2,396,0.005050505050505051
2023Q3,21,17,396,0.04292929292929293
2023Q3,22,7,396,0.017676767676767676
2023Q3,23,1,396,0.0025252525252525255
2023Q3,24,8,396,0.020202020202020204
2023Q3,25,5,396,0.012626262626262626
2023Q3,26,5,396,0.012626262626262626
2023Q3,27,4,396,0.010101010101010102
2023Q3,28,15,396,0.03787878787878788
2023Q3,29,14,396,0.03535353535353535
2023Q3,30,5,396,0.012626262626262626
2023Q3,31,6,396,0.015151515151515152
2023Q3,32,9,396,0.022727272727272728
2023Q3,33,4,396,0.010101010101010102
2023Q3,34,5,396,0.012626262626262626
2023Q3,35,5,396,0.012626262626262626
2023Q3,36,8,396,0.020202020202020204
2023Q3,37,2,396,0.005050505050505051
2023Q3,39,1,396,0.0025252525252525255
2023Q3,40,4,396,0.010101010101010102
2023Q3,41,5,396,0.012626262626262626
2023Q3,42,1,396,0.0025252525252525255
2023Q3,43,1,396,0.0025252525252525255
2023Q3,44,7,396,0.017676767676767676
2023Q3,45,2,396,0.005050505050505051
2023Q3,46,2,396,0.005050505050505051
2023Q3,48,4,396,0.010101010101010102
2023Q3,49,2,396,0.005050505050505051
2023Q3,50,4,396,0.010101010101010102
2023Q3,51,2,396,0.005050505050505051
2023Q3,52,1,396,0.0025252525252525255
2023Q4,0,6,364,0.016483516483516484
2023Q4,1,17,364,0.046703296703296704
2023Q4,2,12,364,0.03296703296703297
2023Q4,3,7,364,0.019230769230769232
2023Q4,4,11,364,0.03021978021978022
2023Q4,6,15,364,0.04120879120879121
2023Q4,7,13,364,0.03571428571428571
2023Q4,8,16,364,0.04395604395604396
2023Q4,9,18,364,0.04945054945054945
2023Q4,10,10,364,0.027472527472527472
2023Q4,11,18,364,0.04945054945054945
2023Q4,12,10,364,0.027472527472527472
2023Q4,13,13,364,0.03571428571428571
2023Q4,14,12,364,0.03296703296703297
2023Q4,15,3,364,0.008241758241758242
2023Q4,16,3,364,0.008241758241758242
2023Q4,17,2,364,0.005494505494505495
2023Q4,18,5,364,0.013736263736263736
2023Q4,19,10,364,0.027472527472527472
2023Q4,20,9,364,0.024725274725274724
2023Q4,21,11,364,0.03021978021978022
2023Q4,22,6,364,0.016483516483516484
2023Q4,23,16,364,0.04395604395604396
2023Q4,24,4,364,0.01098901098901099
2023Q4,25,2,364,0.005494505494505495
2023Q4,26,5,364,0.013736263736263736
2023Q4,27,1,364,0.0027472527472527475
2023Q4,28,6,364,0.016483516483516484
2023Q4,29,3,364,0.008241758241758242
2023Q4,30,1,364,0.0027472527472527475
2023Q4,31,8,364,0.02197802197802198
2023Q4,32,2,364,0.005494505494505495
2023Q4,33,5,364,0.013736263736263736
2023Q4,34,3,364,0.008241758241758242
2023Q4,35,11,364,0.03021978021978022
2023Q4,36,21,364,0.057692307692307696
2023Q4,37,2,364,0.005494505494505495
2023Q4,38,4,364,0.01098901098901099
2023Q4,39,5,364,0.013736263736263736
2023Q4,40,2,364,0.005494505494505495
2023Q4,41,8,364,0.02197802197802198
2023Q4,42,3,364,0.008241758241758242
2023Q4,44,6,364,0.016483516483516484
2023Q4,46,4,364,0.01098901098901099
2023Q4,47,1,364,0.0027472527472527475
2023Q4,48,5,364,0.013736263736263736
2023Q4,49,2,364,0.005494505494505495
2023Q4,50,2,364,0.005494505494505495
2023Q4,51,3,364,0.008241758241758242
2023Q4,52,2,364,0.005494505494505495
2024Q1,0,24,392,0.061224489795918366
2024Q1,1,26,392,0.0663265306122449
2024Q1,2,16,392,0.04081632653061224
2024Q1,3,14,392,0.03571428571428571
2024Q1,4,20,392,0.05102040816326531
2024Q1,6,16,392,0.04081632653061224
2024Q1,7,9,392,0.02295918367346939
2024Q1,8,5,392,0.012755102040816327
2024Q1,9,20,392,0.05102040816326531
2024Q1,10,17,392,0.04336734693877551
2024Q1,11,12,392,0.030612244897959183
2024Q1,12,10,392,0.025510204081632654
2024Q1,13,7,392,0.017857142857142856
2024Q1,14,4,392,0.01020408163265306
2024Q1,15,4,392,0.01020408163265306
2024Q1,16,7,392,0.017857142857142856
2024Q1,17,5,392,0.012755102040816327
2024Q1,18,3,392,0.007653061224489796
2024Q1,19,1,392,0.002551020408163265
2024Q1,20,8,392,0.02040816326530612
2024Q1,21,5,392,0.012755102040816327
2024Q1,22,7,392,0.017857142857142856
2024Q1,23,1,392,0.002551020408163265
2024Q1,24,6,392,0.015306122448979591
2024Q1,25,1,392,0.002551020408163265
2024Q1,26,6,392,0.015306122448979591
2024Q1,27,2,392,0.00510204081632653
2024Q1,29,7,392,0.017857142857142856
2024Q1,30,9,392,0.02295918367346939
2024Q1,31,1,392,0.002551020408163265
2024Q1,32,4,392,0.01020408163265306
2024Q1,33,9,392,0.02295918367346939
2024Q1,34,6,392,0.015306122448979591
2024Q1,35,7,392,0.017857142857142856
2024Q1,36,13,392,0.03316326530612245
2024Q1,38,2,392,0.00510204081632653
2024Q1,39,2,392,0.00510204081632653
2024Q1,40,9,392,0.02295918367346939
2024Q1,41,4,392,0.01020408163265306
2024Q1,42,2,392,0.00510204081632653
2024Q1,43,8,392,0.02040816326530612
2024Q1,44,11,392,0.02806122448979592
2024Q1,45,10,392,0.025510204081632654
2024Q1,46,4,392,0.01020408163265306
2024Q1,47,2,392,0.00510204081632653
2024Q1,48,1,392,0.002551020408163265
2024Q1,49,15,392,0.03826530612244898
2024Q1,50,5,392,0.012755102040816327
2024Q1,51,5,392,0.012755102040816327
2024Q2,0,5,323,0.015479876160990712
2024Q2,1,42,323,0.13003095975232198
2024Q2,2,35,323,0.10835913312693499
2024Q2,3,6,323,0.018575851393188854
2024Q2,4,10,323,0.030959752321981424
2024Q2,5,2,323,0.006191950464396285
2024Q2,6,23,323,0.07120743034055728
2024Q2,7,5,323,0.015479876160990712
2024Q2,8,8,323,0.02476780185758514
2024Q2,9,13,323,0.04024767801857585
2024Q2,10,9,323,0.02786377708978328
2024Q2,11,10,323,0.030959752321981424
2024Q2,12,7,323,0.021671826625386997
2024Q2,13,10,323,0.030959752321981424
2024Q2,16,4,323,0.01238390092879257
2024Q2,18,2,323,0.006191950464396285
2024Q2,19,2,323,0.006191950464396285
2024Q2,20,2,323,0.006191950464396285
2024Q2,21,10,323,0.030959752321981424
2024Q2,22,1,323,0.0030959752321981426
2024Q2,23,5,323,0.015479876160990712
2024Q2,24,4,323,0.01238390092879257
2024Q2,25,6,323,0.018575851393188854
2024Q2,26,4,323,0.01238390092879257
2024Q2,27,1,323,0.0030959752321981426
2024Q2,28,1,323,0.0030959752321981426
2024Q2,29,4,323,0.01238390092879257
2024Q2,30,5,323,0.015479876160990712
2024Q2,31,4,323,0.01238390092879257
2024Q2,33,6,323,0.018575851393188854
2024Q2,34,2,323,0.006191950464396285
2024Q2,35,8,323,0.02476780185758514
2024Q2,36,10,323,0.030959752321981424
2024Q2,37,8,323,0.02476780185758514
2024Q2,38,2,323,0.006191950464396285
2024Q2,40,7,323,0.021671826625386997
2024Q2,41,5,323,0.015479876160990712
2024Q2,42,7,323,0.021671826625386997
2024Q2,43,1,323,0.0030959752321981426
2024Q2,44,6,323,0.018575851393188854
2024Q2,46,4,323,0.01238390092879257
2024Q2,47,2,323,0.006191950464396285
2024Q2,49,1,323,0.0030959752321981426
2024Q2,50,3,323,0.009287925696594427
2024Q2,51,9,323,0.02786377708978328
2024Q2,52,2,323,0.006191950464396285
2024Q3,0,5,331,0.015105740181268883
2024Q3,1,28,331,0.08459214501510574
2024Q3,2,16,331,0.04833836858006042
2024Q3,3,6,331,0.01812688821752266
2024Q3,4,28,331,0.08459214501510574
2024Q3,5,6,331,0.01812688821752266
2024Q3,6,25,331,0.0755287009063444
2024Q3,7,5,331,0.015105740181268883
2024Q3,8,11,331,0.03323262839879154
2024Q3,9,6,331,0.01812688821752266
2024Q3,10,15,331,0.045317220543806644
2024Q3,11,17,331,0.0513595166163142
2024Q3,12,5,331,0.015105740181268883
2024Q3,13,10,331,0.030211480362537766
2024Q3,15,5,331,0.015105740181268883
2024Q3,16,3,331,0.00906344410876133
2024Q3,17,3,331,0.00906344410876133
2024Q3,18,5,331,0.015105740181268883
2024Q3,19,1,331,0.0030211480362537764
2024Q3,20,5,331,0.015105740181268883
2024Q3,21,11,331,0.03323262839879154
2024Q3,22,3,331,0.00906344410876133
2024Q3,23,8,331,0.02416918429003021
2024Q3,24,2,331,0.006042296072507553
2024Q3,25,5,331,0.015105740181268883
2024Q3,26,6,331,0.01812688821752266
2024Q3,27,3,331,0.00906344410876133
2024Q3,29,4,331,0.012084592145015106
2024Q3,30,5,331,0.015105740181268883
2024Q3,31,6,331,0.01812688821752266
2024Q3,32,1,331,0.0030211480362537764
2024Q3,33,9,331,0.027190332326283987
2024Q3,34,4,331,0.012084592145015106
2024Q3,35,1,331,0.0030211480362537764
2024Q3,36,12,331,0.03625377643504532
2024Q3,37,3,331,0.00906344410876133
2024Q3,38,3,331,0.00906344410876133
2024Q3,40,4,331,0.012084592145015106
2024Q3,41,5,331,0.015105740181268883
2024Q3,42,3,331,0.00906344410876133
2024Q3,43,5,331,0.015105740181268883
2024Q3,44,1,331,0.0030211480362537764
2024Q3,45,2,331,0.006042296072507553
2024Q3,46,3,331,0.00906344410876133
2024Q3,47,1,331,0.0030211480362537764
2024Q3,48,1,331,0.0030211480362537764
2024Q3,49,3,331,0.00906344410876133
2024Q3,50,7,331,0.021148036253776436
2024Q3,51,5,331,0.015105740181268883
2024Q4,0,21,268,0.07835820895522388
2024Q4,1,14,268,0.05223880597014925
2024Q4,2,10,268,0.03731343283582089
2024Q4,3,15,268,0.055970149253731345
2024Q4,4,17,268,0.06343283582089553
2024Q4,5,2,268,0.007462686567164179
2024Q4,6,12,268,0.04477611940298507
2024Q4,7,4,268,0.014925373134328358
2024Q4,8,12,268,0.04477611940298507
2024Q4,9,9,268,0.033582089552238806
2024Q4,10,14,268,0.05223880597014925
2024Q4,11,12,268,0.04477611940298507
2024Q4,12,8,268,0.029850746268656716
2024Q4,13,1,268,0.0037313432835820895
2024Q4,14,1,268,0.0037313432835820895
2024Q4,15,3,268,0.011194029850746268
2024Q4,16,4,268,0.014925373134328358
2024Q4,17,7,268,0.026119402985074626
2024Q4,18,3,268,0.011194029850746268
2024Q4,20,5,268,0.018656716417910446
2024Q4,21,7,268,0.026119402985074626
2024Q4,22,1,268,0.0037313432835820895
2024Q4,23,4,268,0.014925373134328358
2024Q4,24,8,268,0.029850746268656716
2024Q4,25,1,268,0.0037313432835820895
2024Q4,26,3,268,0.011194029850746268
2024Q4,27,6,268,0.022388059701492536
2024Q4,28,5,268,0.018656716417910446
2024Q4,29,1,268,0.0037313432835820895
2024Q4,30,5,268,0.018656716417910446
2024Q4,31,3,268,0.011194029850746268
2024Q4,32,1,268,0.0037313432835820895
2024Q4,33,1,268,0.0037313432835820895
2024Q4,34,7,268,0.026119402985074626
2024Q4,35,3,268,0.011194029850746268
2024Q4,36,8,268,0.029850746268656716
2024Q4,37,1,268,0.0037313432835820895
2024Q4,38,3,268,0.011194029850746268
2024Q4,39,3,268,0.011194029850746268
2024Q4,40,2,268,0.007462686567164179
2024Q4,41,1,268,0.0037313432835820895
2024Q4,42,1,268,0.0037313432835820895
2024Q4,45,1,268,0.0037313432835820895
2024Q4,46,1,268,0.0037313432835820895
2024Q4,48,2,268,0.007462686567164179
2024Q4,49,6,268,0.022388059701492536
2024Q4,50,3,268,0.011194029850746268
2024Q4,51,4,268,0.014925373134328358
2024Q4,52,2,268,0.007462686567164179
2025Q1,0,5,192,0.026041666666666668
2025Q1,1,15,192,0.078125
2025Q1,2,11,192,0.057291666666666664
2025Q1,3,9,192,0.046875
2025Q1,4,10,192,0.052083333333333336
2025Q1,5,3,192,0.015625
2025Q1,6,4,192,0.020833333333333332
2025Q1,7,4,192,0.020833333333333332
2025Q1,8,2,192,0.010416666666666666
2025Q1,9,7,192,0.036458333333333336
2025Q1,10,7,192,0.036458333333333336
2025Q1,11,13,192,0.06770833333333333
2025Q1,12,4,192,0.020833333333333332
2025Q1,13,4,192,0.020833333333333332
2025Q1,14,9,192,0.046875
2025Q1,15,1,192,0.005208333333333333
2025Q1,16,4,192,0.020833333333333332
2025Q1,17,3,192,0.015625
2025Q1,18,6,192,0.03125
2025Q1,19,6,192,0.03125
2025Q1,20,3,192,0.015625
2025Q1,21,7,192,0.036458333333333336
2025Q1,22,5,192,0.026041666666666668
2025Q1,23,2,192,0.010416666666666666
2025Q1,24,2,192,0.010416666666666666
2025Q1,25,3,192,0.015625
2025Q1,26,2,192,0.010416666666666666
2025Q1,27,3,192,0.015625
2025Q1,28,1,192,0.005208333333333333
2025Q1,30,3,192,0.015625
2025Q1,31,3,192,0.015625
2025Q1,32,1,192,0.005208333333333333
2025Q1,33,3,192,0.015625
2025Q1,34,2,192,0.010416666666666666
2025Q1,36,5,192,0.026041666666666668
2025Q1,37,2,192,0.010416666666666666
2025Q1,38,4,192,0.020833333333333332
2025Q1,40,1,192,0.005208333333333333
2025Q1,41,1,192,0.005208333333333333
2025Q1,43,1,192,0.005208333333333333
2025Q1,44,2,192,0.010416666666666666
2025Q1,46,1,192,0.005208333333333333
2025Q1,51,7,192,0.036458333333333336
2025Q1,52,1,192,0.005208333333333333
2025Q2,0,1,163,0.006134969325153374
2025Q2,1,13,163,0.07975460122699386
2025Q2,2,8,163,0.049079754601226995
2025Q2,4,13,163,0.07975460122699386
2025Q2,6,8,163,0.049079754601226995
2025Q2,7,5,163,0.03067484662576687
2025Q2,9,9,163,0.05521472392638037
2025Q2,10,2,163,0.012269938650306749
2025Q2,11,3,163,0.018404907975460124
2025Q2,12,3,163,0.018404907975460124
2025Q2,13,3,163,0.018404907975460124
2025Q2,14,4,163,0.024539877300613498
2025Q2,15,1,163,0.006134969325153374
2025Q2,16,4,163,0.024539877300613498
2025Q2,18,4,163,0.024539877300613498
2025Q2,19,1,163,0.006134969325153374
2025Q2,20,13,163,0.07975460122699386
2025Q2,21,2,163,0.012269938650306749
2025Q2,22,1,163,0.006134969325153374
2025Q2,23,7,163,0.04294478527607362
2025Q2,24,4,163,0.024539877300613498
2025Q2,25,3,163,0.018404907975460124
2025Q2,26,2,163,0.012269938650306749
2025Q2,27,2,163,0.012269938650306749
2025Q2,30,2,163,0.012269938650306749
2025Q2,31,2,163,0.012269938650306749
2025Q2,32,2,163,0.012269938650306749
2025Q2,33,1,163,0.006134969325153374
2025Q2,34,5,163,0.03067484662576687
2025Q2,35,7,163,0.04294478527607362
2025Q2,36,2,163,0.012269938650306749
2025Q2,37,2,163,0.012269938650306749
2025Q2,38,1,163,0.006134969325153374
2025Q2,39,1,163,0.006134969325153374
2025Q2,40,3,163,0.018404907975460124
2025Q2,41,2,163,0.012269938650306749
2025Q2,42,3,163,0.018404907975460124
2025Q2,44,2,163,0.012269938650306749
2025Q2,45,2,163,0.012269938650306749
2025Q2,49,5,163,0.03067484662576687
2025Q2,50,1,163,0.006134969325153374
2025Q2,52,4,163,0.024539877300613498
2025Q3,0,1,118,0.00847457627118644
2025Q3,1,6,118,0.05084745762711865
2025Q3,2,7,118,0.059322033898305086
2025Q3,3,3,118,0.025423728813559324
2025Q3,4,4,118,0.03389830508474576
2025Q3,6,4,118,0.03389830508474576
2025Q3,7,5,118,0.0423728813559322
2025Q3,8,3,118,0.025423728813559324
2025Q3,9,7,118,0.059322033898305086
2025Q3,10,6,118,0.05084745762711865
2025Q3,11,10,118,0.0847457627118644
2025Q3,12,3,118,0.025423728813559324
2025Q3,13,4,118,0.03389830508474576
2025Q3,15,5,118,0.0423728813559322
2025Q3,16,1,118,0.00847457627118644
2025Q3,18,2,118,0.01694915254237288
2025Q3,19,2,118,0.01694915254237288
2025Q3,20,3,118,0.025423728813559324
2025Q3,21,4,118,0.03389830508474576
2025Q3,22,2,118,0.01694915254237288
2025Q3,23,1,118,0.00847457627118644
2025Q3,24,1,118,0.00847457627118644
2025Q3,25,4,118,0.03389830508474576
2025Q3,29,6,118,0.05084745762711865
2025Q3,30,1,118,0.00847457627118644
2025Q3,31,1,118,0.00847457627118644
2025Q3,34,3,118,0.025423728813559324
2025Q3,35,1,118,0.00847457627118644
2025Q3,36,4,118,0.03389830508474576
2025Q3,38,1,118,0.00847457627118644
2025Q3,40,3,118,0.025423728813559324
2025Q3,43,1,118,0.00847457627118644
2025Q3,44,5,118,0.0423728813559322
2025Q3,48,1,118,0.00847457627118644
2025Q3,49,1,118,0.00847457627118644
2025Q3,50,1,118,0.00847457627118644
2025Q3,52,1,118,0.00847457627118644
2025Q4,0,6,142,0.04225352112676056
2025Q4,1,3,142,0.02112676056338028
2025Q4,2,1,142,0.007042253521126761
2025Q4,4,4,142,0.028169014084507043
2025Q4,5,2,142,0.014084507042253521
2025Q4,6,5,142,0.035211267605633804
2025Q4,8,1,142,0.007042253521126761
2025Q4,9,19,142,0.13380281690140844
2025Q4,10,7,142,0.04929577464788732
2025Q4,11,1,142,0.007042253521126761
2025Q4,12,12,142,0.08450704225352113
2025Q4,13,2,142,0.014084507042253521
2025Q4,14,2,142,0.014084507042253521
2025Q4,16,8,142,0.056338028169014086
2025Q4,18,7,142,0.04929577464788732
2025Q4,19,5,142,0.035211267605633804
2025Q4,20,11,142,0.07746478873239436
2025Q4,21,2,142,0.014084507042253521
2025Q4,22,2,142,0.014084507042253521
2025Q4,23,3,142,0.02112676056338028
2025Q4,24,4,142,0.028169014084507043
2025Q4,25,6,142,0.04225352112676056
2025Q4,26,1,142,0.007042253521126761
2025Q4,27,1,142,0.007042253521126761
2025Q4,33,6,142,0.04225352112676056
2025Q4,35,3,142,0.02112676056338028
2025Q4,37,1,142,0.007042253521126761
2025Q4,41,1,142,0.007042253521126761
2025Q4,42,1,142,0.007042253521126761
2025Q4,43,1,142,0.007042253521126761
2025Q4,44,3,142,0.02112676056338028
2025Q4,46,1,142,0.007042253521126761
2025Q4,47,1,142,0.007042253521126761
2025Q4,49,4,142,0.028169014084507043
2025Q4,50,2,142,0.014084507042253521
2025Q4,51,2,142,0.014084507042253521
2025Q4,52,1,142,0.007042253521126761
2026Q1,0,3,97,0.030927835051546393
2026Q1,2,1,97,0.010309278350515464
2026Q1,3,3,97,0.030927835051546393
2026Q1,4,3,97,0.030927835051546393
2026Q1,5,2,97,0.020618556701030927
2026Q1,6,3,97,0.030927835051546393
2026Q1,7,4,97,0.041237113402061855
2026Q1,8,2,97,0.020618556701030927
2026Q1,9,6,97,0.061855670103092786
2026Q1,10,5,97,0.05154639175257732
2026Q1,11,2,97,0.020618556701030927
2026Q1,12,5,97,0.05154639175257732
2026Q1,13,1,97,0.010309278350515464
2026Q1,15,2,97,0.020618556701030927
2026Q1,19,9,97,0.09278350515463918
2026Q1,20,26,97,0.26804123711340205
2026Q1,21,2,97,0.020618556701030927
2026Q1,22,4,97,0.041237113402061855
2026Q1,27,1,97,0.010309278350515464
2026Q1,28,1,97,0.010309278350515464
2026Q1,29,3,97,0.030927835051546393
2026Q1,31,1,97,0.010309278350515464
2026Q1,32,1,97,0.010309278350515464
2026Q1,33,1,97,0.010309278350515464
2026Q1,34,1,97,0.010309278350515464
2026Q1,36,1,97,0.010309278350515464
2026Q1,37,1,97,0.010309278350515464
2026Q1,38,1,97,0.010309278350515464
2026Q1,41,1,97,0.010309278350515464
2026Q1,42,1,97,0.010309278350515464
2026Q2,0,2,68,0.029411764705882353
2026Q2,1,2,68,0.029411764705882353
2026Q2,2,2,68,0.029411764705882353
2026Q2,3,3,68,0.04411764705882353
2026Q2,4,3,68,0.04411764705882353
2026Q2,6,4,68,0.058823529411764705
2026Q2,7,3,68,0.04411764705882353
2026Q2,8,2,68,0.029411764705882353
2026Q2,9,1,68,0.014705882352941176
2026Q2,10,3,68,0.04411764705882353
2026Q2,11,7,68,0.10294117647058823
2026Q2,12,1,68,0.014705882352941176
2026Q2,14,4,68,0.058823529411764705
2026Q2,18,1,68,0.014705882352941176
2026Q2,20,8,68,0.11764705882352941
2026Q2,21,3,68,0.04411764705882353
2026Q2,24,1,68,0.014705882352941176
2026Q2,25,1,68,0.014705882352941176
2026Q2,26,1,68,0.014705882352941176
2026Q2,29,1,68,0.014705882352941176
2026Q2,31,3,68,0.04411764705882353
2026Q2,33,2,68,0.029411764705882353
2026Q2,34,3,68,0.04411764705882353
2026Q2,35,2,68,0.029411764705882353
2026Q2,36,2,68,0.029411764705882353
2026Q2,39,1,68,0.014705882352941176
2026Q2,40,2,68,0.029411764705882353
