quarter,topic,count,total,share
2010Q3,0,15,506,0.029644268774703556
2010Q3,1,19,506,0.037549407114624504
2010Q3,2,12,506,0.023715415019762844
2010Q3,3,28,506,0.05533596837944664
2010Q3,4,20,506,0.039525691699604744
2010Q3,5,19,506,0.037549407114624504
2010Q3,6,25,506,0.04940711462450593
2010Q3,7,21,506,0.041501976284584984
2010Q3,8,23,506,0.045454545454545456
2010Q3,9,11,506,0.021739130434782608
2010Q3,10,19,506,0.037549407114624504
2010Q3,11,12,506,0.023715415019762844
2010Q3,12,8,506,0.015810276679841896
2010Q3,13,7,506,0.01383399209486166
2010Q3,14,11,506,0.021739130434782608
2010Q3,15,15,506,0.029644268774703556
2010Q3,16,17,506,0.03359683794466403
2010Q3,17,15,506,0.029644268774703556
2010Q3,18,11,506,0.021739130434782608
2010Q3,19,7,506,0.01383399209486166
2010Q3,20,4,506,0.007905138339920948
2010Q3,21,5,506,0.009881422924901186
2010Q3,22,13,506,0.025691699604743084
2010Q3,23,3,506,0.005928853754940711
2010Q3,24,5,506,0.009881422924901186
2010Q3,25,4,506,0.007905138339920948
2010Q3,26,1,506,0.001976284584980237
2010Q3,27,13,506,0.025691699604743084
2010Q3,28,3,506,0.005928853754940711
2010Q3,29,39,506,0.07707509881422925
2010Q3,30,6,506,0.011857707509881422
2010Q3,31,4,506,0.007905138339920948
2010Q3,32,7,506,0.01383399209486166
2010Q3,33,7,506,0.01383399209486166
2010Q3,34,5,506,0.009881422924901186
2010Q3,35,3,506,0.005928853754940711
2010Q3,36,13,506,0.025691699604743084
2010Q3,37,3,506,0.005928853754940711
2010Q3,38,11,506,0.021739130434782608
2010Q3,39,4,506,0.007905138339920948
2010Q3,40,3,506,0.005928853754940711
2010Q3,41,1,506,0.001976284584980237
2010Q3,42,5,506,0.009881422924901186
2010Q3,43,2,506,0.003952569169960474
2010Q3,44,4,506,0.007905138339920948
2010Q3,45,5,506,0.009881422924901186
2010Q3,46,4,506,0.007905138339920948
2010Q3,47,6,506,0.011857707509881422
2010Q3,48,1,506,0.001976284584980237
2010Q3,49,2,506,0.003952569169960474
2010Q3,50,1,506,0.001976284584980237
2010Q3,51,4,506,0.007905138339920948
2010Q4,0,25,490,0.05102040816326531
2010Q4,1,14,490,0.02857142857142857
2010Q4,2,15,490,0.030612244897959183
2010Q4,3,17,490,0.03469387755102041
2010Q4,4,14,490,0.02857142857142857
2010Q4,5,25,490,0.05102040816326531
2010Q4,6,10,490,0.02040816326530612
2010Q4,7,28,490,0.05714285714285714
2010Q4,8,18,490,0.036734693877551024
2010Q4,9,15,490,0.030612244897959183
2010Q4,10,14,490,0.02857142857142857
2010Q4,11,11,490,0.022448979591836733
2010Q4,12,11,490,0.022448979591836733
2010Q4,13,12,490,0.024489795918367346
2010Q4,14,19,490,0.03877551020408163
2010Q4,15,6,490,0.012244897959183673
2010Q4,16,7,490,0.014285714285714285
2010Q4,17,9,490,0.018367346938775512
2010Q4,18,15,490,0.030612244897959183
2010Q4,19,6,490,0.012244897959183673
2010Q4,20,12,490,0.024489795918367346
2010Q4,21,8,490,0.0163265306122449
2010Q4,22,8,490,0.0163265306122449
2010Q4,23,7,490,0.014285714285714285
2010Q4,24,8,490,0.0163265306122449
2010Q4,25,10,490,0.02040816326530612
2010Q4,26,10,490,0.02040816326530612
2010Q4,27,9,490,0.018367346938775512
2010Q4,28,15,490,0.030612244897959183
2010Q4,29,12,490,0.024489795918367346
2010Q4,30,1,490,0.0020408163265306124
2010Q4,31,5,490,0.01020408163265306
2010Q4,32,10,490,0.02040816326530612
2010Q4,33,2,490,0.004081632653061225
2010Q4,34,2,490,0.004081632653061225
2010Q4,35,4,490,0.00816326530612245
2010Q4,36,4,490,0.00816326530612245
2010Q4,38,4,490,0.00816326530612245
2010Q4,39,6,490,0.012244897959183673
2010Q4,40,2,490,0.004081632653061225
2010Q4,41,2,490,0.004081632653061225
2010Q4,42,3,490,0.006122448979591836
2010Q4,43,4,490,0.00816326530612245
2010Q4,44,12,490,0.024489795918367346
2010Q4,45,10,490,0.02040816326530612
2010Q4,46,10,490,0.02040816326530612
2010Q4,47,1,490,0.0020408163265306124
2010Q4,48,2,490,0.004081632653061225
2010Q4,49,9,490,0.018367346938775512
2010Q4,51,7,490,0.014285714285714285
2011Q1,0,26,471,0.055201698513800426
2011Q1,1,17,471,0.036093418259023353
2011Q1,2,14,471,0.029723991507430998
2011Q1,3,11,471,0.02335456475583864
2011Q1,4,21,471,0.044585987261146494
2011Q1,5,14,471,0.029723991507430998
2011Q1,6,18,471,0.03821656050955414
2011Q1,7,6,471,0.012738853503184714
2011Q1,8,23,471,0.04883227176220807
2011Q1,9,20,471,0.04246284501061571
2011Q1,10,17,471,0.036093418259023353
2011Q1,11,23,471,0.04883227176220807
2011Q1,12,12,471,0.025477707006369428
2011Q1,13,10,471,0.021231422505307854
2011Q1,14,7,471,0.014861995753715499
2011Q1,15,6,471,0.012738853503184714
2011Q1,16,11,471,0.02335456475583864
2011Q1,17,8,471,0.016985138004246284
2011Q1,18,8,471,0.016985138004246284
2011Q1,19,15,471,0.03184713375796178
2011Q1,20,3,471,0.006369426751592357
2011Q1,21,12,471,0.025477707006369428
2011Q1,22,9,471,0.01910828025477707
2011Q1,23,3,471,0.006369426751592357
2011Q1,24,8,471,0.016985138004246284
2011Q1,25,6,471,0.012738853503184714
2011Q1,26,12,471,0.025477707006369428
2011Q1,27,9,471,0.01910828025477707
2011Q1,28,5,471,0.010615711252653927
2011Q1,29,19,471,0.040339702760084924
2011Q1,30,5,471,0.010615711252653927
2011Q1,31,4,471,0.008492569002123142
2011Q1,32,7,471,0.014861995753715499
2011Q1,33,9,471,0.01910828025477707
2011Q1,34,7,471,0.014861995753715499
2011Q1,35,9,471,0.01910828025477707
2011Q1,36,1,471,0.0021231422505307855
2011Q1,37,2,471,0.004246284501061571
2011Q1,38,1,471,0.0021231422505307855
2011Q1,39,2,471,0.004246284501061571
2011Q1,40,5,471,0.010615711252653927
2011Q1,42,10,471,0.021231422505307854
2011Q1,43,3,471,0.006369426751592357
2011Q1,44,2,471,0.004246284501061571
2011Q1,45,2,471,0.004246284501061571
2011Q1,46,3,471,0.006369426751592357
2011Q1,47,3,471,0.006369426751592357
2011Q1,48,7,471,0.014861995753715499
2011Q1,49,4,471,0.008492569002123142
2011Q1,50,4,471,0.008492569002123142
2011Q1,51,8,471,0.016985138004246284
2011Q2,0,13,486,0.026748971193415638
2011Q2,1,20,486,0.0411522633744856
2011Q2,2,5,486,0.0102880658436214
2011Q2,3,16,486,0.03292181069958848
2011Q2,4,19,486,0.03909465020576132
2011Q2,5,22,486,0.04526748971193416
2011Q2,6,12,486,0.024691358024691357
2011Q2,7,17,486,0.03497942386831276
2011Q2,8,18,486,0.037037037037037035
2011Q2,9,17,486,0.03497942386831276
2011Q2,10,28,486,0.05761316872427984
2011Q2,11,10,486,0.0205761316872428
2011Q2,12,12,486,0.024691358024691357
2011Q2,13,3,486,0.006172839506172839
2011Q2,14,10,486,0.0205761316872428
2011Q2,15,12,486,0.024691358024691357
2011Q2,16,7,486,0.01440329218106996
2011Q2,17,8,486,0.01646090534979424
2011Q2,18,13,486,0.026748971193415638
2011Q2,19,20,486,0.0411522633744856
2011Q2,20,11,486,0.02263374485596708
2011Q2,21,13,486,0.026748971193415638
2011Q2,22,13,486,0.026748971193415638
2011Q2,23,6,486,0.012345679012345678
2011Q2,24,14,486,0.02880658436213992
2011Q2,25,9,486,0.018518518518518517
2011Q2,26,4,486,0.00823045267489712
2011Q2,28,3,486,0.006172839506172839
2011Q2,29,18,486,0.037037037037037035
2011Q2,30,8,486,0.01646090534979424
2011Q2,31,5,486,0.0102880658436214
2011Q2,32,11,486,0.02263374485596708
2011Q2,33,17,486,0.03497942386831276
2011Q2,34,4,486,0.00823045267489712
2011Q2,35,4,486,0.00823045267489712
2011Q2,36,4,486,0.00823045267489712
2011Q2,37,1,486,0.00205761316872428
2011Q2,38,5,486,0.0102880658436214
2011Q2,39,2,486,0.00411522633744856
2011Q2,40,6,486,0.012345679012345678
2011Q2,41,2,486,0.00411522633744856
2011Q2,42,6,486,0.012345679012345678
2011Q2,43,4,486,0.00823045267489712
2011Q2,44,2,486,0.00411522633744856
2011Q2,45,5,486,0.0102880658436214
2011Q2,46,2,486,0.00411522633744856
2011Q2,47,7,486,0.01440329218106996
2011Q2,48,4,486,0.00823045267489712
2011Q2,49,2,486,0.00411522633744856
2011Q2,50,2,486,0.00411522633744856
2011Q2,51,10,486,0.0205761316872428
2011Q3,0,23,464,0.04956896551724138
2011Q3,1,26,464,0.05603448275862069
2011Q3,2,9,464,0.01939655172413793
2011Q3,3,22,464,0.04741379310344827
2011Q3,4,27,464,0.05818965517241379
2011Q3,5,23,464,0.04956896551724138
2011Q3,6,17,464,0.036637931034482756
2011Q3,7,6,464,0.01293103448275862
2011Q3,8,12,464,0.02586206896551724
2011Q3,9,18,464,0.03879310344827586
2011Q3,10,17,464,0.036637931034482756
2011Q3,11,8,464,0.017241379310344827
2011Q3,12,4,464,0.008620689655172414
2011Q3,13,9,464,0.01939655172413793
2011Q3,14,15,464,0.032327586206896554
2011Q3,15,17,464,0.036637931034482756
2011Q3,16,14,464,0.03017241379310345
2011Q3,17,14,464,0.03017241379310345
2011Q3,18,5,464,0.010775862068965518
2011Q3,19,14,464,0.03017241379310345
2011Q3,20,2,464,0.004310344827586207
2011Q3,21,12,464,0.02586206896551724
2011Q3,22,9,464,0.01939655172413793
2011Q3,23,5,464,0.010775862068965518
2011Q3,24,9,464,0.01939655172413793
2011Q3,25,5,464,0.010775862068965518
2011Q3,27,3,464,0.00646551724137931
2011Q3,28,7,464,0.015086206896551725
2011Q3,29,11,464,0.023706896551724137
2011Q3,30,4,464,0.008620689655172414
2011Q3,31,2,464,0.004310344827586207
2011Q3,32,8,464,0.017241379310344827
2011Q3,33,3,464,0.00646551724137931
2011Q3,34,7,464,0.015086206896551725
2011Q3,35,6,464,0.01293103448275862
2011Q3,36,13,464,0.028017241379310345
2011Q3,37,3,464,0.00646551724137931
2011Q3,38,6,464,0.01293103448275862
2011Q3,39,4,464,0.008620689655172414
2011Q3,40,7,464,0.015086206896551725
2011Q3,41,2,464,0.004310344827586207
2011Q3,42,4,464,0.008620689655172414
2011Q3,43,2,464,0.004310344827586207
2011Q3,44,7,464,0.015086206896551725
2011Q3,45,3,464,0.00646551724137931
2011Q3,46,5,464,0.010775862068965518
2011Q3,47,3,464,0.00646551724137931
2011Q3,48,5,464,0.010775862068965518
2011Q3,49,2,464,0.004310344827586207
2011Q3,50,2,464,0.004310344827586207
2011Q3,51,3,464,0.00646551724137931
2011Q4,0,20,491,0.04073319755600815
2011Q4,1,30,491,0.06109979633401222
2011Q4,2,18,491,0.03665987780040733
2011Q4,3,23,491,0.04684317718940937
2011Q4,4,18,491,0.03665987780040733
2011Q4,5,14,491,0.028513238289205704
2011Q4,6,15,491,0.03054989816700611
2011Q4,7,22,491,0.04480651731160896
2011Q4,8,19,491,0.038696537678207736
2011Q4,9,16,491,0.032586558044806514
2011Q4,10,12,491,0.024439918533604887
2011Q4,11,9,491,0.018329938900203666
2011Q4,12,6,491,0.012219959266802444
2011Q4,13,8,491,0.016293279022403257
2011Q4,14,7,491,0.014256619144602852
2011Q4,15,12,491,0.024439918533604887
2011Q4,16,6,491,0.012219959266802444
2011Q4,17,9,491,0.018329938900203666
2011Q4,18,11,491,0.02240325865580448
2011Q4,19,19,491,0.038696537678207736
2011Q4,20,14,491,0.028513238289205704
2011Q4,21,12,491,0.024439918533604887
2011Q4,22,4,491,0.008146639511201629
2011Q4,23,7,491,0.014256619144602852
2011Q4,24,15,491,0.03054989816700611
2011Q4,25,9,491,0.018329938900203666
2011Q4,26,12,491,0.024439918533604887
2011Q4,27,7,491,0.014256619144602852
2011Q4,28,1,491,0.002036659877800407
2011Q4,29,8,491,0.016293279022403257
2011Q4,30,7,491,0.014256619144602852
2011Q4,31,6,491,0.012219959266802444
2011Q4,32,8,491,0.016293279022403257
2011Q4,33,9,491,0.018329938900203666
2011Q4,34,10,491,0.020366598778004074
2011Q4,35,11,491,0.02240325865580448
2011Q4,36,6,491,0.012219959266802444
2011Q4,37,1,491,0.002036659877800407
2011Q4,38,5,491,0.010183299389002037
2011Q4,40,4,491,0.008146639511201629
2011Q4,41,3,491,0.006109979633401222
2011Q4,42,5,491,0.010183299389002037
2011Q4,43,3,491,0.006109979633401222
2011Q4,44,6,491,0.012219959266802444
2011Q4,45,5,491,0.010183299389002037
2011Q4,46,11,491,0.02240325865580448
2011Q4,48,2,491,0.004073319755600814
2011Q4,49,3,491,0.006109979633401222
2011Q4,50,2,491,0.004073319755600814
2011Q4,51,1,491,0.002036659877800407
2012Q1,0,20,442,0.04524886877828054
2012Q1,1,15,442,0.033936651583710405
2012Q1,2,22,442,0.049773755656108594
2012Q1,3,18,442,0.04072398190045249
2012Q1,4,20,442,0.04524886877828054
2012Q1,5,18,442,0.04072398190045249
2012Q1,6,10,442,0.02262443438914027
2012Q1,7,15,442,0.033936651583710405
2012Q1,8,10,442,0.02262443438914027
2012Q1,9,11,442,0.024886877828054297
2012Q1,10,8,442,0.01809954751131222
2012Q1,11,10,442,0.02262443438914027
2012Q1,12,19,442,0.042986425339366516
2012Q1,13,11,442,0.024886877828054297
2012Q1,14,16,442,0.03619909502262444
2012Q1,15,8,442,0.01809954751131222
2012Q1,16,11,442,0.024886877828054297
2012Q1,17,10,442,0.02262443438914027
2012Q1,18,11,442,0.024886877828054297
2012Q1,19,6,442,0.013574660633484163
2012Q1,20,15,442,0.033936651583710405
2012Q1,21,8,442,0.01809954751131222
2012Q1,22,7,442,0.01583710407239819
2012Q1,23,7,442,0.01583710407239819
2012Q1,24,8,442,0.01809954751131222
2012Q1,25,4,442,0.00904977375565611
2012Q1,26,5,442,0.011312217194570135
2012Q1,27,13,442,0.029411764705882353
2012Q1,29,8,442,0.01809954751131222
2012Q1,30,3,442,0.006787330316742082
2012Q1,31,7,442,0.01583710407239819
2012Q1,32,5,442,0.011312217194570135
2012Q1,33,3,442,0.006787330316742082
2012Q1,34,3,442,0.006787330316742082
2012Q1,35,20,442,0.04524886877828054
2012Q1,36,6,442,0.013574660633484163
2012Q1,37,3,442,0.006787330316742082
2012Q1,38,7,442,0.01583710407239819
2012Q1,39,2,442,0.004524886877828055
2012Q1,40,5,442,0.011312217194570135
2012Q1,41,6,442,0.013574660633484163
2012Q1,42,2,442,0.004524886877828055
2012Q1,43,1,442,0.0022624434389140274
2012Q1,44,5,442,0.011312217194570135
2012Q1,45,5,442,0.011312217194570135
2012Q1,46,1,442,0.0022624434389140274
2012Q1,47,5,442,0.011312217194570135
2012Q1,48,4,442,0.00904977375565611
2012Q1,49,1,442,0.0022624434389140274
2012Q1,50,3,442,0.006787330316742082
2012Q1,51,1,442,0.0022624434389140274
2012Q2,0,13,439,0.029612756264236904
2012Q2,1,15,439,0.03416856492027335
2012Q2,2,15,439,0.03416856492027335
2012Q2,3,12,439,0.02733485193621868
2012Q2,4,10,439,0.022779043280182234
2012Q2,5,6,439,0.01366742596810934
2012Q2,6,9,439,0.02050113895216401
2012Q2,7,9,439,0.02050113895216401
2012Q2,8,9,439,0.02050113895216401
2012Q2,9,16,439,0.03644646924829157
2012Q2,10,5,439,0.011389521640091117
2012Q2,11,11,439,0.025056947608200455
2012Q2,12,9,439,0.02050113895216401
2012Q2,13,5,439,0.011389521640091117
2012Q2,14,14,439,0.03189066059225513
2012Q2,15,28,439,0.06378132118451026
2012Q2,16,7,439,0.015945330296127564
2012Q2,17,8,439,0.018223234624145785
2012Q2,18,10,439,0.022779043280182234
2012Q2,19,6,439,0.01366742596810934
2012Q2,20,8,439,0.018223234624145785
2012Q2,21,9,439,0.02050113895216401
2012Q2,22,9,439,0.02050113895216401
2012Q2,23,5,439,0.011389521640091117
2012Q2,24,20,439,0.04555808656036447
2012Q2,25,9,439,0.02050113895216401
2012Q2,26,10,439,0.022779043280182234
2012Q2,27,5,439,0.011389521640091117
2012Q2,28,5,439,0.011389521640091117
2012Q2,29,4,439,0.009111617312072893
2012Q2,30,5,439,0.011389521640091117
2012Q2,31,6,439,0.01366742596810934
2012Q2,32,15,439,0.03416856492027335
2012Q2,33,11,439,0.025056947608200455
2012Q2,34,3,439,0.00683371298405467
2012Q2,35,3,439,0.00683371298405467
2012Q2,36,13,439,0.029612756264236904
2012Q2,37,1,439,0.002277904328018223
2012Q2,38,11,439,0.025056947608200455
2012Q2,39,5,439,0.011389521640091117
2012Q2,40,10,439,0.022779043280182234
2012Q2,42,1,439,0.002277904328018223
2012Q2,43,4,439,0.009111617312072893
2012Q2,44,4,439,0.009111617312072893
2012Q2,45,8,439,0.018223234624145785
2012Q2,46,17,439,0.0387243735763098
2012Q2,47,1,439,0.002277904328018223
2012Q2,48,4,439,0.009111617312072893
2012Q2,49,5,439,0.011389521640091117
2012Q2,50,1,439,0.002277904328018223
2012Q2,51,10,439,0.022779043280182234
2012Q3,0,13,462,0.02813852813852814
2012Q3,1,14,462,0.030303030303030304
2012Q3,2,16,462,0.03463203463203463
2012Q3,3,14,462,0.030303030303030304
2012Q3,4,16,462,0.03463203463203463
2012Q3,5,6,462,0.012987012987012988
2012Q3,6,13,462,0.02813852813852814
2012Q3,7,13,462,0.02813852813852814
2012Q3,8,12,462,0.025974025974025976
2012Q3,9,14,462,0.030303030303030304
2012Q3,10,14,462,0.030303030303030304
2012Q3,11,17,462,0.0367965367965368
2012Q3,12,23,462,0.049783549783549784
2012Q3,13,13,462,0.02813852813852814
2012Q3,14,19,462,0.04112554112554113
2012Q3,15,12,462,0.025974025974025976
2012Q3,16,9,462,0.01948051948051948
2012Q3,17,6,462,0.012987012987012988
2012Q3,18,16,462,0.03463203463203463
2012Q3,19,8,462,0.017316017316017316
2012Q3,20,10,462,0.021645021645021644
2012Q3,21,12,462,0.025974025974025976
2012Q3,22,10,462,0.021645021645021644
2012Q3,23,4,462,0.008658008658008658
2012Q3,24,12,462,0.025974025974025976
2012Q3,25,4,462,0.008658008658008658
2012Q3,26,13,462,0.02813852813852814
2012Q3,27,2,462,0.004329004329004329
2012Q3,28,3,462,0.006493506493506494
2012Q3,29,9,462,0.01948051948051948
2012Q3,30,8,462,0.017316017316017316
2012Q3,31,5,462,0.010822510822510822
2012Q3,32,5,462,0.010822510822510822
2012Q3,33,6,462,0.012987012987012988
2012Q3,34,8,462,0.017316017316017316
2012Q3,35,7,462,0.015151515151515152
2012Q3,36,5,462,0.010822510822510822
2012Q3,37,9,462,0.01948051948051948
2012Q3,38,8,462,0.017316017316017316
2012Q3,39,1,462,0.0021645021645021645
2012Q3,40,6,462,0.012987012987012988
2012Q3,41,2,462,0.004329004329004329
2012Q3,42,2,462,0.004329004329004329
2012Q3,44,9,462,0.01948051948051948
2012Q3,45,2,462,0.004329004329004329
2012Q3,46,9,462,0.01948051948051948
2012Q3,47,2,462,0.004329004329004329
2012Q3,48,9,462,0.01948051948051948
2012Q3,49,3,462,0.006493506493506494
2012Q3,50,8,462,0.017316017316017316
2012Q3,51,1,462,0.0021645021645021645
2012Q4,0,14,470,0.029787234042553193
2012Q4,1,15,470,0.031914893617021274
2012Q4,2,28,470,0.059574468085106386
2012Q4,3,18,470,0.03829787234042553
2012Q4,4,15,470,0.031914893617021274
2012Q4,5,8,470,0.01702127659574468
2012Q4,6,13,470,0.027659574468085105
2012Q4,7,17,470,0.036170212765957444
2012Q4,8,7,470,0.014893617021276596
2012Q4,9,11,470,0.023404255319148935
2012Q4,10,5,470,0.010638297872340425
2012Q4,11,18,470,0.03829787234042553
2012Q4,12,19,470,0.04042553191489362
2012Q4,13,9,470,0.019148936170212766
2012Q4,14,13,470,0.027659574468085105
2012Q4,15,10,470,0.02127659574468085
2012Q4,16,8,470,0.01702127659574468
2012Q4,17,16,470,0.03404255319148936
2012Q4,18,6,470,0.01276595744680851
2012Q4,19,6,470,0.01276595744680851
2012Q4,20,12,470,0.02553191489361702
2012Q4,21,6,470,0.01276595744680851
2012Q4,22,9,470,0.019148936170212766
2012Q4,23,8,470,0.01702127659574468
2012Q4,24,20,470,0.0425531914893617
2012Q4,25,2,470,0.00425531914893617
2012Q4,26,12,470,0.02553191489361702
2012Q4,27,10,470,0.02127659574468085
2012Q4,28,11,470,0.023404255319148935
2012Q4,29,5,470,0.010638297872340425
2012Q4,30,10,470,0.02127659574468085
2012Q4,31,14,470,0.029787234042553193
2012Q4,32,12,470,0.02553191489361702
2012Q4,33,5,470,0.010638297872340425
2012Q4,34,7,470,0.014893617021276596
2012Q4,35,4,470,0.00851063829787234
2012Q4,36,15,470,0.031914893617021274
2012Q4,37,4,470,0.00851063829787234
2012Q4,38,6,470,0.01276595744680851
2012Q4,39,4,470,0.00851063829787234
2012Q4,40,1,470,0.002127659574468085
2012Q4,41,4,470,0.00851063829787234
2012Q4,42,3,470,0.006382978723404255
2012Q4,43,2,470,0.00425531914893617
2012Q4,44,5,470,0.010638297872340425
2012Q4,45,6,470,0.01276595744680851
2012Q4,46,5,470,0.010638297872340425
2012Q4,47,1,470,0.002127659574468085
2012Q4,48,4,470,0.00851063829787234
2012Q4,49,4,470,0.00851063829787234
2012Q4,50,2,470,0.00425531914893617
2012Q4,51,1,470,0.002127659574468085
2013Q1,0,19,471,0.040339702760084924
2013Q1,1,22,471,0.04670912951167728
2013Q1,2,13,471,0.027600849256900213
2013Q1,3,15,471,0.03184713375796178
2013Q1,4,23,471,0.04883227176220807
2013Q1,5,8,471,0.016985138004246284
2013Q1,6,18,471,0.03821656050955414
2013Q1,7,12,471,0.025477707006369428
2013Q1,8,11,471,0.02335456475583864
2013Q1,9,13,471,0.027600849256900213
2013Q1,10,25,471,0.05307855626326964
2013Q1,11,9,471,0.01910828025477707
2013Q1,12,7,471,0.014861995753715499
2013Q1,13,9,471,0.01910828025477707
2013Q1,14,10,471,0.021231422505307854
2013Q1,15,17,471,0.036093418259023353
2013Q1,16,11,471,0.02335456475583864
2013Q1,17,14,471,0.029723991507430998
2013Q1,18,7,471,0.014861995753715499
2013Q1,19,8,471,0.016985138004246284
2013Q1,20,6,471,0.012738853503184714
2013Q1,21,8,471,0.016985138004246284
2013Q1,22,6,471,0.012738853503184714
2013Q1,23,6,471,0.012738853503184714
2013Q1,24,23,471,0.04883227176220807
2013Q1,25,10,471,0.021231422505307854
2013Q1,26,12,471,0.025477707006369428
2013Q1,27,8,471,0.016985138004246284
2013Q1,28,14,471,0.029723991507430998
2013Q1,29,5,471,0.010615711252653927
2013Q1,31,3,471,0.006369426751592357
2013Q1,32,3,471,0.006369426751592357
2013Q1,33,6,471,0.012738853503184714
2013Q1,34,9,471,0.01910828025477707
2013Q1,35,7,471,0.014861995753715499
2013Q1,36,6,471,0.012738853503184714
2013Q1,37,9,471,0.01910828025477707
2013Q1,38,7,471,0.014861995753715499
2013Q1,39,7,471,0.014861995753715499
2013Q1,40,6,471,0.012738853503184714
2013Q1,41,4,471,0.008492569002123142
2013Q1,42,2,471,0.004246284501061571
2013Q1,43,8,471,0.016985138004246284
2013Q1,44,1,471,0.0021231422505307855
2013Q1,45,2,471,0.004246284501061571
2013Q1,46,7,471,0.014861995753715499
2013Q1,47,4,471,0.008492569002123142
2013Q1,48,3,471,0.006369426751592357
2013Q1,49,4,471,0.008492569002123142
2013Q1,50,3,471,0.006369426751592357
2013Q1,51,1,471,0.0021231422505307855
2013Q2,0,10,491,0.020366598778004074
2013Q2,1,12,491,0.024439918533604887
2013Q2,2,30,491,0.06109979633401222
2013Q2,3,19,491,0.038696537678207736
2013Q2,4,24,491,0.048879837067209775
2013Q2,5,23,491,0.04684317718940937
2013Q2,6,24,491,0.048879837067209775
2013Q2,7,22,491,0.04480651731160896
2013Q2,8,14,491,0.028513238289205704
2013Q2,9,16,491,0.032586558044806514
2013Q2,10,19,491,0.038696537678207736
2013Q2,11,13,491,0.026476578411405296
2013Q2,12,10,491,0.020366598778004074
2013Q2,13,9,491,0.018329938900203666
2013Q2,14,14,491,0.028513238289205704
2013Q2,15,6,491,0.012219959266802444
2013Q2,16,11,491,0.02240325865580448
2013Q2,17,10,491,0.020366598778004074
2013Q2,18,10,491,0.020366598778004074
2013Q2,19,5,491,0.010183299389002037
2013Q2,20,11,491,0.02240325865580448
2013Q2,21,5,491,0.010183299389002037
2013Q2,22,11,491,0.02240325865580448
2013Q2,23,2,491,0.004073319755600814
2013Q2,24,19,491,0.038696537678207736
2013Q2,25,6,491,0.012219959266802444
2013Q2,26,8,491,0.016293279022403257
2013Q2,27,10,491,0.020366598778004074
2013Q2,28,7,491,0.014256619144602852
2013Q2,29,5,491,0.010183299389002037
2013Q2,30,7,491,0.014256619144602852
2013Q2,31,8,491,0.016293279022403257
2013Q2,32,10,491,0.020366598778004074
2013Q2,33,11,491,0.02240325865580448
2013Q2,34,4,491,0.008146639511201629
2013Q2,36,10,491,0.020366598778004074
2013Q2,37,3,491,0.006109979633401222
2013Q2,38,6,491,0.012219959266802444
2013Q2,39,4,491,0.008146639511201629
2013Q2,40,14,491,0.028513238289205704
2013Q2,41,2,491,0.004073319755600814
2013Q2,42,2,491,0.004073319755600814
2013Q2,43,4,491,0.008146639511201629
2013Q2,44,3,491,0.006109979633401222
2013Q2,45,1,491,0.002036659877800407
2013Q2,46,8,491,0.016293279022403257
2013Q2,47,4,491,0.008146639511201629
2013Q2,48,2,491,0.004073319755600814
2013Q2,49,1,491,0.002036659877800407
2013Q2,50,2,491,0.004073319755600814
2013Q3,0,19,484,0.03925619834710744
2013Q3,1,21,484,0.04338842975206612
2013Q3,2,23,484,0.047520661157024795
2013Q3,3,19,484,0.03925619834710744
2013Q3,4,19,484,0.03925619834710744
2013Q3,5,13,484,0.026859504132231406
2013Q3,6,24,484,0.049586776859504134
2013Q3,7,14,484,0.028925619834710745
2013Q3,8,18,484,0.0371900826446281
2013Q3,9,13,484,0.026859504132231406
2013Q3,10,12,484,0.024793388429752067
2013Q3,11,12,484,0.024793388429752067
2013Q3,12,10,484,0.02066115702479339
2013Q3,13,17,484,0.03512396694214876
2013Q3,14,12,484,0.024793388429752067
2013Q3,15,19,484,0.03925619834710744
2013Q3,16,4,484,0.008264462809917356
2013Q3,17,9,484,0.01859504132231405
2013Q3,18,18,484,0.0371900826446281
2013Q3,19,12,484,0.024793388429752067
2013Q3,20,15,484,0.030991735537190084
2013Q3,21,7,484,0.014462809917355372
2013Q3,22,7,484,0.014462809917355372
2013Q3,23,2,484,0.004132231404958678
2013Q3,24,24,484,0.049586776859504134
2013Q3,25,4,484,0.008264462809917356
2013Q3,26,12,484,0.024793388429752067
2013Q3,27,5,484,0.010330578512396695
2013Q3,28,2,484,0.004132231404958678
2013Q3,29,4,484,0.008264462809917356
2013Q3,30,8,484,0.01652892561983471
2013Q3,31,4,484,0.008264462809917356
2013Q3,32,3,484,0.006198347107438017
2013Q3,33,2,484,0.004132231404958678
2013Q3,34,4,484,0.008264462809917356
2013Q3,35,8,484,0.01652892561983471
2013Q3,36,5,484,0.010330578512396695
2013Q3,37,9,484,0.01859504132231405
2013Q3,38,2,484,0.004132231404958678
2013Q3,39,3,484,0.006198347107438017
2013Q3,40,3,484,0.006198347107438017
2013Q3,41,4,484,0.008264462809917356
2013Q3,42,3,484,0.006198347107438017
2013Q3,44,5,484,0.010330578512396695
2013Q3,45,7,484,0.014462809917355372
2013Q3,46,4,484,0.008264462809917356
2013Q3,47,3,484,0.006198347107438017
2013Q3,48,6,484,0.012396694214876033
2013Q3,49,3,484,0.006198347107438017
2013Q3,50,2,484,0.004132231404958678
2013Q3,51,6,484,0.012396694214876033
2013Q4,0,16,473,0.03382663847780127
2013Q4,1,15,473,0.03171247357293869
2013Q4,2,13,473,0.02748414376321353
2013Q4,3,22,473,0.046511627906976744
2013Q4,4,22,473,0.046511627906976744
2013Q4,5,11,473,0.023255813953488372
2013Q4,6,14,473,0.02959830866807611
2013Q4,7,22,473,0.046511627906976744
2013Q4,8,11,473,0.023255813953488372
2013Q4,9,11,473,0.023255813953488372
2013Q4,10,11,473,0.023255813953488372
2013Q4,11,18,473,0.03805496828752643
2013Q4,12,17,473,0.035940803382663845
2013Q4,13,7,473,0.014799154334038054
2013Q4,14,3,473,0.006342494714587738
2013Q4,15,9,473,0.019027484143763214
2013Q4,16,8,473,0.016913319238900635
2013Q4,17,13,473,0.02748414376321353
2013Q4,18,10,473,0.021141649048625793
2013Q4,19,7,473,0.014799154334038054
2013Q4,20,11,473,0.023255813953488372
2013Q4,21,11,473,0.023255813953488372
2013Q4,22,13,473,0.02748414376321353
2013Q4,23,2,473,0.004228329809725159
2013Q4,24,18,473,0.03805496828752643
2013Q4,25,4,473,0.008456659619450317
2013Q4,26,11,473,0.023255813953488372
2013Q4,27,9,473,0.019027484143763214
2013Q4,28,14,473,0.02959830866807611
2013Q4,29,4,473,0.008456659619450317
2013Q4,30,12,473,0.02536997885835095
2013Q4,31,13,473,0.02748414376321353
2013Q4,32,6,473,0.012684989429175475
2013Q4,33,3,473,0.006342494714587738
2013Q4,34,3,473,0.006342494714587738
2013Q4,35,6,473,0.012684989429175475
2013Q4,36,11,473,0.023255813953488372
2013Q4,37,3,473,0.006342494714587738
2013Q4,38,5,473,0.010570824524312896
2013Q4,39,7,473,0.014799154334038054
2013Q4,40,4,473,0.008456659619450317
2013Q4,41,1,473,0.0021141649048625794
2013Q4,42,9,473,0.019027484143763214
2013Q4,43,2,473,0.004228329809725159
2013Q4,44,5,473,0.010570824524312896
2013Q4,45,6,473,0.012684989429175475
2013Q4,46,6,473,0.012684989429175475
2013Q4,47,4,473,0.008456659619450317
2013Q4,49,2,473,0.004228329809725159
2013Q4,50,5,473,0.010570824524312896
2013Q4,51,3,473,0.006342494714587738
2014Q1,0,18,483,0.037267080745341616
2014Q1,1,19,483,0.039337474120082816
2014Q1,2,20,483,0.041407867494824016
2014Q1,3,18,483,0.037267080745341616
2014Q1,4,11,483,0.022774327122153208
2014Q1,5,14,483,0.028985507246376812
2014Q1,6,15,483,0.031055900621118012
2014Q1,7,22,483,0.045548654244306416
2014Q1,8,13,483,0.026915113871635612
2014Q1,9,11,483,0.022774327122153208
2014Q1,10,21,483,0.043478260869565216
2014Q1,11,8,483,0.016563146997929608
2014Q1,12,14,483,0.028985507246376812
2014Q1,13,12,483,0.024844720496894408
2014Q1,14,11,483,0.022774327122153208
2014Q1,15,11,483,0.022774327122153208
2014Q1,16,19,483,0.039337474120082816
2014Q1,17,14,483,0.028985507246376812
2014Q1,18,10,483,0.020703933747412008
2014Q1,19,11,483,0.022774327122153208
2014Q1,20,18,483,0.037267080745341616
2014Q1,21,10,483,0.020703933747412008
2014Q1,22,8,483,0.016563146997929608
2014Q1,23,4,483,0.008281573498964804
2014Q1,24,25,483,0.051759834368530024
2014Q1,25,10,483,0.020703933747412008
2014Q1,26,7,483,0.014492753623188406
2014Q1,27,3,483,0.006211180124223602
2014Q1,28,7,483,0.014492753623188406
2014Q1,29,2,483,0.004140786749482402
2014Q1,30,4,483,0.008281573498964804
2014Q1,31,5,483,0.010351966873706004
2014Q1,32,2,483,0.004140786749482402
2014Q1,33,10,483,0.020703933747412008
2014Q1,34,4,483,0.008281573498964804
2014Q1,35,7,483,0.014492753623188406
2014Q1,36,6,483,0.012422360248447204
2014Q1,37,6,483,0.012422360248447204
2014Q1,38,4,483,0.008281573498964804
2014Q1,39,6,483,0.012422360248447204
2014Q1,40,3,483,0.006211180124223602
2014Q1,41,3,483,0.006211180124223602
2014Q1,42,4,483,0.008281573498964804
2014Q1,43,4,483,0.008281573498964804
2014Q1,44,3,483,0.006211180124223602
2014Q1,45,1,483,0.002070393374741201
2014Q1,46,2,483,0.004140786749482402
2014Q1,47,5,483,0.010351966873706004
2014Q1,48,5,483,0.010351966873706004
2014Q1,49,7,483,0.014492753623188406
2014Q1,50,1,483,0.002070393374741201
2014Q1,51,5,483,0.010351966873706004
2014Q2,0,20,464,0.04310344827586207
2014Q2,1,18,464,0.03879310344827586
2014Q2,2,29,464,0.0625
2014Q2,3,16,464,0.034482758620689655
2014Q2,4,12,464,0.02586206896551724
2014Q2,5,22,464,0.04741379310344827
2014Q2,6,17,464,0.036637931034482756
2014Q2,7,12,464,0.02586206896551724
2014Q2,8,20,464,0.04310344827586207
2014Q2,9,13,464,0.028017241379310345
2014Q2,10,11,464,0.023706896551724137
2014Q2,11,17,464,0.036637931034482756
2014Q2,12,7,464,0.015086206896551725
2014Q2,13,14,464,0.03017241379310345
2014Q2,14,20,464,0.04310344827586207
2014Q2,15,14,464,0.03017241379310345
2014Q2,16,6,464,0.01293103448275862
2014Q2,17,12,464,0.02586206896551724
2014Q2,18,8,464,0.017241379310344827
2014Q2,19,12,464,0.02586206896551724
2014Q2,20,11,464,0.023706896551724137
2014Q2,21,9,464,0.01939655172413793
2014Q2,22,11,464,0.023706896551724137
2014Q2,23,6,464,0.01293103448275862
2014Q2,24,21,464,0.04525862068965517
2014Q2,25,6,464,0.01293103448275862
2014Q2,26,14,464,0.03017241379310345
2014Q2,27,5,464,0.010775862068965518
2014Q2,28,1,464,0.0021551724137931034
2014Q2,29,6,464,0.01293103448275862
2014Q2,30,2,464,0.004310344827586207
2014Q2,31,9,464,0.01939655172413793
2014Q2,32,3,464,0.00646551724137931
2014Q2,33,4,464,0.008620689655172414
2014Q2,34,1,464,0.0021551724137931034
2014Q2,35,7,464,0.015086206896551725
2014Q2,36,2,464,0.004310344827586207
2014Q2,37,9,464,0.01939655172413793
2014Q2,38,2,464,0.004310344827586207
2014Q2,39,4,464,0.008620689655172414
2014Q2,40,4,464,0.008620689655172414
2014Q2,42,3,464,0.00646551724137931
2014Q2,43,2,464,0.004310344827586207
2014Q2,44,2,464,0.004310344827586207
2014Q2,45,1,464,0.0021551724137931034
2014Q2,46,4,464,0.008620689655172414
2014Q2,47,4,464,0.008620689655172414
2014Q2,48,2,464,0.004310344827586207
2014Q2,49,5,464,0.010775862068965518
2014Q2,50,4,464,0.008620689655172414
2014Q3,0,19,477,0.039832285115303984
2014Q3,1,30,477,0.06289308176100629
2014Q3,2,16,477,0.033542976939203356
2014Q3,3,20,477,0.041928721174004195
2014Q3,4,21,477,0.0440251572327044
2014Q3,5,18,477,0.03773584905660377
2014Q3,6,17,477,0.03563941299790356
2014Q3,7,20,477,0.041928721174004195
2014Q3,8,10,477,0.020964360587002098
2014Q3,9,14,477,0.029350104821802937
2014Q3,10,11,477,0.023060796645702306
2014Q3,11,11,477,0.023060796645702306
2014Q3,12,11,477,0.023060796645702306
2014Q3,13,5,477,0.010482180293501049
2014Q3,14,12,477,0.025157232704402517
2014Q3,15,6,477,0.012578616352201259
2014Q3,16,13,477,0.027253668763102725
2014Q3,17,12,477,0.025157232704402517
2014Q3,18,8,477,0.016771488469601678
2014Q3,19,10,477,0.020964360587002098
2014Q3,20,10,477,0.020964360587002098
2014Q3,21,9,477,0.018867924528301886
2014Q3,22,7,477,0.014675052410901468
2014Q3,23,3,477,0.006289308176100629
2014Q3,24,6,477,0.012578616352201259
2014Q3,25,8,477,0.016771488469601678
2014Q3,26,3,477,0.006289308176100629
2014Q3,27,4,477,0.008385744234800839
2014Q3,28,3,477,0.006289308176100629
2014Q3,29,7,477,0.014675052410901468
2014Q3,30,3,477,0.006289308176100629
2014Q3,31,8,477,0.016771488469601678
2014Q3,32,9,477,0.018867924528301886
2014Q3,33,10,477,0.020964360587002098
2014Q3,34,8,477,0.016771488469601678
2014Q3,35,10,477,0.020964360587002098
2014Q3,36,15,477,0.031446540880503145
2014Q3,37,5,477,0.010482180293501049
2014Q3,38,14,477,0.029350104821802937
2014Q3,39,6,477,0.012578616352201259
2014Q3,40,6,477,0.012578616352201259
2014Q3,41,3,477,0.006289308176100629
2014Q3,42,1,477,0.0020964360587002098
2014Q3,43,9,477,0.018867924528301886
2014Q3,44,2,477,0.0041928721174004195
2014Q3,45,6,477,0.012578616352201259
2014Q3,46,3,477,0.006289308176100629
2014Q3,47,6,477,0.012578616352201259
2014Q3,48,3,477,0.006289308176100629
2014Q3,49,1,477,0.0020964360587002098
2014Q3,50,4,477,0.008385744234800839
2014Q3,51,1,477,0.0020964360587002098
2014Q4,0,19,474,0.04008438818565401
2014Q4,1,28,474,0.05907172995780591
2014Q4,2,21,474,0.04430379746835443
2014Q4,3,9,474,0.0189873417721519
2014Q4,4,29,474,0.06118143459915612
2014Q4,5,25,474,0.052742616033755275
2014Q4,6,16,474,0.03375527426160337
2014Q4,7,18,474,0.0379746835443038
2014Q4,8,14,474,0.029535864978902954
2014Q4,9,13,474,0.027426160337552744
2014Q4,10,11,474,0.023206751054852322
2014Q4,11,16,474,0.03375527426160337
2014Q4,12,14,474,0.029535864978902954
2014Q4,13,9,474,0.0189873417721519
2014Q4,14,10,474,0.02109704641350211
2014Q4,15,10,474,0.02109704641350211
2014Q4,16,9,474,0.0189873417721519
2014Q4,17,22,474,0.046413502109704644
2014Q4,18,3,474,0.006329113924050633
2014Q4,19,12,474,0.02531645569620253
2014Q4,20,11,474,0.023206751054852322
2014Q4,21,5,474,0.010548523206751054
2014Q4,22,6,474,0.012658227848101266
2014Q4,23,9,474,0.0189873417721519
2014Q4,24,12,474,0.02531645569620253
2014Q4,25,8,474,0.016877637130801686
2014Q4,26,10,474,0.02109704641350211
2014Q4,27,6,474,0.012658227848101266
2014Q4,28,5,474,0.010548523206751054
2014Q4,29,6,474,0.012658227848101266
2014Q4,30,7,474,0.014767932489451477
2014Q4,31,6,474,0.012658227848101266
2014Q4,32,6,474,0.012658227848101266
2014Q4,33,3,474,0.006329113924050633
2014Q4,34,7,474,0.014767932489451477
2014Q4,35,15,474,0.03164556962025317
2014Q4,36,5,474,0.010548523206751054
2014Q4,37,2,474,0.004219409282700422
2014Q4,38,1,474,0.002109704641350211
2014Q4,39,3,474,0.006329113924050633
2014Q4,40,1,474,0.002109704641350211
2014Q4,41,5,474,0.010548523206751054
2014Q4,43,2,474,0.004219409282700422
2014Q4,44,6,474,0.012658227848101266
2014Q4,45,5,474,0.010548523206751054
2014Q4,46,5,474,0.010548523206751054
2014Q4,47,2,474,0.004219409282700422
2014Q4,48,1,474,0.002109704641350211
2014Q4,49,4,474,0.008438818565400843
2014Q4,50,1,474,0.002109704641350211
2014Q4,51,1,474,0.002109704641350211
2015Q1,0,21,451,0.04656319290465632
2015Q1,1,20,451,0.04434589800443459
2015Q1,2,14,451,0.031042128603104215
2015Q1,3,16,451,0.03547671840354767
2015Q1,4,17,451,0.037694013303769404
2015Q1,5,27,451,0.0598669623059867
2015Q1,6,7,451,0.015521064301552107
2015Q1,7,10,451,0.022172949002217297
2015Q1,8,14,451,0.031042128603104215
2015Q1,9,21,451,0.04656319290465632
2015Q1,10,12,451,0.026607538802660754
2015Q1,11,16,451,0.03547671840354767
2015Q1,12,23,451,0.050997782705099776
2015Q1,13,6,451,0.013303769401330377
2015Q1,14,10,451,0.022172949002217297
2015Q1,15,13,451,0.028824833702882482
2015Q1,16,7,451,0.015521064301552107
2015Q1,17,8,451,0.017738359201773836
2015Q1,18,6,451,0.013303769401330377
2015Q1,19,7,451,0.015521064301552107
2015Q1,20,7,451,0.015521064301552107
2015Q1,21,14,451,0.031042128603104215
2015Q1,22,7,451,0.015521064301552107
2015Q1,23,10,451,0.022172949002217297
2015Q1,24,9,451,0.019955654101995565
2015Q1,25,8,451,0.017738359201773836
2015Q1,26,17,451,0.037694013303769404
2015Q1,27,6,451,0.013303769401330377
2015Q1,28,7,451,0.015521064301552107
2015Q1,29,1,451,0.0022172949002217295
2015Q1,30,8,451,0.017738359201773836
2015Q1,31,8,451,0.017738359201773836
2015Q1,32,6,451,0.013303769401330377
2015Q1,33,6,451,0.013303769401330377
2015Q1,34,5,451,0.011086474501108648
2015Q1,35,6,451,0.013303769401330377
2015Q1,36,3,451,0.0066518847006651885
2015Q1,37,1,451,0.0022172949002217295
2015Q1,38,2,451,0.004434589800443459
2015Q1,39,7,451,0.015521064301552107
2015Q1,41,3,451,0.0066518847006651885
2015Q1,42,3,451,0.0066518847006651885
2015Q1,43,6,451,0.013303769401330377
2015Q1,44,3,451,0.0066518847006651885
2015Q1,45,5,451,0.011086474501108648
2015Q1,46,4,451,0.008869179600886918
2015Q1,47,5,451,0.011086474501108648
2015Q1,48,5,451,0.011086474501108648
2015Q1,49,2,451,0.004434589800443459
2015Q1,50,1,451,0.0022172949002217295
2015Q1,51,1,451,0.0022172949002217295
2015Q2,0,13,443,0.029345372460496615
2015Q2,1,25,443,0.056433408577878104
2015Q2,2,7,443,0.01580135440180587
2015Q2,3,13,443,0.029345372460496615
2015Q2,4,13,443,0.029345372460496615
2015Q2,5,15,443,0.033860045146726865
2015Q2,6,8,443,0.01805869074492099
2015Q2,7,21,443,0.04740406320541761
2015Q2,8,15,443,0.033860045146726865
2015Q2,9,15,443,0.033860045146726865
2015Q2,10,10,443,0.022573363431151242
2015Q2,11,15,443,0.033860045146726865
2015Q2,12,12,443,0.02708803611738149
2015Q2,13,12,443,0.02708803611738149
2015Q2,14,12,443,0.02708803611738149
2015Q2,15,20,443,0.045146726862302484
2015Q2,16,8,443,0.01805869074492099
2015Q2,17,9,443,0.020316027088036117
2015Q2,18,9,443,0.020316027088036117
2015Q2,19,10,443,0.022573363431151242
2015Q2,20,7,443,0.01580135440180587
2015Q2,21,12,443,0.02708803611738149
2015Q2,22,11,443,0.024830699774266364
2015Q2,23,4,443,0.009029345372460496
2015Q2,24,6,443,0.013544018058690745
2015Q2,25,14,443,0.03160270880361174
2015Q2,26,4,443,0.009029345372460496
2015Q2,27,10,443,0.022573363431151242
2015Q2,28,13,443,0.029345372460496615
2015Q2,29,10,443,0.022573363431151242
2015Q2,30,4,443,0.009029345372460496
2015Q2,31,1,443,0.002257336343115124
2015Q2,32,4,443,0.009029345372460496
2015Q2,33,16,443,0.03611738148984198
2015Q2,34,7,443,0.01580135440180587
2015Q2,35,6,443,0.013544018058690745
2015Q2,36,4,443,0.009029345372460496
2015Q2,37,3,443,0.006772009029345372
2015Q2,38,5,443,0.011286681715575621
2015Q2,39,4,443,0.009029345372460496
2015Q2,40,5,443,0.011286681715575621
2015Q2,41,2,443,0.004514672686230248
2015Q2,42,2,443,0.004514672686230248
2015Q2,43,5,443,0.011286681715575621
2015Q2,44,2,443,0.004514672686230248
2015Q2,45,1,443,0.002257336343115124
2015Q2,46,2,443,0.004514672686230248
2015Q2,47,5,443,0.011286681715575621
2015Q2,48,2,443,0.004514672686230248
2015Q2,49,4,443,0.009029345372460496
2015Q2,50,4,443,0.009029345372460496
2015Q2,51,2,443,0.004514672686230248
2015Q3,0,22,457,0.04814004376367615
2015Q3,1,20,457,0.0437636761487965
2015Q3,2,17,457,0.037199124726477024
2015Q3,3,25,457,0.05470459518599562
2015Q3,4,20,457,0.0437636761487965
2015Q3,5,18,457,0.03938730853391685
2015Q3,6,13,457,0.028446389496717725
2015Q3,7,9,457,0.019693654266958426
2015Q3,8,12,457,0.0262582056892779
2015Q3,9,13,457,0.028446389496717725
2015Q3,10,6,457,0.01312910284463895
2015Q3,11,11,457,0.024070021881838075
2015Q3,12,7,457,0.015317286652078774
2015Q3,13,11,457,0.024070021881838075
2015Q3,14,9,457,0.019693654266958426
2015Q3,15,9,457,0.019693654266958426
2015Q3,16,9,457,0.019693654266958426
2015Q3,17,5,457,0.010940919037199124
2015Q3,18,7,457,0.015317286652078774
2015Q3,19,7,457,0.015317286652078774
2015Q3,20,13,457,0.028446389496717725
2015Q3,21,14,457,0.030634573304157548
2015Q3,22,8,457,0.0175054704595186
2015Q3,23,10,457,0.02188183807439825
2015Q3,24,11,457,0.024070021881838075
2015Q3,25,8,457,0.0175054704595186
2015Q3,26,6,457,0.01312910284463895
2015Q3,27,4,457,0.0087527352297593
2015Q3,28,8,457,0.0175054704595186
2015Q3,29,7,457,0.015317286652078774
2015Q3,30,4,457,0.0087527352297593
2015Q3,31,3,457,0.006564551422319475
2015Q3,32,12,457,0.0262582056892779
2015Q3,33,12,457,0.0262582056892779
2015Q3,34,8,457,0.0175054704595186
2015Q3,35,3,457,0.006564551422319475
2015Q3,36,9,457,0.019693654266958426
2015Q3,37,10,457,0.02188183807439825
2015Q3,38,9,457,0.019693654266958426
2015Q3,40,4,457,0.0087527352297593
2015Q3,41,3,457,0.006564551422319475
2015Q3,42,1,457,0.002188183807439825
2015Q3,43,5,457,0.010940919037199124
2015Q3,44,5,457,0.010940919037199124
2015Q3,45,5,457,0.010940919037199124
2015Q3,46,3,457,0.006564551422319475
2015Q3,47,3,457,0.006564551422319475
2015Q3,48,6,457,0.01312910284463895
2015Q3,49,7,457,0.015317286652078774
2015Q3,50,5,457,0.010940919037199124
2015Q3,51,1,457,0.002188183807439825
2015Q4,0,25,460,0.05434782608695652
2015Q4,1,17,460,0.03695652173913044
2015Q4,2,14,460,0.030434782608695653
2015Q4,3,21,460,0.04565217391304348
2015Q4,4,23,460,0.05
2015Q4,5,15,460,0.03260869565217391
2015Q4,6,18,460,0.0391304347826087
2015Q4,7,13,460,0.02826086956521739
2015Q4,8,9,460,0.01956521739130435
2015Q4,9,13,460,0.02826086956521739
2015Q4,10,6,460,0.013043478260869565
2015Q4,11,12,460,0.02608695652173913
2015Q4,12,9,460,0.01956521739130435
2015Q4,13,8,460,0.017391304347826087
2015Q4,14,7,460,0.015217391304347827
2015Q4,15,13,460,0.02826086956521739
2015Q4,16,13,460,0.02826086956521739
2015Q4,17,9,460,0.01956521739130435
2015Q4,18,12,460,0.02608695652173913
2015Q4,19,12,460,0.02608695652173913
2015Q4,20,6,460,0.013043478260869565
2015Q4,21,7,460,0.015217391304347827
2015Q4,22,4,460,0.008695652173913044
2015Q4,23,12,460,0.02608695652173913
2015Q4,24,7,460,0.015217391304347827
2015Q4,25,5,460,0.010869565217391304
2015Q4,26,13,460,0.02826086956521739
2015Q4,27,2,460,0.004347826086956522
2015Q4,28,10,460,0.021739130434782608
2015Q4,29,1,460,0.002173913043478261
2015Q4,30,11,460,0.02391304347826087
2015Q4,31,12,460,0.02608695652173913
2015Q4,32,6,460,0.013043478260869565
2015Q4,33,7,460,0.015217391304347827
2015Q4,34,10,460,0.021739130434782608
2015Q4,35,6,460,0.013043478260869565
2015Q4,36,2,460,0.004347826086956522
2015Q4,37,6,460,0.013043478260869565
2015Q4,38,11,460,0.02391304347826087
2015Q4,39,5,460,0.010869565217391304
2015Q4,40,4,460,0.008695652173913044
2015Q4,41,1,460,0.002173913043478261
2015Q4,42,3,460,0.006521739130434782
2015Q4,43,5,460,0.010869565217391304
2015Q4,44,3,460,0.006521739130434782
2015Q4,45,12,460,0.02608695652173913
2015Q4,46,5,460,0.010869565217391304
2015Q4,47,3,460,0.006521739130434782
2015Q4,48,4,460,0.008695652173913044
2015Q4,49,3,460,0.006521739130434782
2015Q4,50,2,460,0.004347826086956522
2015Q4,51,3,460,0.006521739130434782
2016Q1,0,22,454,0.048458149779735685
2016Q1,1,14,454,0.030837004405286344
2016Q1,2,18,454,0.039647577092511016
2016Q1,3,12,454,0.02643171806167401
2016Q1,4,20,454,0.04405286343612335
2016Q1,5,15,454,0.03303964757709251
2016Q1,6,16,454,0.03524229074889868
2016Q1,7,7,454,0.015418502202643172
2016Q1,8,11,454,0.024229074889867842
2016Q1,9,21,454,0.046255506607929514
2016Q1,10,12,454,0.02643171806167401
2016Q1,11,7,454,0.015418502202643172
2016Q1,12,15,454,0.03303964757709251
2016Q1,13,14,454,0.030837004405286344
2016Q1,14,9,454,0.019823788546255508
2016Q1,15,10,454,0.022026431718061675
2016Q1,16,9,454,0.019823788546255508
2016Q1,17,9,454,0.019823788546255508
2016Q1,18,12,454,0.02643171806167401
2016Q1,19,9,454,0.019823788546255508
2016Q1,20,8,454,0.01762114537444934
2016Q1,21,15,454,0.03303964757709251
2016Q1,22,10,454,0.022026431718061675
2016Q1,23,4,454,0.00881057268722467
2016Q1,24,8,454,0.01762114537444934
2016Q1,25,7,454,0.015418502202643172
2016Q1,26,11,454,0.024229074889867842
2016Q1,27,11,454,0.024229074889867842
2016Q1,28,7,454,0.015418502202643172
2016Q1,29,7,454,0.015418502202643172
2016Q1,30,6,454,0.013215859030837005
2016Q1,31,10,454,0.022026431718061675
2016Q1,32,8,454,0.01762114537444934
2016Q1,33,8,454,0.01762114537444934
2016Q1,34,9,454,0.019823788546255508
2016Q1,35,5,454,0.011013215859030838
2016Q1,36,8,454,0.01762114537444934
2016Q1,37,5,454,0.011013215859030838
2016Q1,38,7,454,0.015418502202643172
2016Q1,39,4,454,0.00881057268722467
2016Q1,41,2,454,0.004405286343612335
2016Q1,43,6,454,0.013215859030837005
2016Q1,44,4,454,0.00881057268722467
2016Q1,45,12,454,0.02643171806167401
2016Q1,46,2,454,0.004405286343612335
2016Q1,47,1,454,0.0022026431718061676
2016Q1,48,2,454,0.004405286343612335
2016Q1,50,3,454,0.006607929515418502
2016Q1,51,2,454,0.004405286343612335
2016Q2,0,26,447,0.058165548098434
2016Q2,1,14,447,0.03131991051454139
2016Q2,2,24,447,0.053691275167785234
2016Q2,3,19,447,0.042505592841163314
2016Q2,4,18,447,0.040268456375838924
2016Q2,5,10,447,0.02237136465324385
2016Q2,6,8,447,0.017897091722595078
2016Q2,7,15,447,0.03355704697986577
2016Q2,8,14,447,0.03131991051454139
2016Q2,9,6,447,0.013422818791946308
2016Q2,10,10,447,0.02237136465324385
2016Q2,11,11,447,0.024608501118568233
2016Q2,12,14,447,0.03131991051454139
2016Q2,13,7,447,0.015659955257270694
2016Q2,14,18,447,0.040268456375838924
2016Q2,15,7,447,0.015659955257270694
2016Q2,16,12,447,0.026845637583892617
2016Q2,17,6,447,0.013422818791946308
2016Q2,18,13,447,0.029082774049217
2016Q2,19,10,447,0.02237136465324385
2016Q2,20,17,447,0.03803131991051454
2016Q2,21,9,447,0.020134228187919462
2016Q2,22,10,447,0.02237136465324385
2016Q2,23,7,447,0.015659955257270694
2016Q2,24,4,447,0.008948545861297539
2016Q2,25,8,447,0.017897091722595078
2016Q2,26,6,447,0.013422818791946308
2016Q2,27,8,447,0.017897091722595078
2016Q2,28,7,447,0.015659955257270694
2016Q2,29,4,447,0.008948545861297539
2016Q2,30,5,447,0.011185682326621925
2016Q2,31,9,447,0.020134228187919462
2016Q2,32,9,447,0.020134228187919462
2016Q2,33,4,447,0.008948545861297539
2016Q2,34,7,447,0.015659955257270694
2016Q2,35,6,447,0.013422818791946308
2016Q2,36,8,447,0.017897091722595078
2016Q2,37,5,447,0.011185682326621925
2016Q2,38,2,447,0.0044742729306487695
2016Q2,39,4,447,0.008948545861297539
2016Q2,40,5,447,0.011185682326621925
2016Q2,41,6,447,0.013422818791946308
2016Q2,42,5,447,0.011185682326621925
2016Q2,43,6,447,0.013422818791946308
2016Q2,44,3,447,0.006711409395973154
2016Q2,45,3,447,0.006711409395973154
2016Q2,46,4,447,0.008948545861297539
2016Q2,48,2,447,0.0044742729306487695
2016Q2,49,2,447,0.0044742729306487695
2016Q2,50,6,447,0.013422818791946308
2016Q2,51,4,447,0.008948545861297539
2016Q3,0,35,450,0.07777777777777778
2016Q3,1,26,450,0.057777777777777775
2016Q3,2,11,450,0.024444444444444446
2016Q3,3,20,450,0.044444444444444446
2016Q3,4,14,450,0.03111111111111111
2016Q3,5,15,450,0.03333333333333333
2016Q3,6,16,450,0.035555555555555556
2016Q3,7,8,450,0.017777777777777778
2016Q3,8,14,450,0.03111111111111111
2016Q3,9,16,450,0.035555555555555556
2016Q3,10,16,450,0.035555555555555556
2016Q3,11,9,450,0.02
2016Q3,12,13,450,0.028888888888888888
2016Q3,13,11,450,0.024444444444444446
2016Q3,14,11,450,0.024444444444444446
2016Q3,15,6,450,0.013333333333333334
2016Q3,16,10,450,0.022222222222222223
2016Q3,17,8,450,0.017777777777777778
2016Q3,18,5,450,0.011111111111111112
2016Q3,19,8,450,0.017777777777777778
2016Q3,20,12,450,0.02666666666666667
2016Q3,21,15,450,0.03333333333333333
2016Q3,22,8,450,0.017777777777777778
2016Q3,23,6,450,0.013333333333333334
2016Q3,24,3,450,0.006666666666666667
2016Q3,25,11,450,0.024444444444444446
2016Q3,26,6,450,0.013333333333333334
2016Q3,27,3,450,0.006666666666666667
2016Q3,28,5,450,0.011111111111111112
2016Q3,29,3,450,0.006666666666666667
2016Q3,30,9,450,0.02
2016Q3,31,4,450,0.008888888888888889
2016Q3,32,5,450,0.011111111111111112
2016Q3,33,10,450,0.022222222222222223
2016Q3,34,11,450,0.024444444444444446
2016Q3,35,4,450,0.008888888888888889
2016Q3,36,4,450,0.008888888888888889
2016Q3,37,3,450,0.006666666666666667
2016Q3,38,4,450,0.008888888888888889
2016Q3,39,8,450,0.017777777777777778
2016Q3,40,2,450,0.0044444444444444444
2016Q3,41,2,450,0.0044444444444444444
2016Q3,42,5,450,0.011111111111111112
2016Q3,43,6,450,0.013333333333333334
2016Q3,44,2,450,0.0044444444444444444
2016Q3,45,2,450,0.0044444444444444444
2016Q3,46,2,450,0.0044444444444444444
2016Q3,47,3,450,0.006666666666666667
2016Q3,48,5,450,0.011111111111111112
2016Q3,49,4,450,0.008888888888888889
2016Q3,50,7,450,0.015555555555555555
2016Q3,51,4,450,0.008888888888888889
2016Q4,0,26,482,0.05394190871369295
2016Q4,1,17,482,0.035269709543568464
2016Q4,2,14,482,0.029045643153526972
2016Q4,3,20,482,0.04149377593360996
2016Q4,4,16,482,0.03319502074688797
2016Q4,5,20,482,0.04149377593360996
2016Q4,6,20,482,0.04149377593360996
2016Q4,7,26,482,0.05394190871369295
2016Q4,8,23,482,0.04771784232365145
2016Q4,9,14,482,0.029045643153526972
2016Q4,10,11,482,0.022821576763485476
2016Q4,11,16,482,0.03319502074688797
2016Q4,12,8,482,0.016597510373443983
2016Q4,13,14,482,0.029045643153526972
2016Q4,14,8,482,0.016597510373443983
2016Q4,15,6,482,0.012448132780082987
2016Q4,16,11,482,0.022821576763485476
2016Q4,17,13,482,0.026970954356846474
2016Q4,18,12,482,0.024896265560165973
2016Q4,19,7,482,0.014522821576763486
2016Q4,20,15,482,0.03112033195020747
2016Q4,21,9,482,0.01867219917012448
2016Q4,22,6,482,0.012448132780082987
2016Q4,23,8,482,0.016597510373443983
2016Q4,24,3,482,0.006224066390041493
2016Q4,25,9,482,0.01867219917012448
2016Q4,26,10,482,0.02074688796680498
2016Q4,27,4,482,0.008298755186721992
2016Q4,28,11,482,0.022821576763485476
2016Q4,29,3,482,0.006224066390041493
2016Q4,30,11,482,0.022821576763485476
2016Q4,31,11,482,0.022821576763485476
2016Q4,32,7,482,0.014522821576763486
2016Q4,33,1,482,0.002074688796680498
2016Q4,34,4,482,0.008298755186721992
2016Q4,35,6,482,0.012448132780082987
2016Q4,36,4,482,0.008298755186721992
2016Q4,37,8,482,0.016597510373443983
2016Q4,38,3,482,0.006224066390041493
2016Q4,39,7,482,0.014522821576763486
2016Q4,41,5,482,0.01037344398340249
2016Q4,42,5,482,0.01037344398340249
2016Q4,43,4,482,0.008298755186721992
2016Q4,44,6,482,0.012448132780082987
2016Q4,45,4,482,0.008298755186721992
2016Q4,46,2,482,0.004149377593360996
2016Q4,47,1,482,0.002074688796680498
2016Q4,48,2,482,0.004149377593360996
2016Q4,49,5,482,0.01037344398340249
2016Q4,50,3,482,0.006224066390041493
2016Q4,51,3,482,0.006224066390041493
2017Q1,0,24,478,0.0502092050209205
2017Q1,1,26,478,0.05439330543933055
2017Q1,2,15,478,0.03138075313807531
2017Q1,3,16,478,0.03347280334728033
2017Q1,4,16,478,0.03347280334728033
2017Q1,5,18,478,0.03765690376569038
2017Q1,6,12,478,0.02510460251046025
2017Q1,7,15,478,0.03138075313807531
2017Q1,8,13,478,0.027196652719665274
2017Q1,9,20,478,0.04184100418410042
2017Q1,10,14,478,0.029288702928870293
2017Q1,11,17,478,0.03556485355648536
2017Q1,12,10,478,0.02092050209205021
2017Q1,13,10,478,0.02092050209205021
2017Q1,14,9,478,0.01882845188284519
2017Q1,15,10,478,0.02092050209205021
2017Q1,16,14,478,0.029288702928870293
2017Q1,17,13,478,0.027196652719665274
2017Q1,18,8,478,0.016736401673640166
2017Q1,19,7,478,0.014644351464435146
2017Q1,20,6,478,0.012552301255230125
2017Q1,21,15,478,0.03138075313807531
2017Q1,22,6,478,0.012552301255230125
2017Q1,23,6,478,0.012552301255230125
2017Q1,24,5,478,0.010460251046025104
2017Q1,25,8,478,0.016736401673640166
2017Q1,26,9,478,0.01882845188284519
2017Q1,27,6,478,0.012552301255230125
2017Q1,28,10,478,0.02092050209205021
2017Q1,29,5,478,0.010460251046025104
2017Q1,30,5,478,0.010460251046025104
2017Q1,31,3,478,0.006276150627615063
2017Q1,32,4,478,0.008368200836820083
2017Q1,33,5,478,0.010460251046025104
2017Q1,34,13,478,0.027196652719665274
2017Q1,35,7,478,0.014644351464435146
2017Q1,36,5,478,0.010460251046025104
2017Q1,37,5,478,0.010460251046025104
2017Q1,38,11,478,0.02301255230125523
2017Q1,39,2,478,0.0041841004184100415
2017Q1,40,4,478,0.008368200836820083
2017Q1,41,10,478,0.02092050209205021
2017Q1,42,4,478,0.008368200836820083
2017Q1,43,10,478,0.02092050209205021
2017Q1,44,3,478,0.006276150627615063
2017Q1,45,1,478,0.0020920502092050207
2017Q1,46,4,478,0.008368200836820083
2017Q1,47,9,478,0.01882845188284519
2017Q1,48,6,478,0.012552301255230125
2017Q1,49,2,478,0.0041841004184100415
2017Q1,50,1,478,0.0020920502092050207
2017Q1,51,1,478,0.0020920502092050207
2017Q2,0,25,429,0.05827505827505827
2017Q2,1,18,429,0.04195804195804196
2017Q2,2,13,429,0.030303030303030304
2017Q2,3,29,429,0.0675990675990676
2017Q2,4,19,429,0.04428904428904429
2017Q2,5,22,429,0.05128205128205128
2017Q2,6,9,429,0.02097902097902098
2017Q2,7,10,429,0.023310023310023312
2017Q2,8,20,429,0.046620046620046623
2017Q2,9,14,429,0.03263403263403263
2017Q2,10,16,429,0.037296037296037296
2017Q2,11,15,429,0.03496503496503497
2017Q2,12,9,429,0.02097902097902098
2017Q2,13,6,429,0.013986013986013986
2017Q2,14,17,429,0.039627039627039624
2017Q2,15,7,429,0.016317016317016316
2017Q2,16,6,429,0.013986013986013986
2017Q2,17,8,429,0.018648018648018648
2017Q2,18,12,429,0.027972027972027972
2017Q2,19,10,429,0.023310023310023312
2017Q2,20,14,429,0.03263403263403263
2017Q2,21,4,429,0.009324009324009324
2017Q2,22,8,429,0.018648018648018648
2017Q2,23,7,429,0.016317016317016316
2017Q2,24,3,429,0.006993006993006993
2017Q2,25,5,429,0.011655011655011656
2017Q2,26,2,429,0.004662004662004662
2017Q2,27,4,429,0.009324009324009324
2017Q2,28,4,429,0.009324009324009324
2017Q2,29,2,429,0.004662004662004662
2017Q2,30,7,429,0.016317016317016316
2017Q2,31,4,429,0.009324009324009324
2017Q2,32,10,429,0.023310023310023312
2017Q2,33,13,429,0.030303030303030304
2017Q2,34,4,429,0.009324009324009324
2017Q2,35,3,429,0.006993006993006993
2017Q2,37,4,429,0.009324009324009324
2017Q2,38,4,429,0.009324009324009324
2017Q2,39,2,429,0.004662004662004662
2017Q2,40,4,429,0.009324009324009324
2017Q2,41,4,429,0.009324009324009324
2017Q2,42,6,429,0.013986013986013986
2017Q2,43,5,429,0.011655011655011656
2017Q2,44,4,429,0.009324009324009324
2017Q2,45,2,429,0.004662004662004662
2017Q2,47,3,429,0.006993006993006993
2017Q2,48,4,429,0.009324009324009324
2017Q2,49,1,429,0.002331002331002331
2017Q2,50,6,429,0.013986013986013986
2017Q2,51,1,429,0.002331002331002331
2017Q3,0,22,452,0.048672566371681415
2017Q3,1,27,452,0.059734513274336286
2017Q3,2,14,452,0.030973451327433628
2017Q3,3,17,452,0.03761061946902655
2017Q3,4,10,452,0.022123893805309734
2017Q3,5,15,452,0.033185840707964605
2017Q3,6,21,452,0.046460176991150445
2017Q3,7,12,452,0.02654867256637168
2017Q3,8,19,452,0.0420353982300885
2017Q3,9,8,452,0.017699115044247787
2017Q3,10,8,452,0.017699115044247787
2017Q3,11,12,452,0.02654867256637168
2017Q3,12,14,452,0.030973451327433628
2017Q3,13,8,452,0.017699115044247787
2017Q3,14,15,452,0.033185840707964605
2017Q3,15,11,452,0.024336283185840708
2017Q3,16,8,452,0.017699115044247787
2017Q3,17,14,452,0.030973451327433628
2017Q3,18,12,452,0.02654867256637168
2017Q3,19,15,452,0.033185840707964605
2017Q3,20,10,452,0.022123893805309734
2017Q3,21,11,452,0.024336283185840708
2017Q3,22,10,452,0.022123893805309734
2017Q3,23,10,452,0.022123893805309734
2017Q3,24,3,452,0.00663716814159292
2017Q3,25,7,452,0.015486725663716814
2017Q3,26,3,452,0.00663716814159292
2017Q3,27,8,452,0.017699115044247787
2017Q3,28,5,452,0.011061946902654867
2017Q3,29,8,452,0.017699115044247787
2017Q3,30,4,452,0.008849557522123894
2017Q3,31,5,452,0.011061946902654867
2017Q3,32,2,452,0.004424778761061947
2017Q3,33,11,452,0.024336283185840708
2017Q3,34,3,452,0.00663716814159292
2017Q3,35,2,452,0.004424778761061947
2017Q3,36,2,452,0.004424778761061947
2017Q3,37,7,452,0.015486725663716814
2017Q3,38,1,452,0.0022123893805309734
2017Q3,39,4,452,0.008849557522123894
2017Q3,40,7,452,0.015486725663716814
2017Q3,41,3,452,0.00663716814159292
2017Q3,42,7,452,0.015486725663716814
2017Q3,43,5,452,0.011061946902654867
2017Q3,44,2,452,0.004424778761061947
2017Q3,45,6,452,0.01327433628318584
2017Q3,46,1,452,0.0022123893805309734
2017Q3,47,3,452,0.00663716814159292
2017Q3,48,3,452,0.00663716814159292
2017Q3,49,8,452,0.017699115044247787
2017Q3,50,6,452,0.01327433628318584
2017Q3,51,3,452,0.00663716814159292
2017Q4,0,26,442,0.058823529411764705
2017Q4,1,21,442,0.04751131221719457
2017Q4,2,19,442,0.042986425339366516
2017Q4,3,21,442,0.04751131221719457
2017Q4,4,21,442,0.04751131221719457
2017Q4,5,14,442,0.03167420814479638
2017Q4,6,12,442,0.027149321266968326
2017Q4,7,12,442,0.027149321266968326
2017Q4,8,16,442,0.03619909502262444
2017Q4,9,14,442,0.03167420814479638
2017Q4,10,22,442,0.049773755656108594
2017Q4,11,13,442,0.029411764705882353
2017Q4,12,7,442,0.01583710407239819
2017Q4,13,7,442,0.01583710407239819
2017Q4,14,5,442,0.011312217194570135
2017Q4,15,15,442,0.033936651583710405
2017Q4,16,14,442,0.03167420814479638
2017Q4,17,16,442,0.03619909502262444
2017Q4,18,7,442,0.01583710407239819
2017Q4,19,5,442,0.011312217194570135
2017Q4,20,11,442,0.024886877828054297
2017Q4,21,4,442,0.00904977375565611
2017Q4,22,7,442,0.01583710407239819
2017Q4,23,11,442,0.024886877828054297
2017Q4,25,6,442,0.013574660633484163
2017Q4,26,7,442,0.01583710407239819
2017Q4,27,6,442,0.013574660633484163
2017Q4,28,6,442,0.013574660633484163
2017Q4,29,5,442,0.011312217194570135
2017Q4,30,3,442,0.006787330316742082
2017Q4,31,13,442,0.029411764705882353
2017Q4,32,4,442,0.00904977375565611
2017Q4,33,4,442,0.00904977375565611
2017Q4,34,4,442,0.00904977375565611
2017Q4,35,6,442,0.013574660633484163
2017Q4,36,1,442,0.0022624434389140274
2017Q4,37,5,442,0.011312217194570135
2017Q4,38,4,442,0.00904977375565611
2017Q4,39,4,442,0.00904977375565611
2017Q4,40,2,442,0.004524886877828055
2017Q4,41,2,442,0.004524886877828055
2017Q4,42,2,442,0.004524886877828055
2017Q4,43,3,442,0.006787330316742082
2017Q4,44,4,442,0.00904977375565611
2017Q4,45,13,442,0.029411764705882353
2017Q4,46,5,442,0.011312217194570135
2017Q4,47,1,442,0.0022624434389140274
2017Q4,48,3,442,0.006787330316742082
2017Q4,50,2,442,0.004524886877828055
2017Q4,51,7,442,0.01583710407239819
2018Q1,0,25,436,0.05733944954128441
2018Q1,1,13,436,0.02981651376146789
2018Q1,2,20,436,0.045871559633027525
2018Q1,3,19,436,0.04357798165137615
2018Q1,4,16,436,0.03669724770642202
2018Q1,5,7,436,0.016055045871559634
2018Q1,6,24,436,0.05504587155963303
2018Q1,7,19,436,0.04357798165137615
2018Q1,8,12,436,0.027522935779816515
2018Q1,9,16,436,0.03669724770642202
2018Q1,10,9,436,0.020642201834862386
2018Q1,11,14,436,0.03211009174311927
2018Q1,12,10,436,0.022935779816513763
2018Q1,13,13,436,0.02981651376146789
2018Q1,14,9,436,0.020642201834862386
2018Q1,15,10,436,0.022935779816513763
2018Q1,16,12,436,0.027522935779816515
2018Q1,17,13,436,0.02981651376146789
2018Q1,18,7,436,0.016055045871559634
2018Q1,19,10,436,0.022935779816513763
2018Q1,20,4,436,0.009174311926605505
2018Q1,21,4,436,0.009174311926605505
2018Q1,22,13,436,0.02981651376146789
2018Q1,23,12,436,0.027522935779816515
2018Q1,24,3,436,0.006880733944954129
2018Q1,25,7,436,0.016055045871559634
2018Q1,26,4,436,0.009174311926605505
2018Q1,27,8,436,0.01834862385321101
2018Q1,28,6,436,0.013761467889908258
2018Q1,29,2,436,0.0045871559633027525
2018Q1,30,10,436,0.022935779816513763
2018Q1,31,6,436,0.013761467889908258
2018Q1,32,5,436,0.011467889908256881
2018Q1,33,1,436,0.0022935779816513763
2018Q1,34,6,436,0.013761467889908258
2018Q1,35,11,436,0.02522935779816514
2018Q1,36,3,436,0.006880733944954129
2018Q1,37,5,436,0.011467889908256881
2018Q1,38,6,436,0.013761467889908258
2018Q1,39,5,436,0.011467889908256881
2018Q1,41,6,436,0.013761467889908258
2018Q1,42,12,436,0.027522935779816515
2018Q1,43,1,436,0.0022935779816513763
2018Q1,44,3,436,0.006880733944954129
2018Q1,45,3,436,0.006880733944954129
2018Q1,47,1,436,0.0022935779816513763
2018Q1,48,2,436,0.0045871559633027525
2018Q1,49,3,436,0.006880733944954129
2018Q1,50,2,436,0.0045871559633027525
2018Q1,51,4,436,0.009174311926605505
2018Q2,0,22,444,0.04954954954954955
2018Q2,1,18,444,0.04054054054054054
2018Q2,2,14,444,0.03153153153153153
2018Q2,3,21,444,0.0472972972972973
2018Q2,4,22,444,0.04954954954954955
2018Q2,5,18,444,0.04054054054054054
2018Q2,6,11,444,0.024774774774774775
2018Q2,7,14,444,0.03153153153153153
2018Q2,8,15,444,0.033783783783783786
2018Q2,9,10,444,0.02252252252252252
2018Q2,10,11,444,0.024774774774774775
2018Q2,11,11,444,0.024774774774774775
2018Q2,12,12,444,0.02702702702702703
2018Q2,13,12,444,0.02702702702702703
2018Q2,14,15,444,0.033783783783783786
2018Q2,15,15,444,0.033783783783783786
2018Q2,16,22,444,0.04954954954954955
2018Q2,17,4,444,0.009009009009009009
2018Q2,18,1,444,0.0022522522522522522
2018Q2,19,8,444,0.018018018018018018
2018Q2,20,9,444,0.02027027027027027
2018Q2,21,6,444,0.013513513513513514
2018Q2,22,5,444,0.01126126126126126
2018Q2,23,6,444,0.013513513513513514
2018Q2,24,2,444,0.0045045045045045045
2018Q2,25,10,444,0.02252252252252252
2018Q2,26,12,444,0.02702702702702703
2018Q2,27,2,444,0.0045045045045045045
2018Q2,28,11,444,0.024774774774774775
2018Q2,29,6,444,0.013513513513513514
2018Q2,30,6,444,0.013513513513513514
2018Q2,31,4,444,0.009009009009009009
2018Q2,32,3,444,0.006756756756756757
2018Q2,33,3,444,0.006756756756756757
2018Q2,34,4,444,0.009009009009009009
2018Q2,35,5,444,0.01126126126126126
2018Q2,36,3,444,0.006756756756756757
2018Q2,37,4,444,0.009009009009009009
2018Q2,38,5,444,0.01126126126126126
2018Q2,39,4,444,0.009009009009009009
2018Q2,40,10,444,0.02252252252252252
2018Q2,41,3,444,0.006756756756756757
2018Q2,42,14,444,0.03153153153153153
2018Q2,43,3,444,0.006756756756756757
2018Q2,44,8,444,0.018018018018018018
2018Q2,45,2,444,0.0045045045045045045
2018Q2,46,1,444,0.0022522522522522522
2018Q2,47,4,444,0.009009009009009009
2018Q2,48,6,444,0.013513513513513514
2018Q2,49,2,444,0.0045045045045045045
2018Q2,50,2,444,0.0045045045045045045
2018Q2,51,3,444,0.006756756756756757
2018Q3,0,17,431,0.03944315545243619
2018Q3,1,14,431,0.03248259860788863
2018Q3,2,21,431,0.048723897911832945
2018Q3,3,12,431,0.027842227378190254
2018Q3,4,20,431,0.04640371229698376
2018Q3,5,10,431,0.02320185614849188
2018Q3,6,17,431,0.03944315545243619
2018Q3,7,8,431,0.018561484918793503
2018Q3,8,16,431,0.037122969837587005
2018Q3,9,16,431,0.037122969837587005
2018Q3,10,10,431,0.02320185614849188
2018Q3,11,16,431,0.037122969837587005
2018Q3,12,20,431,0.04640371229698376
2018Q3,13,11,431,0.025522041763341066
2018Q3,14,7,431,0.016241299303944315
2018Q3,15,10,431,0.02320185614849188
2018Q3,16,11,431,0.025522041763341066
2018Q3,17,7,431,0.016241299303944315
2018Q3,18,3,431,0.0069605568445475635
2018Q3,19,7,431,0.016241299303944315
2018Q3,20,1,431,0.002320185614849188
2018Q3,21,9,431,0.02088167053364269
2018Q3,22,6,431,0.013921113689095127
2018Q3,23,13,431,0.030162412993039442
2018Q3,24,2,431,0.004640371229698376
2018Q3,25,8,431,0.018561484918793503
2018Q3,26,17,431,0.03944315545243619
2018Q3,27,10,431,0.02320185614849188
2018Q3,28,13,431,0.030162412993039442
2018Q3,29,5,431,0.01160092807424594
2018Q3,30,8,431,0.018561484918793503
2018Q3,31,4,431,0.009280742459396751
2018Q3,32,3,431,0.0069605568445475635
2018Q3,33,11,431,0.025522041763341066
2018Q3,34,6,431,0.013921113689095127
2018Q3,35,4,431,0.009280742459396751
2018Q3,36,6,431,0.013921113689095127
2018Q3,37,5,431,0.01160092807424594
2018Q3,38,5,431,0.01160092807424594
2018Q3,39,6,431,0.013921113689095127
2018Q3,40,5,431,0.01160092807424594
2018Q3,41,12,431,0.027842227378190254
2018Q3,42,1,431,0.002320185614849188
2018Q3,43,3,431,0.0069605568445475635
2018Q3,44,1,431,0.002320185614849188
2018Q3,45,2,431,0.004640371229698376
2018Q3,47,3,431,0.0069605568445475635
2018Q3,48,2,431,0.004640371229698376
2018Q3,49,4,431,0.009280742459396751
2018Q3,50,2,431,0.004640371229698376
2018Q3,51,1,431,0.002320185614849188
2018Q4,0,18,483,0.037267080745341616
2018Q4,1,28,483,0.057971014492753624
2018Q4,2,16,483,0.033126293995859216
2018Q4,3,19,483,0.039337474120082816
2018Q4,4,12,483,0.024844720496894408
2018Q4,5,27,483,0.055900621118012424
2018Q4,6,15,483,0.031055900621118012
2018Q4,7,14,483,0.028985507246376812
2018Q4,8,21,483,0.043478260869565216
2018Q4,9,12,483,0.024844720496894408
2018Q4,10,26,483,0.053830227743271224
2018Q4,11,18,483,0.037267080745341616
2018Q4,12,7,483,0.014492753623188406
2018Q4,13,10,483,0.020703933747412008
2018Q4,14,10,483,0.020703933747412008
2018Q4,15,10,483,0.020703933747412008
2018Q4,16,6,483,0.012422360248447204
2018Q4,17,12,483,0.024844720496894408
2018Q4,18,17,483,0.035196687370600416
2018Q4,19,7,483,0.014492753623188406
2018Q4,20,5,483,0.010351966873706004
2018Q4,21,14,483,0.028985507246376812
2018Q4,22,9,483,0.018633540372670808
2018Q4,23,14,483,0.028985507246376812
2018Q4,24,1,483,0.002070393374741201
2018Q4,25,8,483,0.016563146997929608
2018Q4,26,8,483,0.016563146997929608
2018Q4,27,10,483,0.020703933747412008
2018Q4,28,6,483,0.012422360248447204
2018Q4,29,6,483,0.012422360248447204
2018Q4,30,5,483,0.010351966873706004
2018Q4,31,17,483,0.035196687370600416
2018Q4,32,7,483,0.014492753623188406
2018Q4,33,1,483,0.002070393374741201
2018Q4,34,4,483,0.008281573498964804
2018Q4,35,7,483,0.014492753623188406
2018Q4,36,1,483,0.002070393374741201
2018Q4,37,4,483,0.008281573498964804
2018Q4,38,8,483,0.016563146997929608
2018Q4,39,3,483,0.006211180124223602
2018Q4,40,2,483,0.004140786749482402
2018Q4,41,4,483,0.008281573498964804
2018Q4,42,2,483,0.004140786749482402
2018Q4,43,2,483,0.004140786749482402
2018Q4,44,6,483,0.012422360248447204
2018Q4,45,8,483,0.016563146997929608
2018Q4,46,7,483,0.014492753623188406
2018Q4,47,2,483,0.004140786749482402
2018Q4,48,2,483,0.004140786749482402
2018Q4,49,3,483,0.006211180124223602
2018Q4,51,2,483,0.004140786749482402
2019Q1,0,20,455,0.04395604395604396
2019Q1,1,14,455,0.03076923076923077
2019Q1,2,5,455,0.01098901098901099
2019Q1,3,16,455,0.035164835164835165
2019Q1,4,26,455,0.05714285714285714
2019Q1,5,17,455,0.03736263736263736
2019Q1,6,14,455,0.03076923076923077
2019Q1,7,10,455,0.02197802197802198
2019Q1,8,12,455,0.026373626373626374
2019Q1,9,16,455,0.035164835164835165
2019Q1,10,30,455,0.06593406593406594
2019Q1,11,14,455,0.03076923076923077
2019Q1,12,16,455,0.035164835164835165
2019Q1,13,12,455,0.026373626373626374
2019Q1,14,8,455,0.017582417582417582
2019Q1,15,7,455,0.015384615384615385
2019Q1,16,11,455,0.024175824175824177
2019Q1,17,12,455,0.026373626373626374
2019Q1,18,4,455,0.008791208791208791
2019Q1,19,6,455,0.013186813186813187
2019Q1,20,11,455,0.024175824175824177
2019Q1,21,5,455,0.01098901098901099
2019Q1,22,7,455,0.015384615384615385
2019Q1,23,12,455,0.026373626373626374
2019Q1,24,4,455,0.008791208791208791
2019Q1,25,2,455,0.004395604395604396
2019Q1,26,6,455,0.013186813186813187
2019Q1,27,4,455,0.008791208791208791
2019Q1,28,5,455,0.01098901098901099
2019Q1,29,4,455,0.008791208791208791
2019Q1,30,8,455,0.017582417582417582
2019Q1,31,8,455,0.017582417582417582
2019Q1,32,4,455,0.008791208791208791
2019Q1,33,3,455,0.006593406593406593
2019Q1,34,12,455,0.026373626373626374
2019Q1,35,4,455,0.008791208791208791
2019Q1,36,7,455,0.015384615384615385
2019Q1,37,5,455,0.01098901098901099
2019Q1,38,6,455,0.013186813186813187
2019Q1,39,13,455,0.02857142857142857
2019Q1,40,2,455,0.004395604395604396
2019Q1,41,9,455,0.01978021978021978
2019Q1,42,5,455,0.01098901098901099
2019Q1,43,8,455,0.017582417582417582
2019Q1,44,9,455,0.01978021978021978
2019Q1,45,2,455,0.004395604395604396
2019Q1,46,4,455,0.008791208791208791
2019Q1,47,6,455,0.013186813186813187
2019Q1,48,3,455,0.006593406593406593
2019Q1,49,4,455,0.008791208791208791
2019Q1,50,1,455,0.002197802197802198
2019Q1,51,2,455,0.004395604395604396
2019Q2,0,27,449,0.060133630289532294
2019Q2,1,18,449,0.0400890868596882
2019Q2,2,17,449,0.0378619153674833
2019Q2,3,5,449,0.011135857461024499
2019Q2,4,26,449,0.05790645879732739
2019Q2,5,16,449,0.035634743875278395
2019Q2,6,6,449,0.013363028953229399
2019Q2,7,20,449,0.044543429844097995
2019Q2,8,15,449,0.0334075723830735
2019Q2,9,12,449,0.026726057906458798
2019Q2,10,19,449,0.042316258351893093
2019Q2,11,14,449,0.031180400890868598
2019Q2,12,9,449,0.0200445434298441
2019Q2,13,20,449,0.044543429844097995
2019Q2,14,10,449,0.022271714922048998
2019Q2,15,6,449,0.013363028953229399
2019Q2,16,16,449,0.035634743875278395
2019Q2,17,7,449,0.015590200445434299
2019Q2,18,8,449,0.017817371937639197
2019Q2,19,15,449,0.0334075723830735
2019Q2,20,7,449,0.015590200445434299
2019Q2,21,12,449,0.026726057906458798
2019Q2,22,11,449,0.024498886414253896
2019Q2,23,6,449,0.013363028953229399
2019Q2,24,4,449,0.008908685968819599
2019Q2,25,7,449,0.015590200445434299
2019Q2,26,11,449,0.024498886414253896
2019Q2,27,1,449,0.0022271714922048997
2019Q2,28,4,449,0.008908685968819599
2019Q2,30,5,449,0.011135857461024499
2019Q2,31,4,449,0.008908685968819599
2019Q2,32,4,449,0.008908685968819599
2019Q2,33,4,449,0.008908685968819599
2019Q2,34,5,449,0.011135857461024499
2019Q2,35,5,449,0.011135857461024499
2019Q2,36,6,449,0.013363028953229399
2019Q2,37,3,449,0.0066815144766146995
2019Q2,38,7,449,0.015590200445434299
2019Q2,39,8,449,0.017817371937639197
2019Q2,40,9,449,0.0200445434298441
2019Q2,41,11,449,0.024498886414253896
2019Q2,42,3,449,0.0066815144766146995
2019Q2,43,6,449,0.013363028953229399
2019Q2,44,4,449,0.008908685968819599
2019Q2,46,2,449,0.004454342984409799
2019Q2,47,3,449,0.0066815144766146995
2019Q2,48,1,449,0.0022271714922048997
2019Q2,49,3,449,0.0066815144766146995
2019Q2,50,3,449,0.0066815144766146995
2019Q2,51,4,449,0.008908685968819599
2019Q3,0,13,445,0.029213483146067417
2019Q3,1,15,445,0.033707865168539325
2019Q3,2,32,445,0.07191011235955057
2019Q3,3,33,445,0.07415730337078652
2019Q3,4,11,445,0.024719101123595506
2019Q3,5,7,445,0.015730337078651686
2019Q3,6,17,445,0.038202247191011236
2019Q3,7,15,445,0.033707865168539325
2019Q3,8,9,445,0.020224719101123594
2019Q3,9,16,445,0.035955056179775284
2019Q3,10,15,445,0.033707865168539325
2019Q3,11,12,445,0.02696629213483146
2019Q3,12,9,445,0.020224719101123594
2019Q3,13,15,445,0.033707865168539325
2019Q3,14,13,445,0.029213483146067417
2019Q3,15,7,445,0.015730337078651686
2019Q3,16,5,445,0.011235955056179775
2019Q3,17,7,445,0.015730337078651686
2019Q3,18,9,445,0.020224719101123594
2019Q3,19,8,445,0.017977528089887642
2019Q3,20,5,445,0.011235955056179775
2019Q3,21,16,445,0.035955056179775284
2019Q3,22,13,445,0.029213483146067417
2019Q3,23,9,445,0.020224719101123594
2019Q3,24,5,445,0.011235955056179775
2019Q3,25,8,445,0.017977528089887642
2019Q3,26,4,445,0.008988764044943821
2019Q3,27,6,445,0.01348314606741573
2019Q3,28,7,445,0.015730337078651686
2019Q3,29,1,445,0.0022471910112359553
2019Q3,30,3,445,0.006741573033707865
2019Q3,31,3,445,0.006741573033707865
2019Q3,32,11,445,0.024719101123595506
2019Q3,33,4,445,0.008988764044943821
2019Q3,34,4,445,0.008988764044943821
2019Q3,35,2,445,0.0044943820224719105
2019Q3,36,6,445,0.01348314606741573
2019Q3,37,8,445,0.017977528089887642
2019Q3,38,6,445,0.01348314606741573
2019Q3,39,6,445,0.01348314606741573
2019Q3,40,4,445,0.008988764044943821
2019Q3,41,10,445,0.02247191011235955
2019Q3,42,4,445,0.008988764044943821
2019Q3,43,4,445,0.008988764044943821
2019Q3,44,2,445,0.0044943820224719105
2019Q3,45,4,445,0.008988764044943821
2019Q3,46,10,445,0.02247191011235955
2019Q3,47,2,445,0.0044943820224719105
2019Q3,48,1,445,0.0022471910112359553
2019Q3,49,3,445,0.006741573033707865
2019Q3,50,3,445,0.006741573033707865
2019Q3,51,3,445,0.006741573033707865
2019Q4,0,20,470,0.0425531914893617
2019Q4,1,20,470,0.0425531914893617
2019Q4,2,23,470,0.04893617021276596
2019Q4,3,13,470,0.027659574468085105
2019Q4,4,7,470,0.014893617021276596
2019Q4,5,8,470,0.01702127659574468
2019Q4,6,17,470,0.036170212765957444
2019Q4,7,19,470,0.04042553191489362
2019Q4,8,12,470,0.02553191489361702
2019Q4,9,14,470,0.029787234042553193
2019Q4,10,15,470,0.031914893617021274
2019Q4,11,10,470,0.02127659574468085
2019Q4,12,19,470,0.04042553191489362
2019Q4,13,6,470,0.01276595744680851
2019Q4,14,4,470,0.00851063829787234
2019Q4,15,11,470,0.023404255319148935
2019Q4,16,8,470,0.01702127659574468
2019Q4,17,7,470,0.014893617021276596
2019Q4,18,5,470,0.010638297872340425
2019Q4,19,4,470,0.00851063829787234
2019Q4,20,15,470,0.031914893617021274
2019Q4,21,24,470,0.05106382978723404
2019Q4,22,8,470,0.01702127659574468
2019Q4,23,11,470,0.023404255319148935
2019Q4,24,5,470,0.010638297872340425
2019Q4,25,8,470,0.01702127659574468
2019Q4,26,7,470,0.014893617021276596
2019Q4,27,9,470,0.019148936170212766
2019Q4,28,6,470,0.01276595744680851
2019Q4,29,10,470,0.02127659574468085
2019Q4,30,10,470,0.02127659574468085
2019Q4,31,7,470,0.014893617021276596
2019Q4,32,6,470,0.01276595744680851
2019Q4,33,4,470,0.00851063829787234
2019Q4,34,4,470,0.00851063829787234
2019Q4,35,7,470,0.014893617021276596
2019Q4,36,4,470,0.00851063829787234
2019Q4,37,18,470,0.03829787234042553
2019Q4,38,5,470,0.010638297872340425
2019Q4,39,7,470,0.014893617021276596
2019Q4,40,4,470,0.00851063829787234
2019Q4,41,5,470,0.010638297872340425
2019Q4,42,2,470,0.00425531914893617
2019Q4,43,9,470,0.019148936170212766
2019Q4,44,3,470,0.006382978723404255
2019Q4,45,3,470,0.006382978723404255
2019Q4,46,3,470,0.006382978723404255
2019Q4,47,11,470,0.023404255319148935
2019Q4,48,1,470,0.002127659574468085
2019Q4,49,2,470,0.00425531914893617
2019Q4,50,4,470,0.00851063829787234
2019Q4,51,6,470,0.01276595744680851
2020Q1,0,32,439,0.07289293849658314
2020Q1,1,11,439,0.025056947608200455
2020Q1,2,24,439,0.05466970387243736
2020Q1,3,15,439,0.03416856492027335
2020Q1,4,14,439,0.03189066059225513
2020Q1,5,12,439,0.02733485193621868
2020Q1,6,13,439,0.029612756264236904
2020Q1,7,9,439,0.02050113895216401
2020Q1,8,17,439,0.0387243735763098
2020Q1,9,16,439,0.03644646924829157
2020Q1,10,15,439,0.03416856492027335
2020Q1,11,15,439,0.03416856492027335
2020Q1,12,8,439,0.018223234624145785
2020Q1,13,5,439,0.011389521640091117
2020Q1,14,5,439,0.011389521640091117
2020Q1,15,12,439,0.02733485193621868
2020Q1,16,7,439,0.015945330296127564
2020Q1,17,8,439,0.018223234624145785
2020Q1,18,13,439,0.029612756264236904
2020Q1,19,15,439,0.03416856492027335
2020Q1,20,3,439,0.00683371298405467
2020Q1,21,3,439,0.00683371298405467
2020Q1,22,12,439,0.02733485193621868
2020Q1,23,12,439,0.02733485193621868
2020Q1,24,1,439,0.002277904328018223
2020Q1,25,8,439,0.018223234624145785
2020Q1,27,7,439,0.015945330296127564
2020Q1,28,7,439,0.015945330296127564
2020Q1,29,6,439,0.01366742596810934
2020Q1,30,6,439,0.01366742596810934
2020Q1,31,9,439,0.02050113895216401
2020Q1,32,3,439,0.00683371298405467
2020Q1,33,2,439,0.004555808656036446
2020Q1,34,13,439,0.029612756264236904
2020Q1,35,3,439,0.00683371298405467
2020Q1,36,4,439,0.009111617312072893
2020Q1,37,2,439,0.004555808656036446
2020Q1,38,5,439,0.011389521640091117
2020Q1,39,7,439,0.015945330296127564
2020Q1,40,2,439,0.004555808656036446
2020Q1,41,5,439,0.011389521640091117
2020Q1,42,5,439,0.011389521640091117
2020Q1,43,8,439,0.018223234624145785
2020Q1,44,5,439,0.011389521640091117
2020Q1,45,2,439,0.004555808656036446
2020Q1,46,7,439,0.015945330296127564
2020Q1,47,8,439,0.018223234624145785
2020Q1,48,7,439,0.015945330296127564
2020Q1,49,7,439,0.015945330296127564
2020Q1,50,3,439,0.00683371298405467
2020Q1,51,1,439,0.002277904328018223
2020Q2,0,29,430,0.06744186046511629
2020Q2,1,13,430,0.030232558139534883
2020Q2,2,24,430,0.05581395348837209
2020Q2,3,20,430,0.046511627906976744
2020Q2,4,19,430,0.044186046511627906
2020Q2,5,13,430,0.030232558139534883
2020Q2,6,21,430,0.04883720930232558
2020Q2,7,9,430,0.020930232558139535
2020Q2,8,6,430,0.013953488372093023
2020Q2,9,11,430,0.02558139534883721
2020Q2,10,9,430,0.020930232558139535
2020Q2,11,26,430,0.06046511627906977
2020Q2,12,7,430,0.01627906976744186
2020Q2,13,8,430,0.018604651162790697
2020Q2,14,5,430,0.011627906976744186
2020Q2,15,1,430,0.002325581395348837
2020Q2,16,8,430,0.018604651162790697
2020Q2,17,10,430,0.023255813953488372
2020Q2,18,9,430,0.020930232558139535
2020Q2,19,4,430,0.009302325581395349
2020Q2,20,3,430,0.0069767441860465115
2020Q2,21,12,430,0.027906976744186046
2020Q2,22,5,430,0.011627906976744186
2020Q2,23,4,430,0.009302325581395349
2020Q2,24,5,430,0.011627906976744186
2020Q2,25,10,430,0.023255813953488372
2020Q2,26,6,430,0.013953488372093023
2020Q2,27,1,430,0.002325581395348837
2020Q2,28,2,430,0.004651162790697674
2020Q2,29,6,430,0.013953488372093023
2020Q2,30,5,430,0.011627906976744186
2020Q2,31,9,430,0.020930232558139535
2020Q2,32,5,430,0.011627906976744186
2020Q2,33,4,430,0.009302325581395349
2020Q2,34,4,430,0.009302325581395349
2020Q2,35,5,430,0.011627906976744186
2020Q2,36,10,430,0.023255813953488372
2020Q2,37,1,430,0.002325581395348837
2020Q2,38,5,430,0.011627906976744186
2020Q2,39,12,430,0.027906976744186046
2020Q2,40,4,430,0.009302325581395349
2020Q2,41,23,430,0.053488372093023255
2020Q2,42,3,430,0.0069767441860465115
2020Q2,43,3,430,0.0069767441860465115
2020Q2,44,8,430,0.018604651162790697
2020Q2,45,2,430,0.004651162790697674
2020Q2,46,4,430,0.009302325581395349
2020Q2,47,11,430,0.02558139534883721
2020Q2,48,1,430,0.002325581395348837
2020Q2,49,2,430,0.004651162790697674
2020Q2,50,2,430,0.004651162790697674
2020Q2,51,1,430,0.002325581395348837
2020Q3,0,23,429,0.053613053613053616
2020Q3,1,31,429,0.07226107226107226
2020Q3,2,19,429,0.04428904428904429
2020Q3,3,12,429,0.027972027972027972
2020Q3,4,7,429,0.016317016317016316
2020Q3,5,10,429,0.023310023310023312
2020Q3,6,28,429,0.06526806526806526
2020Q3,7,5,429,0.011655011655011656
2020Q3,8,14,429,0.03263403263403263
2020Q3,9,14,429,0.03263403263403263
2020Q3,10,8,429,0.018648018648018648
2020Q3,11,13,429,0.030303030303030304
2020Q3,12,16,429,0.037296037296037296
2020Q3,13,7,429,0.016317016317016316
2020Q3,14,11,429,0.02564102564102564
2020Q3,15,6,429,0.013986013986013986
2020Q3,16,10,429,0.023310023310023312
2020Q3,17,13,429,0.030303030303030304
2020Q3,18,5,429,0.011655011655011656
2020Q3,19,6,429,0.013986013986013986
2020Q3,20,10,429,0.023310023310023312
2020Q3,21,9,429,0.02097902097902098
2020Q3,22,16,429,0.037296037296037296
2020Q3,23,9,429,0.02097902097902098
2020Q3,25,8,429,0.018648018648018648
2020Q3,26,1,429,0.002331002331002331
2020Q3,27,7,429,0.016317016317016316
2020Q3,28,2,429,0.004662004662004662
2020Q3,29,3,429,0.006993006993006993
2020Q3,30,10,429,0.023310023310023312
2020Q3,31,5,429,0.011655011655011656
2020Q3,32,3,429,0.006993006993006993
2020Q3,33,3,429,0.006993006993006993
2020Q3,34,5,429,0.011655011655011656
2020Q3,35,3,429,0.006993006993006993
2020Q3,36,2,429,0.004662004662004662
2020Q3,37,10,429,0.023310023310023312
2020Q3,38,6,429,0.013986013986013986
2020Q3,39,7,429,0.016317016317016316
2020Q3,40,18,429,0.04195804195804196
2020Q3,41,7,429,0.016317016317016316
2020Q3,42,3,429,0.006993006993006993
2020Q3,44,4,429,0.009324009324009324
2020Q3,45,7,429,0.016317016317016316
2020Q3,46,2,429,0.004662004662004662
2020Q3,47,1,429,0.002331002331002331
2020Q3,48,1,429,0.002331002331002331
2020Q3,49,2,429,0.004662004662004662
2020Q3,50,6,429,0.013986013986013986
2020Q3,51,1,429,0.002331002331002331
2020Q4,0,28,445,0.06292134831460675
2020Q4,1,23,445,0.051685393258426963
2020Q4,2,11,445,0.024719101123595506
2020Q4,3,16,445,0.035955056179775284
2020Q4,4,16,445,0.035955056179775284
2020Q4,5,13,445,0.029213483146067417
2020Q4,6,16,445,0.035955056179775284
2020Q4,7,13,445,0.029213483146067417
2020Q4,8,16,445,0.035955056179775284
2020Q4,9,9,445,0.020224719101123594
2020Q4,10,11,445,0.024719101123595506
2020Q4,11,12,445,0.02696629213483146
2020Q4,12,11,445,0.024719101123595506
2020Q4,13,7,445,0.015730337078651686
2020Q4,14,10,445,0.02247191011235955
2020Q4,15,11,445,0.024719101123595506
2020Q4,16,5,445,0.011235955056179775
2020Q4,17,12,445,0.02696629213483146
2020Q4,18,8,445,0.017977528089887642
2020Q4,19,8,445,0.017977528089887642
2020Q4,20,10,445,0.02247191011235955
2020Q4,21,9,445,0.020224719101123594
2020Q4,22,1,445,0.0022471910112359553
2020Q4,23,10,445,0.02247191011235955
2020Q4,24,6,445,0.01348314606741573
2020Q4,25,10,445,0.02247191011235955
2020Q4,26,2,445,0.0044943820224719105
2020Q4,27,9,445,0.020224719101123594
2020Q4,28,13,445,0.029213483146067417
2020Q4,29,8,445,0.017977528089887642
2020Q4,30,7,445,0.015730337078651686
2020Q4,31,12,445,0.02696629213483146
2020Q4,32,7,445,0.015730337078651686
2020Q4,33,6,445,0.01348314606741573
2020Q4,34,7,445,0.015730337078651686
2020Q4,35,5,445,0.011235955056179775
2020Q4,36,3,445,0.006741573033707865
2020Q4,37,4,445,0.008988764044943821
2020Q4,38,12,445,0.02696629213483146
2020Q4,39,10,445,0.02247191011235955
2020Q4,40,5,445,0.011235955056179775
2020Q4,41,5,445,0.011235955056179775
2020Q4,42,7,445,0.015730337078651686
2020Q4,43,1,445,0.0022471910112359553
2020Q4,44,2,445,0.0044943820224719105
2020Q4,45,3,445,0.006741573033707865
2020Q4,47,7,445,0.015730337078651686
2020Q4,48,3,445,0.006741573033707865
2020Q4,49,1,445,0.0022471910112359553
2020Q4,50,2,445,0.0044943820224719105
2020Q4,51,2,445,0.0044943820224719105
2021Q1,0,41,438,0.09360730593607305
2021Q1,1,19,438,0.04337899543378995
2021Q1,2,31,438,0.07077625570776255
2021Q1,3,16,438,0.0365296803652968
2021Q1,4,18,438,0.0410958904109589
2021Q1,5,15,438,0.03424657534246575
2021Q1,6,20,438,0.045662100456621
2021Q1,7,16,438,0.0365296803652968
2021Q1,8,21,438,0.04794520547945205
2021Q1,9,12,438,0.0273972602739726
2021Q1,10,7,438,0.01598173515981735
2021Q1,11,11,438,0.02511415525114155
2021Q1,12,9,438,0.02054794520547945
2021Q1,13,13,438,0.02968036529680365
2021Q1,14,6,438,0.0136986301369863
2021Q1,15,9,438,0.02054794520547945
2021Q1,16,8,438,0.0182648401826484
2021Q1,17,9,438,0.02054794520547945
2021Q1,18,5,438,0.01141552511415525
2021Q1,19,9,438,0.02054794520547945
2021Q1,20,8,438,0.0182648401826484
2021Q1,21,6,438,0.0136986301369863
2021Q1,22,4,438,0.0091324200913242
2021Q1,23,13,438,0.02968036529680365
2021Q1,24,7,438,0.01598173515981735
2021Q1,25,4,438,0.0091324200913242
2021Q1,26,2,438,0.0045662100456621
2021Q1,27,4,438,0.0091324200913242
2021Q1,28,4,438,0.0091324200913242
2021Q1,29,7,438,0.01598173515981735
2021Q1,30,3,438,0.00684931506849315
2021Q1,31,2,438,0.0045662100456621
2021Q1,32,10,438,0.0228310502283105
2021Q1,33,3,438,0.00684931506849315
2021Q1,34,3,438,0.00684931506849315
2021Q1,35,9,438,0.02054794520547945
2021Q1,36,3,438,0.00684931506849315
2021Q1,37,5,438,0.01141552511415525
2021Q1,38,2,438,0.0045662100456621
2021Q1,39,4,438,0.0091324200913242
2021Q1,40,2,438,0.0045662100456621
2021Q1,41,7,438,0.01598173515981735
2021Q1,42,3,438,0.00684931506849315
2021Q1,43,5,438,0.01141552511415525
2021Q1,44,5,438,0.01141552511415525
2021Q1,45,1,438,0.00228310502283105
2021Q1,47,3,438,0.00684931506849315
2021Q1,48,5,438,0.01141552511415525
2021Q1,49,4,438,0.0091324200913242
2021Q1,50,2,438,0.0045662100456621
2021Q1,51,3,438,0.00684931506849315
2021Q2,0,20,351,0.05698005698005698
2021Q2,1,12,351,0.03418803418803419
2021Q2,2,22,351,0.06267806267806268
2021Q2,3,23,351,0.06552706552706553
2021Q2,4,22,351,0.06267806267806268
2021Q2,5,17,351,0.04843304843304843
2021Q2,6,13,351,0.037037037037037035
2021Q2,7,4,351,0.011396011396011397
2021Q2,8,12,351,0.03418803418803419
2021Q2,9,4,351,0.011396011396011397
2021Q2,10,5,351,0.014245014245014245
2021Q2,11,3,351,0.008547008547008548
2021Q2,12,9,351,0.02564102564102564
2021Q2,13,7,351,0.019943019943019943
2021Q2,14,8,351,0.022792022792022793
2021Q2,15,5,351,0.014245014245014245
2021Q2,16,7,351,0.019943019943019943
2021Q2,17,7,351,0.019943019943019943
2021Q2,18,12,351,0.03418803418803419
2021Q2,19,5,351,0.014245014245014245
2021Q2,20,9,351,0.02564102564102564
2021Q2,21,4,351,0.011396011396011397
2021Q2,22,4,351,0.011396011396011397
2021Q2,23,7,351,0.019943019943019943
2021Q2,24,1,351,0.002849002849002849
2021Q2,25,6,351,0.017094017094017096
2021Q2,27,6,351,0.017094017094017096
2021Q2,28,3,351,0.008547008547008548
2021Q2,29,6,351,0.017094017094017096
2021Q2,30,6,351,0.017094017094017096
2021Q2,31,2,351,0.005698005698005698
2021Q2,32,4,351,0.011396011396011397
2021Q2,33,4,351,0.011396011396011397
2021Q2,34,7,351,0.019943019943019943
2021Q2,35,11,351,0.03133903133903134
2021Q2,36,1,351,0.002849002849002849
2021Q2,37,2,351,0.005698005698005698
2021Q2,39,5,351,0.014245014245014245
2021Q2,40,6,351,0.017094017094017096
2021Q2,41,4,351,0.011396011396011397
2021Q2,42,3,351,0.008547008547008548
2021Q2,43,12,351,0.03418803418803419
2021Q2,44,1,351,0.002849002849002849
2021Q2,45,4,351,0.011396011396011397
2021Q2,46,2,351,0.005698005698005698
2021Q2,47,4,351,0.011396011396011397
2021Q2,48,5,351,0.014245014245014245
2021Q2,49,3,351,0.008547008547008548
2021Q2,50,2,351,0.005698005698005698
2021Q3,0,12,337,0.03560830860534125
2021Q3,1,26,337,0.0771513353115727
2021Q3,2,13,337,0.03857566765578635
2021Q3,3,17,337,0.050445103857566766
2021Q3,4,12,337,0.03560830860534125
2021Q3,5,14,337,0.04154302670623145
2021Q3,6,13,337,0.03857566765578635
2021Q3,7,15,337,0.04451038575667656
2021Q3,8,8,337,0.02373887240356083
2021Q3,9,9,337,0.026706231454005934
2021Q3,10,9,337,0.026706231454005934
2021Q3,11,1,337,0.002967359050445104
2021Q3,12,9,337,0.026706231454005934
2021Q3,13,16,337,0.04747774480712166
2021Q3,14,5,337,0.01483679525222552
2021Q3,15,4,337,0.011869436201780416
2021Q3,16,8,337,0.02373887240356083
2021Q3,17,7,337,0.020771513353115726
2021Q3,18,2,337,0.005934718100890208
2021Q3,19,4,337,0.011869436201780416
2021Q3,20,2,337,0.005934718100890208
2021Q3,21,12,337,0.03560830860534125
2021Q3,22,8,337,0.02373887240356083
2021Q3,23,5,337,0.01483679525222552
2021Q3,24,5,337,0.01483679525222552
2021Q3,25,6,337,0.017804154302670624
2021Q3,27,2,337,0.005934718100890208
2021Q3,28,2,337,0.005934718100890208
2021Q3,30,6,337,0.017804154302670624
2021Q3,32,3,337,0.008902077151335312
2021Q3,33,11,337,0.032640949554896145
2021Q3,34,6,337,0.017804154302670624
2021Q3,35,1,337,0.002967359050445104
2021Q3,36,9,337,0.026706231454005934
2021Q3,37,4,337,0.011869436201780416
2021Q3,38,5,337,0.01483679525222552
2021Q3,39,4,337,0.011869436201780416
2021Q3,40,18,337,0.05341246290801187
2021Q3,41,4,337,0.011869436201780416
2021Q3,43,2,337,0.005934718100890208
2021Q3,45,3,337,0.008902077151335312
2021Q3,46,2,337,0.005934718100890208
2021Q3,47,1,337,0.002967359050445104
2021Q3,49,2,337,0.005934718100890208
2021Q3,50,6,337,0.017804154302670624
2021Q3,51,4,337,0.011869436201780416
2021Q4,0,21,305,0.06885245901639345
2021Q4,1,13,305,0.04262295081967213
2021Q4,2,16,305,0.05245901639344262
2021Q4,3,11,305,0.036065573770491806
2021Q4,4,15,305,0.04918032786885246
2021Q4,5,7,305,0.022950819672131147
2021Q4,6,11,305,0.036065573770491806
2021Q4,7,17,305,0.05573770491803279
2021Q4,8,8,305,0.02622950819672131
2021Q4,9,14,305,0.04590163934426229
2021Q4,10,4,305,0.013114754098360656
2021Q4,11,7,305,0.022950819672131147
2021Q4,12,5,305,0.01639344262295082
2021Q4,13,6,305,0.019672131147540985
2021Q4,14,3,305,0.009836065573770493
2021Q4,15,13,305,0.04262295081967213
2021Q4,16,5,305,0.01639344262295082
2021Q4,17,3,305,0.009836065573770493
2021Q4,18,6,305,0.019672131147540985
2021Q4,19,5,305,0.01639344262295082
2021Q4,20,7,305,0.022950819672131147
2021Q4,21,5,305,0.01639344262295082
2021Q4,22,10,305,0.03278688524590164
2021Q4,23,4,305,0.013114754098360656
2021Q4,24,6,305,0.019672131147540985
2021Q4,25,6,305,0.019672131147540985
2021Q4,27,5,305,0.01639344262295082
2021Q4,28,4,305,0.013114754098360656
2021Q4,29,2,305,0.006557377049180328
2021Q4,30,8,305,0.02622950819672131
2021Q4,31,2,305,0.006557377049180328
2021Q4,32,2,305,0.006557377049180328
2021Q4,34,6,305,0.019672131147540985
2021Q4,35,6,305,0.019672131147540985
2021Q4,36,5,305,0.01639344262295082
2021Q4,37,1,305,0.003278688524590164
2021Q4,39,2,305,0.006557377049180328
2021Q4,41,3,305,0.009836065573770493
2021Q4,42,6,305,0.019672131147540985
2021Q4,43,2,305,0.006557377049180328
2021Q4,44,4,305,0.013114754098360656
2021Q4,45,1,305,0.003278688524590164
2021Q4,48,7,305,0.022950819672131147
2021Q4,49,4,305,0.013114754098360656
2021Q4,50,3,305,0.009836065573770493
2021Q4,51,4,305,0.013114754098360656
2022Q1,0,25,265,0.09433962264150944
2022Q1,1,10,265,0.03773584905660377
2022Q1,2,16,265,0.06037735849056604
2022Q1,3,9,265,0.033962264150943396
2022Q1,4,5,265,0.018867924528301886
2022Q1,5,3,265,0.011320754716981131
2022Q1,6,6,265,0.022641509433962263
2022Q1,7,4,265,0.01509433962264151
2022Q1,8,7,265,0.026415094339622643
2022Q1,9,9,265,0.033962264150943396
2022Q1,10,14,265,0.052830188679245285
2022Q1,11,3,265,0.011320754716981131
2022Q1,13,15,265,0.05660377358490566
2022Q1,14,5,265,0.018867924528301886
2022Q1,15,3,265,0.011320754716981131
2022Q1,16,5,265,0.018867924528301886
2022Q1,17,2,265,0.007547169811320755
2022Q1,18,7,265,0.026415094339622643
2022Q1,19,13,265,0.04905660377358491
2022Q1,20,3,265,0.011320754716981131
2022Q1,21,2,265,0.007547169811320755
2022Q1,22,1,265,0.0037735849056603774
2022Q1,23,10,265,0.03773584905660377
2022Q1,24,1,265,0.0037735849056603774
2022Q1,25,6,265,0.022641509433962263
2022Q1,26,5,265,0.018867924528301886
2022Q1,27,5,265,0.018867924528301886
2022Q1,28,5,265,0.018867924528301886
2022Q1,30,6,265,0.022641509433962263
2022Q1,31,2,265,0.007547169811320755
2022Q1,32,4,265,0.01509433962264151
2022Q1,35,2,265,0.007547169811320755
2022Q1,36,4,265,0.01509433962264151
2022Q1,37,7,265,0.026415094339622643
2022Q1,38,1,265,0.0037735849056603774
2022Q1,39,5,265,0.018867924528301886
2022Q1,40,1,265,0.0037735849056603774
2022Q1,41,4,265,0.01509433962264151
2022Q1,42,2,265,0.007547169811320755
2022Q1,43,5,265,0.018867924528301886
2022Q1,44,1,265,0.0037735849056603774
2022Q1,45,2,265,0.007547169811320755
2022Q1,46,10,265,0.03773584905660377
2022Q1,47,1,265,0.0037735849056603774
2022Q1,48,6,265,0.022641509433962263
2022Q1,49,1,265,0.0037735849056603774
2022Q1,50,1,265,0.0037735849056603774
2022Q1,51,1,265,0.0037735849056603774
2022Q2,0,14,230,0.06086956521739131
2022Q2,1,6,230,0.02608695652173913
2022Q2,2,4,230,0.017391304347826087
2022Q2,3,11,230,0.04782608695652174
2022Q2,4,4,230,0.017391304347826087
2022Q2,5,11,230,0.04782608695652174
2022Q2,6,10,230,0.043478260869565216
2022Q2,7,8,230,0.034782608695652174
2022Q2,8,7,230,0.030434782608695653
2022Q2,9,3,230,0.013043478260869565
2022Q2,10,10,230,0.043478260869565216
2022Q2,11,9,230,0.0391304347826087
2022Q2,12,3,230,0.013043478260869565
2022Q2,13,11,230,0.04782608695652174
2022Q2,14,2,230,0.008695652173913044
2022Q2,15,7,230,0.030434782608695653
2022Q2,16,9,230,0.0391304347826087
2022Q2,17,3,230,0.013043478260869565
2022Q2,18,1,230,0.004347826086956522
2022Q2,19,7,230,0.030434782608695653
2022Q2,20,4,230,0.017391304347826087
2022Q2,23,7,230,0.030434782608695653
2022Q2,25,8,230,0.034782608695652174
2022Q2,26,2,230,0.008695652173913044
2022Q2,27,2,230,0.008695652173913044
2022Q2,28,2,230,0.008695652173913044
2022Q2,29,11,230,0.04782608695652174
2022Q2,30,2,230,0.008695652173913044
2022Q2,31,4,230,0.017391304347826087
2022Q2,33,5,230,0.021739130434782608
2022Q2,34,3,230,0.013043478260869565
2022Q2,35,4,230,0.017391304347826087
2022Q2,36,4,230,0.017391304347826087
2022Q2,37,4,230,0.017391304347826087
2022Q2,39,3,230,0.013043478260869565
2022Q2,40,3,230,0.013043478260869565
2022Q2,41,4,230,0.017391304347826087
2022Q2,42,4,230,0.017391304347826087
2022Q2,43,2,230,0.008695652173913044
2022Q2,44,3,230,0.013043478260869565
2022Q2,45,2,230,0.008695652173913044
2022Q2,46,1,230,0.004347826086956522
2022Q2,47,2,230,0.008695652173913044
2022Q2,48,1,230,0.004347826086956522
2022Q2,49,1,230,0.004347826086956522
2022Q2,50,2,230,0.008695652173913044
2022Q3,0,22,318,0.06918238993710692
2022Q3,1,21,318,0.0660377358490566
2022Q3,2,7,318,0.0220125786163522
2022Q3,3,10,318,0.031446540880503145
2022Q3,4,8,318,0.025157232704402517
2022Q3,5,9,318,0.02830188679245283
2022Q3,6,8,318,0.025157232704402517
2022Q3,7,7,318,0.0220125786163522
2022Q3,8,7,318,0.0220125786163522
2022Q3,9,7,318,0.0220125786163522
2022Q3,10,8,318,0.025157232704402517
2022Q3,11,9,318,0.02830188679245283
2022Q3,12,3,318,0.009433962264150943
2022Q3,13,11,318,0.03459119496855346
2022Q3,14,5,318,0.015723270440251572
2022Q3,15,11,318,0.03459119496855346
2022Q3,16,7,318,0.0220125786163522
2022Q3,17,15,318,0.04716981132075472
2022Q3,18,7,318,0.0220125786163522
2022Q3,19,5,318,0.015723270440251572
2022Q3,20,6,318,0.018867924528301886
2022Q3,21,9,318,0.02830188679245283
2022Q3,22,8,318,0.025157232704402517
2022Q3,23,10,318,0.031446540880503145
2022Q3,24,1,318,0.0031446540880503146
2022Q3,25,3,318,0.009433962264150943
2022Q3,26,2,318,0.006289308176100629
2022Q3,27,6,318,0.018867924528301886
2022Q3,28,5,318,0.015723270440251572
2022Q3,29,5,318,0.015723270440251572
2022Q3,30,8,318,0.025157232704402517
2022Q3,31,4,318,0.012578616352201259
2022Q3,32,5,318,0.015723270440251572
2022Q3,33,3,318,0.009433962264150943
2022Q3,34,9,318,0.02830188679245283
2022Q3,35,4,318,0.012578616352201259
2022Q3,36,2,318,0.006289308176100629
2022Q3,37,11,318,0.03459119496855346
2022Q3,38,3,318,0.009433962264150943
2022Q3,39,1,318,0.0031446540880503146
2022Q3,40,4,318,0.012578616352201259
2022Q3,41,1,318,0.0031446540880503146
2022Q3,42,4,318,0.012578616352201259
2022Q3,43,2,318,0.006289308176100629
2022Q3,44,4,318,0.012578616352201259
2022Q3,45,4,318,0.012578616352201259
2022Q3,47,1,318,0.0031446540880503146
2022Q3,48,2,318,0.006289308176100629
2022Q3,50,3,318,0.009433962264150943
2022Q3,51,1,318,0.0031446540880503146
2022Q4,0,20,312,0.0641025641025641
2022Q4,1,10,312,0.03205128205128205
2022Q4,2,16,312,0.05128205128205128
2022Q4,3,6,312,0.019230769230769232
2022Q4,4,11,312,0.035256410256410256
2022Q4,5,4,312,0.01282051282051282
2022Q4,6,3,312,0.009615384615384616
2022Q4,7,10,312,0.03205128205128205
2022Q4,8,8,312,0.02564102564102564
2022Q4,9,11,312,0.035256410256410256
2022Q4,10,5,312,0.016025641025641024
2022Q4,11,13,312,0.041666666666666664
2022Q4,12,17,312,0.05448717948717949
2022Q4,13,6,312,0.019230769230769232
2022Q4,14,5,312,0.016025641025641024
2022Q4,15,10,312,0.03205128205128205
2022Q4,16,7,312,0.022435897435897436
2022Q4,17,11,312,0.035256410256410256
2022Q4,18,19,312,0.060897435897435896
2022Q4,19,6,312,0.019230769230769232
2022Q4,20,5,312,0.016025641025641024
2022Q4,21,5,312,0.016025641025641024
2022Q4,22,2,312,0.00641025641025641
2022Q4,23,6,312,0.019230769230769232
2022Q4,24,4,312,0.01282051282051282
2022Q4,25,8,312,0.02564102564102564
2022Q4,26,1,312,0.003205128205128205
2022Q4,27,1,312,0.003205128205128205
2022Q4,28,4,312,0.01282051282051282
2022Q4,29,5,312,0.016025641025641024
2022Q4,30,7,312,0.022435897435897436
2022Q4,31,8,312,0.02564102564102564
2022Q4,32,3,312,0.009615384615384616
2022Q4,33,1,312,0.003205128205128205
2022Q4,34,4,312,0.01282051282051282
2022Q4,35,1,312,0.003205128205128205
2022Q4,36,3,312,0.009615384615384616
2022Q4,37,8,312,0.02564102564102564
2022Q4,38,7,312,0.022435897435897436
2022Q4,39,1,312,0.003205128205128205
2022Q4,41,2,312,0.00641025641025641
2022Q4,42,2,312,0.00641025641025641
2022Q4,43,5,312,0.016025641025641024
2022Q4,44,5,312,0.016025641025641024
2022Q4,45,2,312,0.00641025641025641
2022Q4,46,3,312,0.009615384615384616
2022Q4,47,5,312,0.016025641025641024
2022Q4,48,2,312,0.00641025641025641
2022Q4,49,1,312,0.003205128205128205
2022Q4,50,1,312,0.003205128205128205
2022Q4,51,2,312,0.00641025641025641
2023Q1,0,16,289,0.05536332179930796
2023Q1,1,18,289,0.06228373702422145
2023Q1,2,7,289,0.02422145328719723
2023Q1,3,10,289,0.03460207612456748
2023Q1,4,9,289,0.031141868512110725
2023Q1,5,8,289,0.02768166089965398
2023Q1,6,7,289,0.02422145328719723
2023Q1,7,7,289,0.02422145328719723
2023Q1,8,12,289,0.04152249134948097
2023Q1,9,4,289,0.01384083044982699
2023Q1,10,11,289,0.03806228373702422
2023Q1,11,5,289,0.01730103806228374
2023Q1,12,2,289,0.006920415224913495
2023Q1,13,11,289,0.03806228373702422
2023Q1,14,6,289,0.020761245674740483
2023Q1,15,6,289,0.020761245674740483
2023Q1,16,11,289,0.03806228373702422
2023Q1,17,7,289,0.02422145328719723
2023Q1,18,10,289,0.03460207612456748
2023Q1,19,12,289,0.04152249134948097
2023Q1,20,2,289,0.006920415224913495
2023Q1,21,5,289,0.01730103806228374
2023Q1,22,6,289,0.020761245674740483
2023Q1,23,15,289,0.05190311418685121
2023Q1,25,8,289,0.02768166089965398
2023Q1,26,5,289,0.01730103806228374
2023Q1,27,10,289,0.03460207612456748
2023Q1,28,2,289,0.006920415224913495
2023Q1,30,2,289,0.006920415224913495
2023Q1,31,1,289,0.0034602076124567475
2023Q1,32,2,289,0.006920415224913495
2023Q1,33,4,289,0.01384083044982699
2023Q1,34,5,289,0.01730103806228374
2023Q1,35,3,289,0.010380622837370242
2023Q1,36,5,289,0.01730103806228374
2023Q1,37,2,289,0.006920415224913495
2023Q1,38,1,289,0.0034602076124567475
2023Q1,39,3,289,0.010380622837370242
2023Q1,41,3,289,0.010380622837370242
2023Q1,42,5,289,0.01730103806228374
2023Q1,43,2,289,0.006920415224913495
2023Q1,44,2,289,0.006920415224913495
2023Q1,46,3,289,0.010380622837370242
2023Q1,47,3,289,0.010380622837370242
2023Q1,48,1,289,0.0034602076124567475
2023Q1,49,1,289,0.0034602076124567475
2023Q1,50,4,289,0.01384083044982699
2023Q1,51,5,289,0.01730103806228374
2023Q2,0,9,229,0.039301310043668124
2023Q2,1,15,229,0.06550218340611354
2023Q2,2,9,229,0.039301310043668124
2023Q2,3,2,229,0.008733624454148471
2023Q2,4,10,229,0.043668122270742356
2023Q2,5,11,229,0.048034934497816595
2023Q2,6,3,229,0.013100436681222707
2023Q2,7,4,229,0.017467248908296942
2023Q2,8,16,229,0.06986899563318777
2023Q2,9,4,229,0.017467248908296942
2023Q2,10,2,229,0.008733624454148471
2023Q2,11,5,229,0.021834061135371178
2023Q2,12,2,229,0.008733624454148471
2023Q2,13,4,229,0.017467248908296942
2023Q2,14,1,229,0.004366812227074236
2023Q2,15,3,229,0.013100436681222707
2023Q2,16,7,229,0.03056768558951965
2023Q2,17,4,229,0.017467248908296942
2023Q2,18,7,229,0.03056768558951965
2023Q2,19,6,229,0.026200873362445413
2023Q2,20,5,229,0.021834061135371178
2023Q2,21,2,229,0.008733624454148471
2023Q2,22,2,229,0.008733624454148471
2023Q2,23,5,229,0.021834061135371178
2023Q2,24,2,229,0.008733624454148471
2023Q2,25,1,229,0.004366812227074236
2023Q2,26,13,229,0.056768558951965066
2023Q2,27,3,229,0.013100436681222707
2023Q2,28,7,229,0.03056768558951965
2023Q2,29,5,229,0.021834061135371178
2023Q2,30,7,229,0.03056768558951965
2023Q2,31,2,229,0.008733624454148471
2023Q2,32,1,229,0.004366812227074236
2023Q2,33,6,229,0.026200873362445413
2023Q2,34,2,229,0.008733624454148471
2023Q2,36,7,229,0.03056768558951965
2023Q2,37,6,229,0.026200873362445413
2023Q2,38,1,229,0.004366812227074236
2023Q2,39,3,229,0.013100436681222707
2023Q2,40,1,229,0.004366812227074236
2023Q2,41,1,229,0.004366812227074236
2023Q2,42,3,229,0.013100436681222707
2023Q2,43,1,229,0.004366812227074236
2023Q2,44,2,229,0.008733624454148471
2023Q2,45,6,229,0.026200873362445413
2023Q2,46,1,229,0.004366812227074236
2023Q2,47,2,229,0.008733624454148471
2023Q2,48,3,229,0.013100436681222707
2023Q2,50,5,229,0.021834061135371178
2023Q3,0,20,237,0.08438818565400844
2023Q3,1,8,237,0.03375527426160337
2023Q3,2,11,237,0.046413502109704644
2023Q3,3,7,237,0.029535864978902954
2023Q3,4,5,237,0.02109704641350211
2023Q3,5,5,237,0.02109704641350211
2023Q3,6,6,237,0.02531645569620253
2023Q3,7,7,237,0.029535864978902954
2023Q3,8,7,237,0.029535864978902954
2023Q3,9,7,237,0.029535864978902954
2023Q3,10,7,237,0.029535864978902954
2023Q3,11,3,237,0.012658227848101266
2023Q3,12,1,237,0.004219409282700422
2023Q3,13,6,237,0.02531645569620253
2023Q3,14,3,237,0.012658227848101266
2023Q3,15,4,237,0.016877637130801686
2023Q3,16,4,237,0.016877637130801686
2023Q3,17,4,237,0.016877637130801686
2023Q3,18,2,237,0.008438818565400843
2023Q3,19,6,237,0.02531645569620253
2023Q3,20,4,237,0.016877637130801686
2023Q3,21,3,237,0.012658227848101266
2023Q3,22,12,237,0.05063291139240506
2023Q3,23,6,237,0.02531645569620253
2023Q3,24,2,237,0.008438818565400843
2023Q3,25,10,237,0.04219409282700422
2023Q3,26,3,237,0.012658227848101266
2023Q3,27,9,237,0.0379746835443038
2023Q3,28,2,237,0.008438818565400843
2023Q3,29,1,237,0.004219409282700422
2023Q3,30,6,237,0.02531645569620253
2023Q3,31,2,237,0.008438818565400843
2023Q3,32,8,237,0.03375527426160337
2023Q3,33,6,237,0.02531645569620253
2023Q3,34,2,237,0.008438818565400843
2023Q3,35,4,237,0.016877637130801686
2023Q3,37,11,237,0.046413502109704644
2023Q3,38,3,237,0.012658227848101266
2023Q3,39,2,237,0.008438818565400843
2023Q3,41,2,237,0.008438818565400843
2023Q3,42,2,237,0.008438818565400843
2023Q3,43,2,237,0.008438818565400843
2023Q3,44,2,237,0.008438818565400843
2023Q3,46,1,237,0.004219409282700422
2023Q3,48,2,237,0.008438818565400843
2023Q3,49,1,237,0.004219409282700422
2023Q3,50,4,237,0.016877637130801686
2023Q3,51,2,237,0.008438818565400843
2023Q4,0,14,248,0.056451612903225805
2023Q4,1,11,248,0.04435483870967742
2023Q4,2,14,248,0.056451612903225805
2023Q4,3,6,248,0.024193548387096774
2023Q4,4,2,248,0.008064516129032258
2023Q4,5,4,248,0.016129032258064516
2023Q4,6,10,248,0.04032258064516129
2023Q4,7,13,248,0.05241935483870968
2023Q4,8,4,248,0.016129032258064516
2023Q4,9,8,248,0.03225806451612903
2023Q4,10,6,248,0.024193548387096774
2023Q4,11,10,248,0.04032258064516129
2023Q4,12,12,248,0.04838709677419355
2023Q4,13,10,248,0.04032258064516129
2023Q4,14,12,248,0.04838709677419355
2023Q4,15,7,248,0.028225806451612902
2023Q4,16,5,248,0.020161290322580645
2023Q4,17,11,248,0.04435483870967742
2023Q4,19,2,248,0.008064516129032258
2023Q4,20,7,248,0.028225806451612902
2023Q4,21,1,248,0.004032258064516129
2023Q4,22,2,248,0.008064516129032258
2023Q4,23,13,248,0.05241935483870968
2023Q4,25,5,248,0.020161290322580645
2023Q4,26,1,248,0.004032258064516129
2023Q4,27,4,248,0.016129032258064516
2023Q4,28,2,248,0.008064516129032258
2023Q4,29,1,248,0.004032258064516129
2023Q4,31,4,248,0.016129032258064516
2023Q4,32,2,248,0.008064516129032258
2023Q4,33,3,248,0.012096774193548387
2023Q4,34,5,248,0.020161290322580645
2023Q4,35,4,248,0.016129032258064516
2023Q4,36,2,248,0.008064516129032258
2023Q4,37,3,248,0.012096774193548387
2023Q4,38,3,248,0.012096774193548387
2023Q4,39,1,248,0.004032258064516129
2023Q4,40,1,248,0.004032258064516129
2023Q4,41,4,248,0.016129032258064516
2023Q4,42,1,248,0.004032258064516129
2023Q4,43,2,248,0.008064516129032258
2023Q4,44,4,248,0.016129032258064516
2023Q4,45,2,248,0.008064516129032258
2023Q4,46,1,248,0.004032258064516129
2023Q4,47,4,248,0.016129032258064516
2023Q4,49,3,248,0.012096774193548387
2023Q4,50,1,248,0.004032258064516129
2023Q4,51,1,248,0.004032258064516129
2024Q1,0,11,242,0.045454545454545456
2024Q1,1,8,242,0.03305785123966942
2024Q1,2,19,242,0.07851239669421488
2024Q1,3,10,242,0.04132231404958678
2024Q1,4,10,242,0.04132231404958678
2024Q1,5,10,242,0.04132231404958678
2024Q1,6,8,242,0.03305785123966942
2024Q1,7,2,242,0.008264462809917356
2024Q1,8,7,242,0.028925619834710745
2024Q1,9,5,242,0.02066115702479339
2024Q1,10,12,242,0.049586776859504134
2024Q1,11,6,242,0.024793388429752067
2024Q1,12,9,242,0.0371900826446281
2024Q1,13,7,242,0.028925619834710745
2024Q1,14,7,242,0.028925619834710745
2024Q1,15,1,242,0.004132231404958678
2024Q1,16,10,242,0.04132231404958678
2024Q1,17,2,242,0.008264462809917356
2024Q1,18,2,242,0.008264462809917356
2024Q1,19,5,242,0.02066115702479339
2024Q1,20,3,242,0.012396694214876033
2024Q1,21,1,242,0.004132231404958678
2024Q1,22,7,242,0.028925619834710745
2024Q1,23,7,242,0.028925619834710745
2024Q1,24,2,242,0.008264462809917356
2024Q1,25,2,242,0.008264462809917356
2024Q1,26,1,242,0.004132231404958678
2024Q1,27,3,242,0.012396694214876033
2024Q1,28,2,242,0.008264462809917356
2024Q1,29,1,242,0.004132231404958678
2024Q1,30,1,242,0.004132231404958678
2024Q1,31,1,242,0.004132231404958678
2024Q1,32,1,242,0.004132231404958678
2024Q1,33,1,242,0.004132231404958678
2024Q1,34,1,242,0.004132231404958678
2024Q1,35,3,242,0.012396694214876033
2024Q1,36,6,242,0.024793388429752067
2024Q1,37,5,242,0.02066115702479339
2024Q1,38,2,242,0.008264462809917356
2024Q1,39,4,242,0.01652892561983471
2024Q1,40,1,242,0.004132231404958678
2024Q1,41,2,242,0.008264462809917356
2024Q1,42,11,242,0.045454545454545456
2024Q1,43,11,242,0.045454545454545456
2024Q1,44,4,242,0.01652892561983471
2024Q1,47,3,242,0.012396694214876033
2024Q1,50,2,242,0.008264462809917356
2024Q1,51,3,242,0.012396694214876033
2024Q2,0,10,177,0.05649717514124294
2024Q2,1,10,177,0.05649717514124294
2024Q2,2,8,177,0.04519774011299435
2024Q2,3,9,177,0.05084745762711865
2024Q2,4,3,177,0.01694915254237288
2024Q2,5,7,177,0.03954802259887006
2024Q2,6,3,177,0.01694915254237288
2024Q2,7,5,177,0.02824858757062147
2024Q2,8,3,177,0.01694915254237288
2024Q2,9,2,177,0.011299435028248588
2024Q2,10,6,177,0.03389830508474576
2024Q2,11,7,177,0.03954802259887006
2024Q2,12,4,177,0.022598870056497175
2024Q2,13,14,177,0.07909604519774012
2024Q2,14,5,177,0.02824858757062147
2024Q2,15,2,177,0.011299435028248588
2024Q2,17,5,177,0.02824858757062147
2024Q2,18,3,177,0.01694915254237288
2024Q2,19,6,177,0.03389830508474576
2024Q2,20,3,177,0.01694915254237288
2024Q2,21,6,177,0.03389830508474576
2024Q2,22,11,177,0.062146892655367235
2024Q2,23,2,177,0.011299435028248588
2024Q2,25,1,177,0.005649717514124294
2024Q2,26,1,177,0.005649717514124294
2024Q2,27,2,177,0.011299435028248588
2024Q2,28,2,177,0.011299435028248588
2024Q2,30,1,177,0.005649717514124294
2024Q2,31,2,177,0.011299435028248588
2024Q2,33,7,177,0.03954802259887006
2024Q2,36,2,177,0.011299435028248588
2024Q2,37,7,177,0.03954802259887006
2024Q2,38,2,177,0.011299435028248588
2024Q2,39,2,177,0.011299435028248588
2024Q2,40,1,177,0.005649717514124294
2024Q2,42,1,177,0.005649717514124294
2024Q2,44,1,177,0.005649717514124294
2024Q2,45,4,177,0.022598870056497175
2024Q2,47,1,177,0.005649717514124294
2024Q2,48,4,177,0.022598870056497175
2024Q2,49,1,177,0.005649717514124294
2024Q2,50,1,177,0.005649717514124294
2024Q3,0,26,178,0.14606741573033707
2024Q3,1,8,178,0.0449438202247191
2024Q3,2,8,178,0.0449438202247191
2024Q3,3,7,178,0.03932584269662921
2024Q3,4,2,178,0.011235955056179775
2024Q3,5,10,178,0.056179775280898875
2024Q3,6,3,178,0.016853932584269662
2024Q3,7,2,178,0.011235955056179775
2024Q3,8,11,178,0.06179775280898876
2024Q3,9,2,178,0.011235955056179775
2024Q3,10,2,178,0.011235955056179775
2024Q3,11,1,178,0.0056179775280898875
2024Q3,12,2,178,0.011235955056179775
2024Q3,13,5,178,0.028089887640449437
2024Q3,14,7,178,0.03932584269662921
2024Q3,15,1,178,0.0056179775280898875
2024Q3,16,13,178,0.07303370786516854
2024Q3,17,2,178,0.011235955056179775
2024Q3,18,1,178,0.0056179775280898875
2024Q3,20,2,178,0.011235955056179775
2024Q3,21,2,178,0.011235955056179775
2024Q3,22,4,178,0.02247191011235955
2024Q3,23,2,178,0.011235955056179775
2024Q3,24,2,178,0.011235955056179775
2024Q3,25,1,178,0.0056179775280898875
2024Q3,26,1,178,0.0056179775280898875
2024Q3,27,2,178,0.011235955056179775
2024Q3,28,5,178,0.028089887640449437
2024Q3,29,1,178,0.0056179775280898875
2024Q3,30,2,178,0.011235955056179775
2024Q3,31,1,178,0.0056179775280898875
2024Q3,32,3,178,0.016853932584269662
2024Q3,33,3,178,0.016853932584269662
2024Q3,34,2,178,0.011235955056179775
2024Q3,35,2,178,0.011235955056179775
2024Q3,36,1,178,0.0056179775280898875
2024Q3,37,3,178,0.016853932584269662
2024Q3,38,1,178,0.0056179775280898875
2024Q3,40,8,178,0.0449438202247191
2024Q3,41,2,178,0.011235955056179775
2024Q3,42,4,178,0.02247191011235955
2024Q3,43,3,178,0.016853932584269662
2024Q3,44,2,178,0.011235955056179775
2024Q3,46,1,178,0.0056179775280898875
2024Q3,48,1,178,0.0056179775280898875
2024Q3,49,1,178,0.0056179775280898875
2024Q3,50,1,178,0.0056179775280898875
2024Q3,51,2,178,0.011235955056179775
2024Q4,0,10,150,0.06666666666666667
2024Q4,1,5,150,0.03333333333333333
2024Q4,2,7,150,0.04666666666666667
2024Q4,3,2,150,0.013333333333333334
2024Q4,4,2,150,0.013333333333333334
2024Q4,5,1,150,0.006666666666666667
2024Q4,6,2,150,0.013333333333333334
2024Q4,7,9,150,0.06
2024Q4,8,4,150,0.02666666666666667
2024Q4,9,2,150,0.013333333333333334
2024Q4,10,2,150,0.013333333333333334
2024Q4,11,7,150,0.04666666666666667
2024Q4,12,6,150,0.04
2024Q4,13,3,150,0.02
2024Q4,14,7,150,0.04666666666666667
2024Q4,15,1,150,0.006666666666666667
2024Q4,16,1,150,0.006666666666666667
2024Q4,17,3,150,0.02
2024Q4,18,5,150,0.03333333333333333
2024Q4,19,2,150,0.013333333333333334
2024Q4,20,1,150,0.006666666666666667
2024Q4,21,1,150,0.006666666666666667
2024Q4,22,13,150,0.08666666666666667
2024Q4,23,2,150,0.013333333333333334
2024Q4,25,5,150,0.03333333333333333
2024Q4,27,4,150,0.02666666666666667
2024Q4,28,7,150,0.04666666666666667
2024Q4,29,2,150,0.013333333333333334
2024Q4,30,2,150,0.013333333333333334
2024Q4,31,1,150,0.006666666666666667
2024Q4,32,2,150,0.013333333333333334
2024Q4,33,1,150,0.006666666666666667
2024Q4,34,1,150,0.006666666666666667
2024Q4,37,8,150,0.05333333333333334
2024Q4,39,3,150,0.02
2024Q4,40,1,150,0.006666666666666667
2024Q4,41,3,150,0.02
2024Q4,42,2,150,0.013333333333333334
2024Q4,44,1,150,0.006666666666666667
2024Q4,45,2,150,0.013333333333333334
2024Q4,46,1,150,0.006666666666666667
2024Q4,48,2,150,0.013333333333333334
2024Q4,50,1,150,0.006666666666666667
2024Q4,51,3,150,0.02
2025Q1,0,3,145,0.020689655172413793
2025Q1,1,8,145,0.05517241379310345
2025Q1,2,10,145,0.06896551724137931
2025Q1,3,9,145,0.06206896551724138
2025Q1,4,2,145,0.013793103448275862
2025Q1,5,6,145,0.041379310344827586
2025Q1,6,9,145,0.06206896551724138
2025Q1,7,7,145,0.04827586206896552
2025Q1,8,4,145,0.027586206896551724
2025Q1,9,3,145,0.020689655172413793
2025Q1,10,2,145,0.013793103448275862
2025Q1,11,4,145,0.027586206896551724
2025Q1,12,2,145,0.013793103448275862
2025Q1,13,3,145,0.020689655172413793
2025Q1,14,1,145,0.006896551724137931
2025Q1,15,5,145,0.034482758620689655
2025Q1,16,2,145,0.013793103448275862
2025Q1,17,1,145,0.006896551724137931
2025Q1,18,3,145,0.020689655172413793
2025Q1,20,3,145,0.020689655172413793
2025Q1,21,1,145,0.006896551724137931
2025Q1,22,3,145,0.020689655172413793
2025Q1,23,2,145,0.013793103448275862
2025Q1,24,1,145,0.006896551724137931
2025Q1,25,5,145,0.034482758620689655
2025Q1,26,3,145,0.020689655172413793
2025Q1,27,4,145,0.027586206896551724
2025Q1,28,2,145,0.013793103448275862
2025Q1,29,1,145,0.006896551724137931
2025Q1,31,3,145,0.020689655172413793
2025Q1,32,3,145,0.020689655172413793
2025Q1,34,4,145,0.027586206896551724
2025Q1,35,2,145,0.013793103448275862
2025Q1,36,1,145,0.006896551724137931
2025Q1,37,1,145,0.006896551724137931
2025Q1,39,2,145,0.013793103448275862
2025Q1,40,2,145,0.013793103448275862
2025Q1,41,1,145,0.006896551724137931
2025Q1,42,3,145,0.020689655172413793
2025Q1,43,1,145,0.006896551724137931
2025Q1,45,1,145,0.006896551724137931
2025Q1,46,1,145,0.006896551724137931
2025Q1,47,3,145,0.020689655172413793
2025Q1,49,7,145,0.04827586206896552
2025Q1,51,1,145,0.006896551724137931
2025Q2,0,3,103,0.02912621359223301
2025Q2,1,8,103,0.07766990291262135
2025Q2,2,6,103,0.05825242718446602
2025Q2,3,4,103,0.038834951456310676
2025Q2,4,2,103,0.019417475728155338
2025Q2,6,3,103,0.02912621359223301
2025Q2,7,2,103,0.019417475728155338
2025Q2,8,4,103,0.038834951456310676
2025Q2,9,2,103,0.019417475728155338
2025Q2,10,4,103,0.038834951456310676
2025Q2,11,1,103,0.009708737864077669
2025Q2,12,11,103,0.10679611650485436
2025Q2,14,6,103,0.05825242718446602
2025Q2,15,5,103,0.04854368932038835
2025Q2,16,1,103,0.009708737864077669
2025Q2,17,3,103,0.02912621359223301
2025Q2,18,2,103,0.019417475728155338
2025Q2,19,1,103,0.009708737864077669
2025Q2,20,3,103,0.02912621359223301
2025Q2,22,1,103,0.009708737864077669
2025Q2,23,4,103,0.038834951456310676
2025Q2,24,1,103,0.009708737864077669
2025Q2,25,2,103,0.019417475728155338
2025Q2,27,1,103,0.009708737864077669
2025Q2,28,1,103,0.009708737864077669
2025Q2,31,2,103,0.019417475728155338
2025Q2,32,2,103,0.019417475728155338
2025Q2,33,2,103,0.019417475728155338
2025Q2,34,1,103,0.009708737864077669
2025Q2,35,2,103,0.019417475728155338
2025Q2,36,1,103,0.009708737864077669
2025Q2,37,2,103,0.019417475728155338
2025Q2,39,1,103,0.009708737864077669
2025Q2,41,1,103,0.009708737864077669
2025Q2,42,1,103,0.009708737864077669
2025Q2,43,2,103,0.019417475728155338
2025Q2,47,1,103,0.009708737864077669
2025Q2,48,3,103,0.02912621359223301
2025Q2,50,1,103,0.009708737864077669
2025Q3,0,6,98,0.061224489795918366
2025Q3,1,5,98,0.05102040816326531
2025Q3,2,6,98,0.061224489795918366
2025Q3,3,1,98,0.01020408163265306
2025Q3,5,1,98,0.01020408163265306
2025Q3,6,6,98,0.061224489795918366
2025Q3,7,5,98,0.05102040816326531
2025Q3,9,7,98,0.07142857142857142
2025Q3,10,1,98,0.01020408163265306
2025Q3,11,2,98,0.02040816326530612
2025Q3,12,3,98,0.030612244897959183
2025Q3,13,1,98,0.01020408163265306
2025Q3,14,2,98,0.02040816326530612
2025Q3,15,4,98,0.04081632653061224
2025Q3,16,3,98,0.030612244897959183
2025Q3,17,1,98,0.01020408163265306
2025Q3,18,1,98,0.01020408163265306
2025Q3,19,1,98,0.01020408163265306
2025Q3,20,4,98,0.04081632653061224
2025Q3,22,3,98,0.030612244897959183
2025Q3,23,1,98,0.01020408163265306
2025Q3,24,2,98,0.02040816326530612
2025Q3,27,1,98,0.01020408163265306
2025Q3,28,1,98,0.01020408163265306
2025Q3,29,1,98,0.01020408163265306
2025Q3,30,1,98,0.01020408163265306
2025Q3,31,1,98,0.01020408163265306
2025Q3,32,1,98,0.01020408163265306
2025Q3,34,2,98,0.02040816326530612
2025Q3,35,1,98,0.01020408163265306
2025Q3,36,3,98,0.030612244897959183
2025Q3,37,2,98,0.02040816326530612
2025Q3,39,4,98,0.04081632653061224
2025Q3,40,2,98,0.02040816326530612
2025Q3,41,2,98,0.02040816326530612
2025Q3,42,3,98,0.030612244897959183
2025Q3,44,2,98,0.02040816326530612
2025Q3,45,1,98,0.01020408163265306
2025Q3,46,1,98,0.01020408163265306
2025Q3,48,2,98,0.02040816326530612
2025Q3,50,1,98,0.01020408163265306
2025Q4,0,2,104,0.019230769230769232
2025Q4,1,7,104,0.0673076923076923
2025Q4,2,2,104,0.019230769230769232
2025Q4,3,5,104,0.04807692307692308
2025Q4,4,2,104,0.019230769230769232
2025Q4,5,3,104,0.028846153846153848
2025Q4,6,3,104,0.028846153846153848
2025Q4,7,8,104,0.07692307692307693
2025Q4,9,9,104,0.08653846153846154
2025Q4,10,5,104,0.04807692307692308
2025Q4,11,2,104,0.019230769230769232
2025Q4,12,7,104,0.0673076923076923
2025Q4,13,3,104,0.028846153846153848
2025Q4,14,3,104,0.028846153846153848
2025Q4,15,3,104,0.028846153846153848
2025Q4,16,2,104,0.019230769230769232
2025Q4,18,8,104,0.07692307692307693
2025Q4,19,2,104,0.019230769230769232
2025Q4,20,5,104,0.04807692307692308
2025Q4,23,2,104,0.019230769230769232
2025Q4,27,1,104,0.009615384615384616
2025Q4,29,2,104,0.019230769230769232
2025Q4,36,1,104,0.009615384615384616
2025Q4,37,1,104,0.009615384615384616
2025Q4,38,5,104,0.04807692307692308
2025Q4,39,1,104,0.009615384615384616
2025Q4,40,1,104,0.009615384615384616
2025Q4,41,1,104,0.009615384615384616
2025Q4,42,2,104,0.019230769230769232
2025Q4,45,2,104,0.019230769230769232
2025Q4,47,1,104,0.009615384615384616
2025Q4,48,3,104,0.028846153846153848
2026Q1,0,4,65,0.06153846153846154
2026Q1,1,6,65,0.09230769230769231
2026Q1,2,3,65,0.046153846153846156
2026Q1,3,3,65,0.046153846153846156
2026Q1,5,3,65,0.046153846153846156
2026Q1,6,2,65,0.03076923076923077
2026Q1,7,1,65,0.015384615384615385
2026Q1,9,3,65,0.046153846153846156
2026Q1,10,1,65,0.015384615384615385
2026Q1,11,3,65,0.046153846153846156
2026Q1,12,3,65,0.046153846153846156
2026Q1,13,4,65,0.06153846153846154
2026Q1,14,4,65,0.06153846153846154
2026Q1,15,5,65,0.07692307692307693
2026Q1,16,1,65,0.015384615384615385
2026Q1,20,3,65,0.046153846153846156
2026Q1,24,1,65,0.015384615384615385
2026Q1,26,1,65,0.015384615384615385
2026Q1,27,2,65,0.03076923076923077
2026Q1,32,1,65,0.015384615384615385
2026Q1,35,2,65,0.03076923076923077
2026Q1,36,2,65,0.03076923076923077
2026Q1,37,1,65,0.015384615384615385
2026Q1,41,1,65,0.015384615384615385
2026Q1,44,1,65,0.015384615384615385
2026Q1,46,1,65,0.015384615384615385
2026Q1,48,2,65,0.03076923076923077
2026Q1,49,1,65,0.015384615384615385
2026Q2,0,5,50,0.1
2026Q2,1,2,50,0.04
2026Q2,2,6,50,0.12
2026Q2,3,3,50,0.06
2026Q2,5,2,50,0.04
2026Q2,7,3,50,0.06
2026Q2,9,2,50,0.04
2026Q2,10,2,50,0.04
2026Q2,11,3,50,0.06
2026Q2,13,1,50,0.02
2026Q2,15,3,50,0.06
2026Q2,16,4,50,0.08
2026Q2,18,1,50,0.02
2026Q2,19,1,50,0.02
2026Q2,20,1,50,0.02
2026Q2,22,1,50,0.02
2026Q2,26,1,50,0.02
2026Q2,27,1,50,0.02
2026Q2,29,1,50,0.02
2026Q2,30,2,50,0.04
2026Q2,32,1,50,0.02
2026Q2,36,1,50,0.02
2026Q2,38,1,50,0.02
2026Q2,42,1,50,0.02
2026Q2,44,1,50,0.02
